Method 'SystemVoidCosmosSystemKernelStart', ID = '0'
Method 'SystemVoidCosmosIL2CPURuntimeEngineInitializeApplication', ID = '1'
Method 'SystemVoidCosmosIL2CPURuntimeEngineFinalizeApplicationSystemInt32', ID = '2'
Method 'SystemBooleanCosmosCoreVTablesImplIsInstanceSystemUInt32SystemUInt32SystemBoolean', ID = '3'
Method 'SystemVoidCosmosCoreVTablesImplSetTypeInfoSystemInt32SystemUInt32SystemUInt32SystemUInt32SystemUInt32arraySystemUInt32SystemUInt32arraySystemUInt32arraySystemUInt32Syst2350FF37540DB026AD8A0FEF8931DCAC', ID = '4'
Method 'SystemVoidCosmosCoreVTablesImplSetInterfaceInfoSystemInt32SystemInt32SystemUInt32', ID = '5'
Method 'SystemVoidCosmosCoreVTablesImplSetMethodInfoSystemInt32SystemInt32SystemUInt32SystemUInt32', ID = '6'
Method 'SystemVoidCosmosCoreVTablesImplSetInterfaceMethodInfoSystemInt32SystemInt32SystemUInt32SystemUInt32', ID = '7'
Method 'SystemUInt32CosmosCoreVTablesImplGetMethodAddressForTypeSystemUInt32SystemUInt32', ID = '8'
Method 'SystemUInt32CosmosCoreVTablesImplGetMethodAddressForInterfaceTypeSystemUInt32SystemUInt32', ID = '9'
Method 'SystemUInt32CosmosCoreVTablesImplGetDeclaringTypeOfMethodForTypeSystemUInt32SystemUInt32', ID = '10'
Method 'SystemVoidCosmosCoreGCImplementationInit', ID = '11'
Method 'SystemVoidCosmosCoreGCImplementationIncRootCountSystemUInt16pointer', ID = '12'
Method 'SystemVoidCosmosCoreGCImplementationIncRootCountsInStructSystemUInt16pointerSystemUInt32', ID = '13'
Method 'SystemVoidCosmosCoreGCImplementationDecRootCountSystemUInt16pointer', ID = '14'
Method 'SystemVoidCosmosCoreGCImplementationDecRootCountsInStructSystemUInt16pointerSystemUInt32', ID = '15'
Method 'SystemUInt32CosmosCoreGCImplementationAllocNewObjectSystemUInt32', ID = '16'
Method 'SystemVoidCosmosIL2CPUExceptionHelperThrowNotImplementedSystemString', ID = '17'
Method 'SystemVoidCosmosIL2CPUExceptionHelperThrowOverflow', ID = '18'
Method 'SystemVoidCosmosIL2CPUExceptionHelperThrowInvalidOperationSystemString', ID = '19'
Method 'SystemVoidCosmosIL2CPUExceptionHelperThrowArgumentOutOfRangeSystemString', ID = '20'
Method 'SystemVoidSystemArrayctor', ID = '23'
Method 'SystemDelegatearraySystemMulticastDelegateGetInvocationList', ID = '24'
Method 'SystemVoidCosmosIL2CPUExceptionHelperThrowInvalidCastException', ID = '26'
Method 'SystemVoidCosmosIL2CPUExceptionHelperThrowNotFiniteNumberExceptionSystemDouble', ID = '27'
Method 'SystemVoidCosmosIL2CPUExceptionHelperThrowDivideByZeroException', ID = '28'
Method 'SystemVoidCosmosIL2CPUExceptionHelperThrowIndexOutOfRangeException', ID = '29'
Method 'SystemVoidCosmosKernel1Kernelctor', ID = '30'
Method 'SystemVoidCosmosDebugKernelDebuggerSendSystemString', ID = '35'
Method 'SystemVoidCosmosHALBootstrapInit', ID = '39'
Method 'SystemVoidCosmosSystemKernelOnBoot', ID = '40'
Method 'SystemVoidCosmosSystemKernelBeforeRun', ID = '41'
Method 'SystemVoidCosmosHALGlobalEnableInterrupts', ID = '42'
Method 'SystemVoidCosmosSystemKernelAfterRun', ID = '44'
Method 'SystemVoidCosmosIL2CPURuntimeEngineInitializeEngine', ID = '48'
Method 'SystemVoidCosmosIL2CPURuntimeEngineHeap_Initialize', ID = '49'
Method 'SystemVoidCosmosIL2CPURuntimeEngineFinalizeEngine', ID = '51'
Method 'SystemVoidCosmosIL2CPURuntimeEngineExitProcessSystemInt32', ID = '52'
Method 'SystemVoidCosmosCoreVTablesImplDebugSystemString', ID = '58'
Method 'SystemVoidCosmosCoreVTablesImplDebugHexSystemStringSystemUInt32', ID = '59'
Method 'SystemVoidCosmosCoreVTablesImplDebugAndHaltSystemString', ID = '63'
Method 'SystemVoidCosmosDebugKernelPlugsAsmDebuggerAsmSendKernelPanicSystemUInt32', ID = '65'
Method 'CosmosCoreRawMemoryMapBlockpointerCosmosCoreCPUGetLargestMemoryBlock', ID = '69'
Method 'SystemVoidCosmosCoreMemoryRATInitSystemBytepointerSystemUInt32', ID = '74'
Method 'CosmosCoreMemoryRATPageTypeCosmosCoreMemoryRATGetPageTypeSystemVoidpointer', ID = '76'
Method 'SystemUInt32CosmosCoreVTablesImplGetGCFieldCountSystemUInt32', ID = '77'
Method 'SystemUInt32arrayCosmosCoreVTablesImplGetGCFieldOffsetsSystemUInt32', ID = '78'
Method 'SystemUInt32arrayCosmosCoreVTablesImplGetGCFieldTypesSystemUInt32', ID = '79'
Method 'SystemBooleanCosmosCoreVTablesImplIsStructSystemUInt32', ID = '80'
Method 'SystemBytepointerCosmosCoreMemoryHeapAllocSystemUInt32', ID = '81'
Method 'SystemVoidSystemNotImplementedExceptionctorSystemString', ID = '83'
Method 'SystemVoidSystemOverflowExceptionctorSystemString', ID = '84'
Method 'SystemVoidSystemInvalidOperationExceptionctorSystemString', ID = '85'
Method 'SystemVoidSystemArgumentOutOfRangeExceptionctorSystemString', ID = '86'
Method 'SystemDelegatearraySystemDelegateGetInvocationList', ID = '97'
Method 'SystemInt32SystemIntPtrop_ExplicitSystemIntPtr', ID = '100'
Method 'SystemVoidSystemInvalidCastExceptionctor', ID = '101'
Method 'SystemVoidSystemNotFiniteNumberExceptionctorSystemDouble', ID = '103'
Method 'SystemVoidSystemDivideByZeroExceptionctor', ID = '104'
Method 'SystemVoidSystemIndexOutOfRangeExceptionctor', ID = '105'
Method 'SystemVoidCosmosSystemKernelctor', ID = '107'
Method 'SystemVoidCosmosSystemGlobalcctor', ID = '110'
Method 'SystemVoidCosmosCore_PlugsSystemExceptionImplCtorSystemString', ID = '113'
Method 'SystemVoidCosmosCoreBootstrapInit', ID = '121'
Method 'CosmosHALTextScreenBaseCosmosSystemKernelGetTextScreen', ID = '122'
Method 'SystemVoidCosmosSystemGlobalInitCosmosHALTextScreenBaseSystemBooleanSystemBooleanSystemBooleanSystemBoolean', ID = '123'
Method 'SystemVoidCosmosKernel1KernelBeforeRun', ID = '124'
Method 'SystemVoidCosmosCoreCPUEnableInterrupts', ID = '126'
Method 'SystemVoidCosmosKernel1KernelRun', ID = '127'
Method 'SystemVoidCosmosSystem_PlugsSystemConsoleImplWriteLineSystemString', ID = '129'
Method 'SystemStringSystemValueTypeToString', ID = '130'
Method 'SystemStringSystemStringToString', ID = '131'
Method 'SystemStringSystemBooleanToString', ID = '134'
Method 'SystemStringSystemCharToString', ID = '137'
Method 'SystemStringCosmosCore_PlugsSystemObjectImplToString', ID = '138'
Method 'SystemVoidSystemBooleancctor', ID = '189'
Method 'SystemVoidCosmosCoreVTablesImplcctor', ID = '192'
Method 'SystemVoidCosmosDebugKernelDebuggerSendNumberSystemUInt32', ID = '194'
Method 'SystemCollectionsGenericIEnumerator1SystemUInt32SystemSZArrayHelperGetEnumeratorSystemUInt32', ID = '195'
Method 'SystemVoidSystemSZArrayHelperCopyToSystemUInt32SystemUInt32arraySystemInt32', ID = '196'
Method 'SystemInt32SystemSZArrayHelperget_CountSystemUInt32', ID = '197'
Method 'SystemUInt32SystemSZArrayHelperget_ItemSystemUInt32SystemInt32', ID = '198'
Method 'SystemVoidSystemSZArrayHelperset_ItemSystemUInt32SystemInt32SystemUInt32', ID = '199'
Method 'SystemVoidSystemSZArrayHelperAddSystemUInt32SystemUInt32', ID = '200'
Method 'SystemBooleanSystemSZArrayHelperContainsSystemUInt32SystemUInt32', ID = '201'
Method 'SystemBooleanSystemSZArrayHelperget_IsReadOnlySystemUInt32', ID = '202'
Method 'SystemVoidSystemSZArrayHelperClearSystemUInt32', ID = '203'
Method 'SystemInt32SystemSZArrayHelperIndexOfSystemUInt32SystemUInt32', ID = '204'
Method 'SystemVoidSystemSZArrayHelperInsertSystemUInt32SystemInt32SystemUInt32', ID = '205'
Method 'SystemBooleanSystemSZArrayHelperRemoveSystemUInt32SystemUInt32', ID = '206'
Method 'SystemVoidSystemSZArrayHelperRemoveAtSystemUInt32SystemInt32', ID = '207'
Method 'SystemVoidCosmosDebugKernelPlugsAsmDebuggerAsmDoBochsBreak', ID = '215'
Method 'SystemVoidCosmosCoreGCImplementationcctor', ID = '216'
Method 'SystemBooleanCosmosCoreMultiboot2MemoryMapExists', ID = '219'
Method 'CosmosCoreMultiboot2Mb2TagMemoryMappointerCosmosCoreMultiboot2get_MemoryMap', ID = '220'
Method 'SystemUInt32CosmosCore_AsmCPUImplGetEndOfKernel', ID = '223'
Method 'SystemVoidCosmosCoreMemoryHeapInit', ID = '233'
Method 'SystemUInt32CosmosCoreMemoryRATGetFirstRATIndexSystemVoidpointer', ID = '236'
Method 'SystemBooleanCosmosCoreCPUDisableInterrupts', ID = '238'
Method 'SystemBytepointerCosmosCoreMemoryHeapSmallAllocSystemUInt16', ID = '241'
Method 'SystemBytepointerCosmosCoreMemoryHeapMediumAllocSystemUInt32', ID = '242'
Method 'SystemBytepointerCosmosCoreMemoryHeapLargeAllocSystemUInt32CosmosCoreMemoryRATPageType', ID = '243'
Method 'SystemVoidSystemSystemExceptionctorSystemString', ID = '245'
Method 'SystemVoidSystemExceptionset_HResultSystemInt32', ID = '246'
Method 'SystemVoidSystemArithmeticExceptionctorSystemString', ID = '248'
Method 'SystemStringSystemPrivateCoreLibSystemSRget_Arg_ArgumentOutOfRangeException', ID = '251'
Method 'SystemVoidSystemArgumentExceptionctorSystemStringSystemString', ID = '252'
Method 'SystemVoidCosmosCore_PlugsSystemObjectImplCtor', ID = '253'
Method 'SystemCollectionsGenericIEnumerator1SystemDelegateSystemSZArrayHelperGetEnumeratorSystemDelegate', ID = '256'
Method 'SystemVoidSystemSZArrayHelperCopyToSystemDelegateSystemDelegatearraySystemInt32', ID = '257'
Method 'SystemInt32SystemSZArrayHelperget_CountSystemDelegate', ID = '258'
Method 'SystemDelegateSystemSZArrayHelperget_ItemSystemDelegateSystemInt32', ID = '259'
Method 'SystemVoidSystemSZArrayHelperset_ItemSystemDelegateSystemInt32SystemDelegate', ID = '260'
Method 'SystemVoidSystemSZArrayHelperAddSystemDelegateSystemDelegate', ID = '261'
Method 'SystemBooleanSystemSZArrayHelperContainsSystemDelegateSystemDelegate', ID = '262'
Method 'SystemBooleanSystemSZArrayHelperget_IsReadOnlySystemDelegate', ID = '263'
Method 'SystemVoidSystemSZArrayHelperClearSystemDelegate', ID = '264'
Method 'SystemInt32SystemSZArrayHelperIndexOfSystemDelegateSystemDelegate', ID = '265'
Method 'SystemVoidSystemSZArrayHelperInsertSystemDelegateSystemInt32SystemDelegate', ID = '266'
Method 'SystemBooleanSystemSZArrayHelperRemoveSystemDelegateSystemDelegate', ID = '267'
Method 'SystemVoidSystemSZArrayHelperRemoveAtSystemDelegateSystemInt32', ID = '268'
Method 'SystemCollectionsGenericIEnumerator1SystemObjectSystemSZArrayHelperGetEnumeratorSystemObject', ID = '275'
Method 'SystemVoidSystemSZArrayHelperCopyToSystemObjectSystemObjectarraySystemInt32', ID = '276'
Method 'SystemInt32SystemSZArrayHelperget_CountSystemObject', ID = '277'
Method 'SystemObjectSystemSZArrayHelperget_ItemSystemObjectSystemInt32', ID = '278'
Method 'SystemVoidSystemSZArrayHelperset_ItemSystemObjectSystemInt32SystemObject', ID = '279'
Method 'SystemVoidSystemSZArrayHelperAddSystemObjectSystemObject', ID = '280'
Method 'SystemBooleanSystemSZArrayHelperContainsSystemObjectSystemObject', ID = '281'
Method 'SystemBooleanSystemSZArrayHelperget_IsReadOnlySystemObject', ID = '282'
Method 'SystemVoidSystemSZArrayHelperClearSystemObject', ID = '283'
Method 'SystemInt32SystemSZArrayHelperIndexOfSystemObjectSystemObject', ID = '284'
Method 'SystemVoidSystemSZArrayHelperInsertSystemObjectSystemInt32SystemObject', ID = '285'
Method 'SystemBooleanSystemSZArrayHelperRemoveSystemObjectSystemObject', ID = '286'
Method 'SystemVoidSystemSZArrayHelperRemoveAtSystemObjectSystemInt32', ID = '287'
Method 'SystemStringSystemPrivateCoreLibSystemSRget_Arg_InvalidCastException', ID = '295'
Method 'SystemVoidSystemArithmeticExceptionctor', ID = '321'
Method 'SystemStringSystemPrivateCoreLibSystemSRget_Arg_DivideByZero', ID = '323'
Method 'SystemStringSystemPrivateCoreLibSystemSRget_Arg_IndexOutOfRangeException', ID = '325'
Method 'SystemVoidCosmosDebugKernelDebuggerctorSystemStringSystemString', ID = '327'
Method 'CosmosDebugKernelDebuggerCosmosDebugKernelDebuggerFactoryCreateDebuggerSystemStringSystemString', ID = '328'
Method 'SystemVoidCosmosDebugKernelPlugsAsmDebuggerAsmDoSendSystemString', ID = '330'
Method 'SystemVoidCosmosCoreMultiboot2Init', ID = '363'
Method 'SystemVoidCosmosCoreINTsDummy', ID = '364'
Method 'SystemVoidCosmosCorePICctor', ID = '365'
Method 'SystemVoidCosmosSystemConsolectorCosmosHALTextScreenBase', ID = '371'
Method 'SystemVoidCosmosHALGlobalInitCosmosHALTextScreenBaseSystemBooleanSystemBooleanSystemBooleanSystemBoolean', ID = '373'
Method 'SystemVoidCosmosSystemNetworkNetworkStackInit', ID = '374'
Method 'SystemVoidCosmosSystemGlobalset_NumLockSystemBoolean', ID = '375'
Method 'SystemVoidCosmosSystemGlobalset_CapsLockSystemBoolean', ID = '376'
Method 'SystemVoidCosmosSystemGlobalset_ScrollLockSystemBoolean', ID = '377'
Method 'SystemVoidCosmosSystemFileSystemCosmosVFSctor', ID = '378'
Method 'SystemVoidCosmosSystemFileSystemVFSVFSManagerRegisterVFSCosmosSystemFileSystemVFSVFSBaseSystemBooleanSystemBoolean', ID = '379'
Method 'SystemVoidCosmosHALGlobalcctor', ID = '380'
Method 'SystemUInt32CosmosKernel1PrivateImplementationDetailsComputeStringHashSystemString', ID = '386'
Method 'SystemBooleanSystemStringop_EqualitySystemStringSystemString', ID = '387'
Method 'SystemVoidCosmosKernel1KernelMostrarAyuda', ID = '388'
Method 'SystemVoidCosmosKernel1KernelMostrarInformacion', ID = '389'
Method 'SystemVoidCosmosKernel1KernelReiniciarSistema', ID = '390'
Method 'SystemVoidCosmosKernel1KernelApagarSistema', ID = '391'
Method 'SystemVoidCosmosKernel1KernelListarArchivos', ID = '392'
Method 'SystemVoidCosmosKernel1KernelCrearArchivo', ID = '393'
Method 'SystemVoidCosmosKernel1KernelEliminarArchivo', ID = '394'
Method 'SystemVoidCosmosKernel1KernelReproducirAudio', ID = '395'
Method 'SystemVoidSystemConsolecctor', ID = '396'
Method 'SystemStringSystemEnvironmentget_NewLine', ID = '398'
Method 'SystemStringSystemStringConcatSystemStringSystemString', ID = '399'
Method 'SystemVoidCosmosSystem_PlugsSystemConsoleImplWriteSystemString', ID = '400'
Method 'SystemStringCosmosSystem_PlugsSystemInt32ImplToString', ID = '402'
Method 'SystemStringCosmosSystem_PlugsSystemUInt32ImplToString', ID = '403'
Method 'SystemStringCosmosSystem_PlugsSystemDoubleImplToString', ID = '404'
Method 'SystemStringCosmosCore_PlugsSystemExceptionImplToString', ID = '405'
Method 'SystemStringSystemCharToStringSystemChar', ID = '406'
Method 'SystemUInt32arrayInternalRuntimeCompilerServicesUnsafeAsSystemUInt32arraySystemObject', ID = '412'
Method 'SystemVoidSystemSZGenericArrayEnumerator1SystemUInt32ctorSystemUInt32array', ID = '413'
Method 'SystemVoidSystemThrowHelperThrowArgumentOutOfRange_IndexException', ID = '417'
Method 'SystemVoidSystemThrowHelperThrowNotSupportedExceptionSystemExceptionResource', ID = '418'
Method 'SystemInt32SystemArrayIndexOfSystemUInt32SystemUInt32arraySystemUInt32SystemInt32SystemInt32', ID = '419'
Method 'SystemCollectionsGenericIEnumerator1SystemUInt32CosmosIL2CPUSZArrayImpl1SystemUInt32GetEnumerator', ID = '420'
Method 'SystemVoidCosmosIL2CPUSZArrayImpl1SystemUInt32CopyToSystemUInt32arraySystemInt32', ID = '421'
Method 'SystemInt32CosmosIL2CPUSZArrayImpl1SystemUInt32get_Count', ID = '422'
Method 'SystemUInt32CosmosIL2CPUSZArrayImpl1SystemUInt32get_ItemSystemInt32', ID = '423'
Method 'SystemVoidCosmosIL2CPUSZArrayImpl1SystemUInt32set_ItemSystemInt32SystemUInt32', ID = '424'
Method 'SystemVoidCosmosIL2CPUSZArrayImpl1SystemUInt32AddSystemUInt32', ID = '425'
Method 'SystemBooleanCosmosIL2CPUSZArrayImpl1SystemUInt32ContainsSystemUInt32', ID = '426'
Method 'SystemBooleanCosmosIL2CPUSZArrayImpl1SystemUInt32get_IsReadOnly', ID = '427'
Method 'SystemVoidCosmosIL2CPUSZArrayImpl1SystemUInt32Clear', ID = '428'
Method 'SystemInt32CosmosIL2CPUSZArrayImpl1SystemUInt32IndexOfSystemUInt32', ID = '429'
Method 'SystemVoidCosmosIL2CPUSZArrayImpl1SystemUInt32InsertSystemInt32SystemUInt32', ID = '430'
Method 'SystemVoidCosmosIL2CPUSZArrayImpl1SystemUInt32RemoveAtSystemInt32', ID = '431'
Method 'SystemBooleanCosmosIL2CPUSZArrayImpl1SystemUInt32get_IsFixedSize', ID = '432'
Method 'SystemVoidCosmosIL2CPUSZArrayImpl1SystemUInt32RemoveSystemUInt32', ID = '433'
Method 'SystemObjectCosmosIL2CPUSZArrayImpl1SystemUInt32get_SyncRoot', ID = '434'
Method 'SystemBooleanCosmosIL2CPUSZArrayImpl1SystemUInt32get_IsSynchronized', ID = '435'
Method 'SystemBooleanSystemObjectEqualsSystemObject', ID = '436'
Method 'SystemVoidCosmosDebugKernelPlugsAsmDebuggerAsmDoSendNumberSystemUInt32', ID = '468'
Method 'SystemVoidCosmosCoreMemoryHeapSmallInit', ID = '471'
Method 'SystemVoidCosmosCoreMemoryHeapMediumInit', ID = '472'
Method 'SystemVoidCosmosCoreMemoryHeapLargeInit', ID = '473'
Method 'CosmosCoreMemorySMTBlockpointerCosmosCoreMemoryHeapSmallGetFirstWithSpaceSystemUInt32', ID = '478'
Method 'CosmosCoreMemorySMTPagepointerCosmosCoreMemoryHeapSmallGetLastPage', ID = '479'
Method 'SystemUInt32CosmosCoreMemoryHeapSmallGetRoundedSizeSystemUInt32', ID = '480'
Method 'SystemVoidCosmosCoreMemoryHeapSmallCreatePageCosmosCoreMemorySMTPagepointerSystemUInt32', ID = '481'
Method 'SystemVoidpointerCosmosCoreMemoryRATAllocPagesCosmosCoreMemoryRATPageTypeSystemUInt32', ID = '486'
Method 'SystemStringSystemPrivateCoreLibSystemSRGetResourceStringSystemString', ID = '491'
Method 'SystemDelegatearrayInternalRuntimeCompilerServicesUnsafeAsSystemDelegatearraySystemObject', ID = '518'
Method 'SystemVoidSystemSZGenericArrayEnumerator1SystemDelegatectorSystemDelegatearray', ID = '519'
Method 'SystemInt32SystemArrayIndexOfSystemDelegateSystemDelegatearraySystemDelegateSystemInt32SystemInt32', ID = '522'
Method 'SystemCollectionsGenericIEnumerator1SystemDelegateCosmosIL2CPUSZArrayImpl1SystemDelegateGetEnumerator', ID = '523'
Method 'SystemVoidCosmosIL2CPUSZArrayImpl1SystemDelegateCopyToSystemDelegatearraySystemInt32', ID = '524'
Method 'SystemInt32CosmosIL2CPUSZArrayImpl1SystemDelegateget_Count', ID = '525'
Method 'SystemDelegateCosmosIL2CPUSZArrayImpl1SystemDelegateget_ItemSystemInt32', ID = '526'
Method 'SystemVoidCosmosIL2CPUSZArrayImpl1SystemDelegateset_ItemSystemInt32SystemDelegate', ID = '527'
Method 'SystemVoidCosmosIL2CPUSZArrayImpl1SystemDelegateAddSystemDelegate', ID = '528'
Method 'SystemBooleanCosmosIL2CPUSZArrayImpl1SystemDelegateContainsSystemDelegate', ID = '529'
Method 'SystemBooleanCosmosIL2CPUSZArrayImpl1SystemDelegateget_IsReadOnly', ID = '530'
Method 'SystemVoidCosmosIL2CPUSZArrayImpl1SystemDelegateClear', ID = '531'
Method 'SystemInt32CosmosIL2CPUSZArrayImpl1SystemDelegateIndexOfSystemDelegate', ID = '532'
Method 'SystemVoidCosmosIL2CPUSZArrayImpl1SystemDelegateInsertSystemInt32SystemDelegate', ID = '533'
Method 'SystemVoidCosmosIL2CPUSZArrayImpl1SystemDelegateRemoveAtSystemInt32', ID = '534'
Method 'SystemBooleanCosmosIL2CPUSZArrayImpl1SystemDelegateget_IsFixedSize', ID = '535'
Method 'SystemVoidCosmosIL2CPUSZArrayImpl1SystemDelegateRemoveSystemDelegate', ID = '536'
Method 'SystemObjectCosmosIL2CPUSZArrayImpl1SystemDelegateget_SyncRoot', ID = '537'
Method 'SystemBooleanCosmosIL2CPUSZArrayImpl1SystemDelegateget_IsSynchronized', ID = '538'
Method 'SystemObjectarrayInternalRuntimeCompilerServicesUnsafeAsSystemObjectarraySystemObject', ID = '540'
Method 'SystemVoidSystemSZGenericArrayEnumerator1SystemObjectctorSystemObjectarray', ID = '541'
Method 'SystemInt32SystemArrayIndexOfSystemObjectSystemObjectarraySystemObjectSystemInt32SystemInt32', ID = '544'
Method 'SystemCollectionsGenericIEnumerator1SystemObjectCosmosIL2CPUSZArrayImpl1SystemObjectGetEnumerator', ID = '545'
Method 'SystemVoidCosmosIL2CPUSZArrayImpl1SystemObjectCopyToSystemObjectarraySystemInt32', ID = '546'
Method 'SystemInt32CosmosIL2CPUSZArrayImpl1SystemObjectget_Count', ID = '547'
Method 'SystemObjectCosmosIL2CPUSZArrayImpl1SystemObjectget_ItemSystemInt32', ID = '548'
Method 'SystemVoidCosmosIL2CPUSZArrayImpl1SystemObjectset_ItemSystemInt32SystemObject', ID = '549'
Method 'SystemVoidCosmosIL2CPUSZArrayImpl1SystemObjectAddSystemObject', ID = '550'
Method 'SystemBooleanCosmosIL2CPUSZArrayImpl1SystemObjectContainsSystemObject', ID = '551'
Method 'SystemBooleanCosmosIL2CPUSZArrayImpl1SystemObjectget_IsReadOnly', ID = '552'
Method 'SystemVoidCosmosIL2CPUSZArrayImpl1SystemObjectClear', ID = '553'
Method 'SystemInt32CosmosIL2CPUSZArrayImpl1SystemObjectIndexOfSystemObject', ID = '554'
Method 'SystemVoidCosmosIL2CPUSZArrayImpl1SystemObjectInsertSystemInt32SystemObject', ID = '555'
Method 'SystemVoidCosmosIL2CPUSZArrayImpl1SystemObjectRemoveAtSystemInt32', ID = '556'
Method 'SystemBooleanCosmosIL2CPUSZArrayImpl1SystemObjectget_IsFixedSize', ID = '557'
Method 'SystemVoidCosmosIL2CPUSZArrayImpl1SystemObjectRemoveSystemObject', ID = '558'
Method 'SystemObjectCosmosIL2CPUSZArrayImpl1SystemObjectget_SyncRoot', ID = '559'
Method 'SystemBooleanCosmosIL2CPUSZArrayImpl1SystemObjectget_IsSynchronized', ID = '560'
Method 'SystemStringSystemPrivateCoreLibSystemSRget_Arg_ArithmeticException', ID = '561'
Method 'SystemVoidCosmosDebugKernelConsoleDebuggerctorSystemStringSystemString', ID = '566'
Method 'SystemCollectionsGenericIEnumerator1SystemByteSystemSZArrayHelperGetEnumeratorSystemByte', ID = '569'
Method 'SystemVoidSystemSZArrayHelperCopyToSystemByteSystemBytearraySystemInt32', ID = '570'
Method 'SystemInt32SystemSZArrayHelperget_CountSystemByte', ID = '571'
Method 'SystemByteSystemSZArrayHelperget_ItemSystemByteSystemInt32', ID = '572'
Method 'SystemVoidSystemSZArrayHelperset_ItemSystemByteSystemInt32SystemByte', ID = '573'
Method 'SystemVoidSystemSZArrayHelperAddSystemByteSystemByte', ID = '574'
Method 'SystemBooleanSystemSZArrayHelperContainsSystemByteSystemByte', ID = '575'
Method 'SystemBooleanSystemSZArrayHelperget_IsReadOnlySystemByte', ID = '576'
Method 'SystemVoidSystemSZArrayHelperClearSystemByte', ID = '577'
Method 'SystemInt32SystemSZArrayHelperIndexOfSystemByteSystemByte', ID = '578'
Method 'SystemVoidSystemSZArrayHelperInsertSystemByteSystemInt32SystemByte', ID = '579'
Method 'SystemBooleanSystemSZArrayHelperRemoveSystemByteSystemByte', ID = '580'
Method 'SystemVoidSystemSZArrayHelperRemoveAtSystemByteSystemInt32', ID = '581'
Method 'SystemCollectionsGenericIEnumerator1SystemCharSystemSZArrayHelperGetEnumeratorSystemChar', ID = '613'
Method 'SystemVoidSystemSZArrayHelperCopyToSystemCharSystemChararraySystemInt32', ID = '614'
Method 'SystemInt32SystemSZArrayHelperget_CountSystemChar', ID = '615'
Method 'SystemCharSystemSZArrayHelperget_ItemSystemCharSystemInt32', ID = '616'
Method 'SystemVoidSystemSZArrayHelperset_ItemSystemCharSystemInt32SystemChar', ID = '617'
Method 'SystemVoidSystemSZArrayHelperAddSystemCharSystemChar', ID = '618'
Method 'SystemBooleanSystemSZArrayHelperContainsSystemCharSystemChar', ID = '619'
Method 'SystemBooleanSystemSZArrayHelperget_IsReadOnlySystemChar', ID = '620'
Method 'SystemVoidSystemSZArrayHelperClearSystemChar', ID = '621'
Method 'SystemInt32SystemSZArrayHelperIndexOfSystemCharSystemChar', ID = '622'
Method 'SystemVoidSystemSZArrayHelperInsertSystemCharSystemInt32SystemChar', ID = '623'
Method 'SystemBooleanSystemSZArrayHelperRemoveSystemCharSystemChar', ID = '624'
Method 'SystemVoidSystemSZArrayHelperRemoveAtSystemCharSystemInt32', ID = '625'
Method 'SystemIntPtrSystemIntPtrop_ExplicitSystemInt64', ID = '633'
Method 'SystemIntPtrSystemIntPtrop_AdditionSystemIntPtrSystemInt32', ID = '634'
Method 'SystemVoidpointerSystemIntPtrop_ExplicitSystemIntPtr', ID = '635'
Method 'SystemVoidCosmosCoreMultiboot2set_BasicMemoryInformationCosmosCoreMultiboot2Mb2TagBasicMemoryInformationpointer', ID = '637'
Method 'SystemVoidCosmosCoreMultiboot2set_MemoryMapCosmosCoreMultiboot2Mb2TagMemoryMappointer', ID = '638'
Method 'SystemVoidCosmosCoreMultiboot2set_VbeInfoCosmosCoreMultiboot2Mb2TagVbeInfopointer', ID = '639'
Method 'SystemVoidCosmosCoreINTsHandleInterrupt_DefaultCosmosCoreINTsIRQContext', ID = '642'
Method 'SystemVoidCosmosCoreINTsHandleInterrupt_00CosmosCoreINTsIRQContext', ID = '643'
Method 'SystemVoidCosmosCoreINTsHandleInterrupt_01CosmosCoreINTsIRQContext', ID = '644'
Method 'SystemVoidCosmosCoreINTsHandleInterrupt_02CosmosCoreINTsIRQContext', ID = '645'
Method 'SystemVoidCosmosCoreINTsHandleInterrupt_03CosmosCoreINTsIRQContext', ID = '646'
Method 'SystemVoidCosmosCoreINTsHandleInterrupt_04CosmosCoreINTsIRQContext', ID = '647'
Method 'SystemVoidCosmosCoreINTsHandleInterrupt_05CosmosCoreINTsIRQContext', ID = '648'
Method 'SystemVoidCosmosCoreINTsHandleInterrupt_06CosmosCoreINTsIRQContext', ID = '649'
Method 'SystemVoidCosmosCoreINTsHandleInterrupt_07CosmosCoreINTsIRQContext', ID = '650'
Method 'SystemVoidCosmosCoreINTsHandleInterrupt_08CosmosCoreINTsIRQContext', ID = '651'
Method 'SystemVoidCosmosCoreINTsHandleInterrupt_09CosmosCoreINTsIRQContext', ID = '652'
Method 'SystemVoidCosmosCoreINTsHandleInterrupt_0ACosmosCoreINTsIRQContext', ID = '653'
Method 'SystemVoidCosmosCoreINTsHandleInterrupt_0BCosmosCoreINTsIRQContext', ID = '654'
Method 'SystemVoidCosmosCoreINTsHandleInterrupt_0CCosmosCoreINTsIRQContext', ID = '655'
Method 'SystemVoidCosmosCoreINTsHandleInterrupt_0DCosmosCoreINTsIRQContext', ID = '656'
Method 'SystemVoidCosmosCoreINTsHandleInterrupt_0ECosmosCoreINTsIRQContext', ID = '657'
Method 'SystemVoidCosmosCoreINTsHandleInterrupt_0FCosmosCoreINTsIRQContext', ID = '658'
Method 'SystemVoidCosmosCoreINTsHandleInterrupt_10CosmosCoreINTsIRQContext', ID = '659'
Method 'SystemVoidCosmosCoreINTsHandleInterrupt_11CosmosCoreINTsIRQContext', ID = '660'
Method 'SystemVoidCosmosCoreINTsHandleInterrupt_12CosmosCoreINTsIRQContext', ID = '661'
Method 'SystemVoidCosmosCoreINTsHandleInterrupt_13CosmosCoreINTsIRQContext', ID = '662'
Method 'SystemVoidCosmosCoreINTsHandleInterrupt_20CosmosCoreINTsIRQContext', ID = '663'
Method 'SystemVoidCosmosCoreINTsHandleInterrupt_21CosmosCoreINTsIRQContext', ID = '664'
Method 'SystemVoidCosmosCoreINTsHandleInterrupt_22CosmosCoreINTsIRQContext', ID = '665'
Method 'SystemVoidCosmosCoreINTsHandleInterrupt_23CosmosCoreINTsIRQContext', ID = '666'
Method 'SystemVoidCosmosCoreINTsHandleInterrupt_24CosmosCoreINTsIRQContext', ID = '667'
Method 'SystemVoidCosmosCoreINTsHandleInterrupt_25CosmosCoreINTsIRQContext', ID = '668'
Method 'SystemVoidCosmosCoreINTsHandleInterrupt_26CosmosCoreINTsIRQContext', ID = '669'
Method 'SystemVoidCosmosCoreINTsHandleInterrupt_27CosmosCoreINTsIRQContext', ID = '670'
Method 'SystemVoidCosmosCoreINTsHandleInterrupt_28CosmosCoreINTsIRQContext', ID = '671'
Method 'SystemVoidCosmosCoreINTsHandleInterrupt_29CosmosCoreINTsIRQContext', ID = '672'
Method 'SystemVoidCosmosCoreINTsHandleInterrupt_2ACosmosCoreINTsIRQContext', ID = '673'
Method 'SystemVoidCosmosCoreINTsHandleInterrupt_2BCosmosCoreINTsIRQContext', ID = '674'
Method 'SystemVoidCosmosCoreINTsHandleInterrupt_2CCosmosCoreINTsIRQContext', ID = '675'
Method 'SystemVoidCosmosCoreINTsHandleInterrupt_2DCosmosCoreINTsIRQContext', ID = '676'
Method 'SystemVoidCosmosCoreINTsHandleInterrupt_2ECosmosCoreINTsIRQContext', ID = '677'
Method 'SystemVoidCosmosCoreINTsHandleInterrupt_2FCosmosCoreINTsIRQContext', ID = '678'
Method 'SystemVoidCosmosCoreINTsHandleInterrupt_30CosmosCoreINTsIRQContext', ID = '679'
Method 'SystemVoidCosmosCoreINTsHandleInterrupt_35CosmosCoreINTsIRQContext', ID = '680'
Method 'SystemVoidCosmosCoreINTsHandleInterrupt_40CosmosCoreINTsIRQContext', ID = '681'
Method 'SystemVoidCosmosCoreINTsHandleInterrupt_41CosmosCoreINTsIRQContext', ID = '682'
Method 'SystemVoidCosmosCoreINTsHandleInterrupt_42CosmosCoreINTsIRQContext', ID = '683'
Method 'SystemVoidCosmosCoreINTsHandleInterrupt_43CosmosCoreINTsIRQContext', ID = '684'
Method 'SystemVoidCosmosCoreINTsHandleInterrupt_44CosmosCoreINTsIRQContext', ID = '685'
Method 'SystemVoidCosmosCoreINTsHandleInterrupt_45CosmosCoreINTsIRQContext', ID = '686'
Method 'SystemVoidCosmosCoreINTsHandleInterrupt_46CosmosCoreINTsIRQContext', ID = '687'
Method 'SystemVoidCosmosCoreINTsHandleInterrupt_47CosmosCoreINTsIRQContext', ID = '688'
Method 'SystemVoidCosmosCoreINTsHandleInterrupt_48CosmosCoreINTsIRQContext', ID = '689'
Method 'SystemVoidCosmosCoreINTsHandleInterrupt_49CosmosCoreINTsIRQContext', ID = '690'
Method 'SystemVoidCosmosCoreIOGroupPICctorSystemBoolean', ID = '692'
Method 'SystemVoidCosmosCorePICRemapSystemByteSystemByteSystemByteSystemByte', ID = '693'
Method 'SystemVoidCosmosCore_AsmCPUImplUpdateIDTSystemBoolean', ID = '694'
Method 'SystemVoidCosmosCore_AsmCPUImplInitSSE', ID = '695'
Method 'SystemVoidCosmosCore_AsmCPUImplInitFloat', ID = '696'
Method 'SystemVoidCosmosHALTextScreenctor', ID = '699'
Method 'SystemVoidCosmosCoreGlobalInit', ID = '702'
Method 'SystemVoidCosmosHALPCISetup', ID = '704'
Method 'SystemVoidCosmosCoreACPIStartSystemBooleanSystemBoolean', ID = '705'
Method 'SystemVoidCosmosHALPS2ControllerInitializeSystemBoolean', ID = '707'
Method 'SystemVoidCosmosHALBlockDeviceIDEInitDriver', ID = '708'
Method 'SystemVoidCosmosHALBlockDeviceAHCIInitDriver', ID = '709'
Method 'SystemVoidCosmosHALNetworkNetworkInitInit', ID = '710'
Method 'SystemVoidCosmosHALDebugSerialEnable', ID = '711'
Method 'SystemVoidSystemCollectionsGenericDictionary2SystemUInt32CosmosHALNetworkDevicector', ID = '713'
Method 'SystemVoidCosmosSystemNetworkNetworkStackset_AddressMapSystemCollectionsGenericDictionary2SystemUInt32CosmosHALNetworkDevice', ID = '714'
Method 'SystemVoidCosmosSystemNetworkNetworkStackset_MACMapSystemCollectionsGenericDictionary2SystemUInt32CosmosHALNetworkDevice', ID = '715'
Method 'SystemVoidCosmosSystemKeyboardManagerset_NumLockSystemBoolean', ID = '716'
Method 'SystemVoidCosmosSystemKeyboardManagerset_CapsLockSystemBoolean', ID = '717'
Method 'SystemVoidCosmosSystemKeyboardManagerset_ScrollLockSystemBoolean', ID = '718'
Method 'SystemVoidSystemCollectionsGenericList1CosmosSystemFileSystemDiskctor', ID = '719'
Method 'SystemVoidCosmosSystemFileSystemVFSVFSBasector', ID = '720'
Method 'SystemVoidCosmosHALPITctor', ID = '724'
Method 'SystemVoidCosmosHALPS2Controllerctor', ID = '726'
Method 'SystemVoidCosmosCore_AsmCPUImplDoEnableInterrupts', ID = '727'
Method 'SystemStringCosmosSystem_PlugsSystemConsoleImplReadLine', ID = '728'
Method 'SystemStringCosmosCore_PlugsSystemStringImplToLower', ID = '729'
Method 'SystemBooleanSystemStringEqualsSystemStringSystemString', ID = '733'
Method 'SystemVoidCosmosSystemPowerReboot', ID = '734'
Method 'SystemVoidCosmosSystemPowerShutdown', ID = '735'
Method 'SystemCollectionsGenericList1CosmosSystemFileSystemListingDirectoryEntryCosmosSystemFileSystemVFSVFSManagerGetDirectoryListingSystemString', ID = '736'
Method 'SystemCollectionsGenericList1EnumeratorCosmosSystemFileSystemListingDirectoryEntrySystemCollectionsGenericList1CosmosSystemFileSystemListingDirectoryEntryGetEnumerator', ID = '737'
Method 'CosmosSystemFileSystemListingDirectoryEntrySystemCollectionsGenericList1EnumeratorCosmosSystemFileSystemListingDirectoryEntryget_Current', ID = '738'
Method 'SystemBooleanSystemCollectionsGenericList1EnumeratorCosmosSystemFileSystemListingDirectoryEntryMoveNext', ID = '740'
Method 'SystemIOStreamCosmosSystemFileSystemVFSVFSManagerGetFileStreamSystemString', ID = '744'
Method 'SystemTextEncodingSystemTextEncodingget_ASCII', ID = '745'
Method 'SystemBytearraySystemTextEncodingGetBytesSystemString', ID = '746'
Method 'SystemVoidCosmosSystemFileSystemVFSVFSManagerDeleteFileSystemString', ID = '748'
Method 'SystemVoidCosmosSystem_PlugsSystemConsoleImplcctor', ID = '751'
Method 'SystemBooleanSystemStringIsNullOrEmptySystemString', ID = '753'
Method 'SystemVoidSystemStringFillStringCheckedSystemStringSystemInt32SystemString', ID = '755'
Method 'CosmosSystemConsoleCosmosSystem_PlugsSystemConsoleImplGetConsole', ID = '756'
Method 'SystemVoidCosmosSystemConsoleWriteSystemBytearray', ID = '758'
Method 'SystemTypeCosmosCore_PlugsSystemObjectImplGetType', ID = '760'
Method 'SystemStringCosmosCommonStringHelperGetNumberStringSystemInt32', ID = '763'
Method 'SystemStringCosmosCommonStringHelperGetNumberStringSystemUInt32', ID = '766'
Method 'SystemStringCosmosCommonStringHelperGetNumberStringSystemDouble', ID = '769'
Method 'SystemStringSystemStringCreateFromCharSystemChar', ID = '770'
Method 'SystemVoidCosmosCore_PlugsSystemObjectImplcctor', ID = '771'
Method 'SystemVoidSystemSZGenericArrayEnumerator1SystemUInt32cctor', ID = '775'
Method 'SystemVoidCosmosCore_AsmArrayImplCopySystemArraySystemInt32SystemArraySystemInt32SystemInt32', ID = '776'
Method 'SystemArgumentOutOfRangeExceptionSystemThrowHelperGetArgumentOutOfRangeExceptionSystemExceptionArgumentSystemExceptionResource', ID = '778'
Method 'SystemStringSystemThrowHelperGetResourceStringSystemExceptionResource', ID = '780'
Method 'SystemVoidSystemNotSupportedExceptionctorSystemString', ID = '781'
Method 'SystemVoidSystemThrowHelperThrowArgumentNullExceptionSystemExceptionArgument', ID = '782'
Method 'SystemVoidSystemThrowHelperThrowStartIndexArgumentOutOfRange_ArgumentOutOfRange_Index', ID = '783'
Method 'SystemVoidSystemThrowHelperThrowCountArgumentOutOfRange_ArgumentOutOfRange_Count', ID = '784'
Method 'SystemBooleanSystemRuntimeCompilerServicesRuntimeHelpersIsBitwiseEquatableSystemUInt32', ID = '785'
Method 'SystemInt32InternalRuntimeCompilerServicesUnsafeSizeOfSystemUInt32', ID = '786'
Method 'SystemBytearrayInternalRuntimeCompilerServicesUnsafeAsSystemBytearraySystemObject', ID = '787'
Method 'SystemByteSystemRuntimeInteropServicesMemoryMarshalGetArrayDataReferenceSystemByteSystemBytearray', ID = '788'
Method 'SystemByteInternalRuntimeCompilerServicesUnsafeAddSystemByteSystemByteSystemInt32', ID = '789'
Method 'SystemByteInternalRuntimeCompilerServicesUnsafeAsSystemUInt32SystemByteSystemUInt32', ID = '790'
Method 'SystemInt32SystemSpanHelpersIndexOfSystemByteSystemByteSystemInt32', ID = '791'
Method 'SystemChararrayInternalRuntimeCompilerServicesUnsafeAsSystemChararraySystemObject', ID = '792'
Method 'SystemCharSystemRuntimeInteropServicesMemoryMarshalGetArrayDataReferenceSystemCharSystemChararray', ID = '793'
Method 'SystemCharInternalRuntimeCompilerServicesUnsafeAddSystemCharSystemCharSystemInt32', ID = '794'
Method 'SystemCharInternalRuntimeCompilerServicesUnsafeAsSystemUInt32SystemCharSystemUInt32', ID = '795'
Method 'SystemInt32SystemSpanHelpersIndexOfSystemCharSystemCharSystemInt32', ID = '796'
Method 'SystemInt32arrayInternalRuntimeCompilerServicesUnsafeAsSystemInt32arraySystemObject', ID = '797'
Method 'SystemInt32SystemRuntimeInteropServicesMemoryMarshalGetArrayDataReferenceSystemInt32SystemInt32array', ID = '798'
Method 'SystemInt32InternalRuntimeCompilerServicesUnsafeAddSystemInt32SystemInt32SystemInt32', ID = '799'
Method 'SystemInt32InternalRuntimeCompilerServicesUnsafeAsSystemUInt32SystemInt32SystemUInt32', ID = '800'
Method 'SystemInt32SystemSpanHelpersIndexOfSystemInt32SystemInt32SystemInt32SystemInt32', ID = '801'
Method 'SystemInt64arrayInternalRuntimeCompilerServicesUnsafeAsSystemInt64arraySystemObject', ID = '802'
Method 'SystemInt64SystemRuntimeInteropServicesMemoryMarshalGetArrayDataReferenceSystemInt64SystemInt64array', ID = '803'
Method 'SystemInt64InternalRuntimeCompilerServicesUnsafeAddSystemInt64SystemInt64SystemInt32', ID = '804'
Method 'SystemInt64InternalRuntimeCompilerServicesUnsafeAsSystemUInt32SystemInt64SystemUInt32', ID = '805'
Method 'SystemInt32SystemSpanHelpersIndexOfSystemInt64SystemInt64SystemInt64SystemInt32', ID = '806'
Method 'SystemCollectionsGenericEqualityComparer1SystemUInt32SystemCollectionsGenericEqualityComparer1SystemUInt32get_Default', ID = '807'
Method 'SystemInt32SystemCollectionsGenericEqualityComparer1SystemUInt32IndexOfSystemUInt32arraySystemUInt32SystemInt32SystemInt32', ID = '808'
Method 'SystemVoidCosmosIL2CPUSZArrayImpl1GetEnumeratord__0SystemUInt32ctorSystemInt32', ID = '809'
Method 'SystemVoidSystemArrayCopyToSystemArraySystemInt32', ID = '811'
Method 'SystemVoidSystemNotSupportedExceptionctor', ID = '812'
Method 'SystemBooleanSystemStringEqualsSystemObject', ID = '814'
Method 'SystemBooleanSystemInt32EqualsSystemObject', ID = '815'
Method 'SystemBooleanSystemUInt32EqualsSystemObject', ID = '816'
Method 'SystemBooleanSystemBooleanEqualsSystemObject', ID = '817'
Method 'SystemBooleanSystemDoubleEqualsSystemObject', ID = '820'
Method 'SystemBooleanSystemCharEqualsSystemObject', ID = '821'
Method 'SystemBooleanSystemUInt64EqualsSystemObject', ID = '822'
Method 'SystemBooleanSystemIntPtrEqualsSystemObject', ID = '824'
Method 'SystemBooleanSystemReflectionMethodBaseEqualsSystemObject', ID = '825'
Method 'SystemBooleanSystemUIntPtrEqualsSystemObject', ID = '826'
Method 'SystemBooleanSystemUInt16EqualsSystemObject', ID = '827'
Method 'SystemBooleanSystemReflectionMemberInfoEqualsSystemObject', ID = '828'
Method 'SystemBooleanSystemTypeEqualsSystemObject', ID = '829'
Method 'SystemInt32SystemStringGetHashCode', ID = '832'
Method 'SystemInt32SystemInt32GetHashCode', ID = '833'
Method 'SystemInt32SystemUInt32GetHashCode', ID = '834'
Method 'SystemInt32SystemBooleanGetHashCode', ID = '835'
Method 'SystemInt32SystemMulticastDelegateGetHashCode', ID = '836'
Method 'SystemInt32SystemDelegateGetHashCode', ID = '837'
Method 'SystemInt32SystemDoubleGetHashCode', ID = '838'
Method 'SystemInt32SystemCharGetHashCode', ID = '839'
Method 'SystemInt32SystemUInt64GetHashCode', ID = '840'
Method 'SystemInt32SystemReflectionMethodBaseGetHashCode', ID = '843'
Method 'SystemInt32SystemUInt16GetHashCode', ID = '845'
Method 'SystemInt32SystemReflectionMemberInfoGetHashCode', ID = '846'
Method 'SystemInt32SystemTypeGetHashCode', ID = '847'
Method 'SystemInt32CosmosCore_PlugsSystemObjectImplGetHashCode', ID = '848'
Method 'SystemStringCosmosSystem_PlugsSystemUInt64ImplToString', ID = '849'
Method 'SystemUInt32CosmosCore_AsmCPUImplGetStackStart', ID = '850'
Method 'SystemVoidCosmosCoreMemoryHeapSmallInitSMTSystemUInt32', ID = '851'
Method 'SystemStringCosmosSystem_PlugsSystemEnumImplToString', ID = '852'
Method 'SystemVoidCosmosCore_AsmCPUImplDoDisableInterrupts', ID = '853'
Method 'CosmosCoreMemorySMTBlockpointerCosmosCoreMemoryHeapSmallGetFirstWithSpaceCosmosCoreMemorySMTPagepointerSystemUInt32', ID = '881'
Method 'CosmosCoreMemoryRootSMTBlockpointerCosmosCoreMemoryHeapSmallGetFirstBlockCosmosCoreMemorySMTPagepointerSystemUInt32', ID = '884'
Method 'CosmosCoreMemorySMTBlockpointerCosmosCoreMemoryHeapSmallGetLastBlockCosmosCoreMemorySMTPagepointerSystemUInt32', ID = '886'
Method 'CosmosCoreMemorySMTBlockpointerCosmosCoreMemoryHeapSmallNextFreeBlockCosmosCoreMemorySMTPagepointer', ID = '887'
Method 'CosmosCoreMemorySMTPagepointerCosmosCoreMemoryHeapSmallInitSMTPage', ID = '888'
Method 'CosmosCoreMemorySMTBlockpointerCosmosCoreMemoryHeapSmallNextFreeBlock', ID = '889'
Method 'SystemVoidCosmosDebugKernelPlugsAsmDebuggerAsmDoSendNumberSystemInt32', ID = '890'
Method 'SystemVoidSystemPrivateCoreLibSystemSRcctor', ID = '892'
Method 'SystemBooleanSystemPrivateCoreLibSystemSRUsingResourceKeys', ID = '893'
Method 'SystemStringCosmosSystem_PlugsSystemIntPtrImplToString', ID = '895'
Method 'SystemVoidSystemSZGenericArrayEnumerator1SystemDelegatecctor', ID = '896'
Method 'SystemBooleanSystemRuntimeCompilerServicesRuntimeHelpersIsBitwiseEquatableSystemDelegate', ID = '897'
Method 'SystemInt32InternalRuntimeCompilerServicesUnsafeSizeOfSystemDelegate', ID = '898'
Method 'SystemByteInternalRuntimeCompilerServicesUnsafeAsSystemDelegateSystemByteSystemDelegate', ID = '899'
Method 'SystemCharInternalRuntimeCompilerServicesUnsafeAsSystemDelegateSystemCharSystemDelegate', ID = '900'
Method 'SystemInt32InternalRuntimeCompilerServicesUnsafeAsSystemDelegateSystemInt32SystemDelegate', ID = '901'
Method 'SystemInt64InternalRuntimeCompilerServicesUnsafeAsSystemDelegateSystemInt64SystemDelegate', ID = '902'
Method 'SystemCollectionsGenericEqualityComparer1SystemDelegateSystemCollectionsGenericEqualityComparer1SystemDelegateget_Default', ID = '903'
Method 'SystemInt32SystemCollectionsGenericEqualityComparer1SystemDelegateIndexOfSystemDelegatearraySystemDelegateSystemInt32SystemInt32', ID = '904'
Method 'SystemVoidCosmosIL2CPUSZArrayImpl1GetEnumeratord__0SystemDelegatectorSystemInt32', ID = '905'
Method 'SystemVoidSystemSZGenericArrayEnumerator1SystemObjectcctor', ID = '907'
Method 'SystemBooleanSystemRuntimeCompilerServicesRuntimeHelpersIsBitwiseEquatableSystemObject', ID = '908'
Method 'SystemInt32InternalRuntimeCompilerServicesUnsafeSizeOfSystemObject', ID = '909'
Method 'SystemByteInternalRuntimeCompilerServicesUnsafeAsSystemObjectSystemByteSystemObject', ID = '910'
Method 'SystemCharInternalRuntimeCompilerServicesUnsafeAsSystemObjectSystemCharSystemObject', ID = '911'
Method 'SystemInt32InternalRuntimeCompilerServicesUnsafeAsSystemObjectSystemInt32SystemObject', ID = '912'
Method 'SystemInt64InternalRuntimeCompilerServicesUnsafeAsSystemObjectSystemInt64SystemObject', ID = '913'
Method 'SystemCollectionsGenericEqualityComparer1SystemObjectSystemCollectionsGenericEqualityComparer1SystemObjectget_Default', ID = '914'
Method 'SystemInt32SystemCollectionsGenericEqualityComparer1SystemObjectIndexOfSystemObjectarraySystemObjectSystemInt32SystemInt32', ID = '915'
Method 'SystemVoidCosmosIL2CPUSZArrayImpl1GetEnumeratord__0SystemObjectctorSystemInt32', ID = '916'
Method 'SystemVoidSystemCollectionsGenericList1CosmosSystemFileSystemDiskcctor', ID = '918'
Method 'SystemVoidSystemSZGenericArrayEnumerator1SystemBytectorSystemBytearray', ID = '927'
Method 'SystemInt32SystemArrayIndexOfSystemByteSystemBytearraySystemByteSystemInt32SystemInt32', ID = '931'
Method 'SystemCollectionsGenericIEnumerator1SystemByteCosmosIL2CPUSZArrayImpl1SystemByteGetEnumerator', ID = '932'
Method 'SystemVoidCosmosIL2CPUSZArrayImpl1SystemByteCopyToSystemBytearraySystemInt32', ID = '933'
Method 'SystemInt32CosmosIL2CPUSZArrayImpl1SystemByteget_Count', ID = '934'
Method 'SystemByteCosmosIL2CPUSZArrayImpl1SystemByteget_ItemSystemInt32', ID = '935'
Method 'SystemVoidCosmosIL2CPUSZArrayImpl1SystemByteset_ItemSystemInt32SystemByte', ID = '936'
Method 'SystemVoidCosmosIL2CPUSZArrayImpl1SystemByteAddSystemByte', ID = '937'
Method 'SystemBooleanCosmosIL2CPUSZArrayImpl1SystemByteContainsSystemByte', ID = '938'
Method 'SystemBooleanCosmosIL2CPUSZArrayImpl1SystemByteget_IsReadOnly', ID = '939'
Method 'SystemVoidCosmosIL2CPUSZArrayImpl1SystemByteClear', ID = '940'
Method 'SystemInt32CosmosIL2CPUSZArrayImpl1SystemByteIndexOfSystemByte', ID = '941'
Method 'SystemVoidCosmosIL2CPUSZArrayImpl1SystemByteInsertSystemInt32SystemByte', ID = '942'
Method 'SystemVoidCosmosIL2CPUSZArrayImpl1SystemByteRemoveAtSystemInt32', ID = '943'
Method 'SystemBooleanCosmosIL2CPUSZArrayImpl1SystemByteget_IsFixedSize', ID = '944'
Method 'SystemVoidCosmosIL2CPUSZArrayImpl1SystemByteRemoveSystemByte', ID = '945'
Method 'SystemObjectCosmosIL2CPUSZArrayImpl1SystemByteget_SyncRoot', ID = '946'
Method 'SystemBooleanCosmosIL2CPUSZArrayImpl1SystemByteget_IsSynchronized', ID = '947'
Method 'SystemStringCosmosSystem_PlugsSystemUIntPtrImplToString', ID = '948'
Method 'SystemVoidSystemSZGenericArrayEnumerator1SystemCharctorSystemChararray', ID = '950'
Method 'SystemInt32SystemArrayIndexOfSystemCharSystemChararraySystemCharSystemInt32SystemInt32', ID = '953'
Method 'SystemCollectionsGenericIEnumerator1SystemCharCosmosIL2CPUSZArrayImpl1SystemCharGetEnumerator', ID = '954'
Method 'SystemVoidCosmosIL2CPUSZArrayImpl1SystemCharCopyToSystemChararraySystemInt32', ID = '955'
Method 'SystemInt32CosmosIL2CPUSZArrayImpl1SystemCharget_Count', ID = '956'
Method 'SystemCharCosmosIL2CPUSZArrayImpl1SystemCharget_ItemSystemInt32', ID = '957'
Method 'SystemVoidCosmosIL2CPUSZArrayImpl1SystemCharset_ItemSystemInt32SystemChar', ID = '958'
Method 'SystemVoidCosmosIL2CPUSZArrayImpl1SystemCharAddSystemChar', ID = '959'
Method 'SystemBooleanCosmosIL2CPUSZArrayImpl1SystemCharContainsSystemChar', ID = '960'
Method 'SystemBooleanCosmosIL2CPUSZArrayImpl1SystemCharget_IsReadOnly', ID = '961'
Method 'SystemVoidCosmosIL2CPUSZArrayImpl1SystemCharClear', ID = '962'
Method 'SystemInt32CosmosIL2CPUSZArrayImpl1SystemCharIndexOfSystemChar', ID = '963'
Method 'SystemVoidCosmosIL2CPUSZArrayImpl1SystemCharInsertSystemInt32SystemChar', ID = '964'
Method 'SystemVoidCosmosIL2CPUSZArrayImpl1SystemCharRemoveAtSystemInt32', ID = '965'
Method 'SystemBooleanCosmosIL2CPUSZArrayImpl1SystemCharget_IsFixedSize', ID = '966'
Method 'SystemVoidCosmosIL2CPUSZArrayImpl1SystemCharRemoveSystemChar', ID = '967'
Method 'SystemObjectCosmosIL2CPUSZArrayImpl1SystemCharget_SyncRoot', ID = '968'
Method 'SystemBooleanCosmosIL2CPUSZArrayImpl1SystemCharget_IsSynchronized', ID = '969'
Method 'SystemUInt32CosmosCore_AsmMultiboot2ImplGetMBIAddress', ID = '970'
Method 'SystemVoidSystemIntPtrctorSystemInt64', ID = '972'
Method 'SystemVoidCosmosCoreINTscctor', ID = '977'
Method 'CosmosCorePICCosmosCoreGlobalget_PIC', ID = '981'
Method 'SystemVoidCosmosCorePICEoiSlave', ID = '982'
Method 'SystemVoidCosmosCorePICEoiMaster', ID = '983'
Method 'SystemVoidCosmosCoreINTsHandleExceptionSystemUInt32SystemStringSystemStringCosmosCoreINTsIRQContextSystemUInt32', ID = '984'
Method 'SystemVoidCosmosCore_AsmDelegateImplInvoke', ID = '1468'
Method 'SystemVoidCosmosCoreINTsIRQSystemUInt32CosmosCoreINTsIRQContext', ID = '988'
Method 'SystemVoidCosmosCoreIOPortctorSystemUInt16', ID = '991'
Method 'SystemVoidCosmosCoreIOGroupIOGroupctor', ID = '992'
Method 'SystemByteCosmosCoreIOPortget_Byte', ID = '993'
Method 'SystemVoidCosmosCoreIOPortset_ByteSystemByte', ID = '994'
Method 'SystemVoidCosmosCoreIOPortWait', ID = '995'
Method 'SystemVoidCosmosCoreIOGroupTextScreenctor', ID = '997'
Method 'SystemVoidCosmosHALTextScreenBasector', ID = '998'
Method 'SystemVoidCosmosSystem_PlugsSystemConsoleImplClear', ID = '1007'
Method 'SystemVoidSystemCollectionsGenericList1CosmosHALPCIDevicector', ID = '1009'
Method 'SystemUInt16CosmosHALPCIDeviceGetHeaderTypeSystemUInt16SystemUInt16SystemUInt16', ID = '1011'
Method 'SystemVoidCosmosHALPCICheckBusSystemUInt16', ID = '1012'
Method 'SystemUInt16CosmosHALPCIDeviceGetVendorIDSystemUInt16SystemUInt16SystemUInt16', ID = '1013'
Method 'SystemBooleanCosmosCoreACPIInit', ID = '1015'
Method 'SystemVoidCosmosCoreACPIEnable', ID = '1016'
Method 'SystemVoidCosmosHALPS2ControllerSendCommandCosmosHALPS2ControllerCommandSystemNullable1SystemByte', ID = '1019'
Method 'SystemByteCosmosHALPS2ControllerReadData', ID = '1020'
Method 'SystemBooleanCosmosHALPS2ControllerWaitToReadData', ID = '1021'
Method 'SystemVoidSystemNullable1SystemBytectorSystemByte', ID = '1022'
Method 'SystemBooleanCosmosHALPS2ControllerTestPortSystemByte', ID = '1023'
Method 'SystemVoidCosmosHALPS2ControllerIdentifyDeviceSystemByteCosmosHALDeviceSystemBoolean', ID = '1024'
Method 'SystemVoidCosmosHALBlockDeviceIDEInitializeCosmosHALBlockDeviceAtaControllerIdEnumCosmosHALBlockDeviceAtaBusPositionEnum', ID = '1027'
Method 'SystemCollectionsGenericList1EnumeratorCosmosHALBlockDeviceBlockDeviceSystemCollectionsGenericList1CosmosHALBlockDeviceBlockDeviceGetEnumerator', ID = '1029'
Method 'CosmosHALBlockDeviceBlockDeviceSystemCollectionsGenericList1EnumeratorCosmosHALBlockDeviceBlockDeviceget_Current', ID = '1030'
Method 'SystemVoidSystemCollectionsGenericList1CosmosHALBlockDeviceBlockDeviceAddCosmosHALBlockDeviceBlockDevice', ID = '1033'
Method 'SystemBooleanSystemCollectionsGenericList1EnumeratorCosmosHALBlockDeviceBlockDeviceMoveNext', ID = '1034'
Method 'SystemCollectionsGenericList1EnumeratorCosmosHALBlockDevicePartitionSystemCollectionsGenericList1CosmosHALBlockDevicePartitionGetEnumerator', ID = '1037'
Method 'CosmosHALBlockDevicePartitionSystemCollectionsGenericList1EnumeratorCosmosHALBlockDevicePartitionget_Current', ID = '1038'
Method 'SystemVoidSystemCollectionsGenericList1CosmosHALBlockDevicePartitionAddCosmosHALBlockDevicePartition', ID = '1041'
Method 'SystemBooleanSystemCollectionsGenericList1EnumeratorCosmosHALBlockDevicePartitionMoveNext', ID = '1042'
Method 'SystemVoidCosmosHALBlockDeviceAHCIctorCosmosHALPCIDevice', ID = '1046'
Method 'SystemCollectionsGenericList1EnumeratorCosmosHALPCIDeviceSystemCollectionsGenericList1CosmosHALPCIDeviceGetEnumerator', ID = '1048'
Method 'CosmosHALPCIDeviceSystemCollectionsGenericList1EnumeratorCosmosHALPCIDeviceget_Current', ID = '1049'
Method 'CosmosHALPCIDeviceCosmosHALPCIGetDeviceSystemUInt32SystemUInt32SystemUInt32', ID = '1051'
Method 'SystemStringCosmosHALPCIDeviceDeviceClassGetDeviceStringCosmosHALPCIDevice', ID = '1052'
Method 'SystemStringSystemStringConcatSystemStringarray', ID = '1053'
Method 'SystemByteCosmosHALPCIDeviceget_InterruptLine', ID = '1054'
Method 'SystemVoidCosmosHALDriversPCINetworkAMDPCNetIIctorCosmosHALPCIDevice', ID = '1056'
Method 'SystemVoidCosmosHALNetworkDeviceset_NameIDSystemString', ID = '1057'
Method 'SystemStringCosmosHALNetworkDeviceget_NameID', ID = '1058'
Method 'SystemVoidCosmosHALDriversPCINetworkRTL8139ctorCosmosHALPCIDevice', ID = '1061'
Method 'SystemBooleanSystemCollectionsGenericList1EnumeratorCosmosHALPCIDeviceMoveNext', ID = '1062'
Method 'SystemCollectionsGenericList1CosmosHALNetworkDeviceCosmosHALNetworkDeviceget_Devices', ID = '1064'
Method 'SystemInt32SystemCollectionsGenericList1CosmosHALNetworkDeviceget_Count', ID = '1065'
Method 'SystemVoidCosmosSystemNetworkNetworkStackcctor', ID = '1068'
Method 'SystemVoidSystemCollectionsGenericDictionary2SystemUInt32CosmosHALNetworkDevicectorSystemInt32SystemCollectionsGenericIEqualityComparer1SystemUInt32', ID = '1070'
Method 'SystemVoidCosmosSystemFileSystemCosmosVFSInitializeSystemBoolean', ID = '1078'
Method 'SystemVoidSystemCollectionsGenericList1CosmosHALPITPITTimerctor', ID = '1082'
Method 'SystemVoidCosmosHALDevicector', ID = '1083'
Method 'SystemVoidCosmosHALPITHandleIRQCosmosCoreINTsIRQContext', ID = '1084'
Method 'SystemVoidCosmosCore_AsmDelegateImplCtorSystemObjectSystemIntPtr', ID = '1668'
Method 'SystemVoidCosmosCoreINTsSetIrqHandlerSystemByteCosmosCoreINTsIRQDelegate', ID = '1086'
Method 'SystemVoidCosmosHALPITset_T0CountdownSystemUInt16', ID = '1087'
Method 'SystemVoidSystemCollectionsGenericList1SystemCharctorSystemInt32', ID = '1088'
Method 'CosmosSystemConsoleKeyExCosmosSystemKeyEventget_Key', ID = '1089'
Method 'SystemInt32CosmosSystemConsoleget_X', ID = '1090'
Method 'SystemVoidSystemCollectionsGenericList1SystemCharRemoveAtSystemInt32', ID = '1091'
Method 'SystemVoidCosmosSystemConsoleset_XSystemInt32', ID = '1092'
Method 'SystemCharSystemCollectionsGenericList1SystemCharget_ItemSystemInt32', ID = '1093'
Method 'SystemVoidCosmosSystem_PlugsSystemConsoleImplWriteSystemChar', ID = '1094'
Method 'SystemInt32SystemCollectionsGenericList1SystemCharget_Count', ID = '1095'
Method 'SystemCharCosmosSystemKeyEventget_KeyChar', ID = '1096'
Method 'SystemVoidSystemCollectionsGenericList1SystemCharAddSystemChar', ID = '1097'
Method 'SystemVoidSystemCollectionsGenericList1SystemCharctor', ID = '1098'
Method 'CosmosSystemKeyEventCosmosSystemKeyboardManagerReadKey', ID = '1099'
Method 'SystemVoidCosmosSystem_PlugsSystemConsoleImplWriteLine', ID = '1100'
Method 'SystemChararraySystemCollectionsGenericList1SystemCharToArray', ID = '1101'
Method 'SystemStringCosmosCore_PlugsSystemStringImplToLowerInvariant', ID = '1104'
Method 'SystemCharCosmosCore_PlugsSystemStringImplget_CharsSystemInt32SystemCharpointer', ID = '1105'
Method 'SystemInt32CosmosCore_PlugsSystemStringImplget_LengthSystemInt32', ID = '1106'
Method 'SystemBooleanCosmosSystemVMToolsget_IsQEMU', ID = '1109'
Method 'SystemVoidCosmosHALPowerCPUReboot', ID = '1110'
Method 'SystemBooleanCosmosSystemVMToolsget_IsVirtualBox', ID = '1111'
Method 'SystemVoidCosmosCoreIOPortset_DWordSystemUInt32', ID = '1112'
Method 'SystemVoidCosmosCoreIOPortset_WordSystemUInt16', ID = '1113'
Method 'SystemVoidCosmosHALPowerACPIShutdown', ID = '1114'
Method 'SystemVoidSystemArgumentNullExceptionctorSystemString', ID = '1116'
Method 'SystemVoidCosmosSystemFileSystemVFSVFSManagerThrowIfNotRegistered', ID = '1117'
Method 'SystemVoidSystemCollectionsGenericList1EnumeratorCosmosSystemFileSystemListingDirectoryEntryctorSystemCollectionsGenericList1CosmosSystemFileSystemListingDirectoryEntry', ID = '1119'
Method 'SystemBooleanSystemCollectionsGenericList1EnumeratorCosmosSystemFileSystemListingDirectoryEntryMoveNextRare', ID = '1122'
Method 'SystemVoidSystemSZGenericArrayEnumerator1SystemUInt32Dispose', ID = '1124'
Method 'SystemVoidSystemSZGenericArrayEnumerator1SystemDelegateDispose', ID = '1125'
Method 'SystemVoidSystemSZGenericArrayEnumerator1SystemObjectDispose', ID = '1126'
Method 'SystemVoidSystemCollectionsGenericList1EnumeratorCosmosSystemFileSystemListingDirectoryEntryDispose', ID = '1127'
Method 'SystemVoidCosmosIL2CPUSZArrayImpl1GetEnumeratord__0SystemUInt32SystemIDisposableDispose', ID = '1128'
Method 'SystemVoidCosmosIL2CPUSZArrayImpl1GetEnumeratord__0SystemDelegateSystemIDisposableDispose', ID = '1129'
Method 'SystemVoidCosmosIL2CPUSZArrayImpl1GetEnumeratord__0SystemObjectSystemIDisposableDispose', ID = '1130'
Method 'SystemVoidSystemSZGenericArrayEnumerator1SystemByteDispose', ID = '1131'
Method 'SystemVoidSystemSZGenericArrayEnumerator1SystemCharDispose', ID = '1132'
Method 'SystemVoidSystemCollectionsGenericList1EnumeratorCosmosHALBlockDeviceBlockDeviceDispose', ID = '1133'
Method 'SystemVoidSystemCollectionsGenericList1EnumeratorCosmosHALBlockDevicePartitionDispose', ID = '1134'
Method 'SystemVoidSystemCollectionsGenericList1EnumeratorCosmosHALPCIDeviceDispose', ID = '1135'
Method 'SystemStringSystemArgumentOutOfRangeExceptionget_Message', ID = '1136'
Method 'SystemStringSystemArgumentExceptionget_Message', ID = '1137'
Method 'SystemStringCosmosCore_PlugsSystemExceptionImplget_Message', ID = '1138'
Method 'CosmosSystemFileSystemListingDirectoryEntryCosmosSystemFileSystemVFSVFSManagerGetFileSystemString', ID = '1140'
Method 'SystemStringSystemPrivateCoreLibSystemSRget_ArgumentNull_String', ID = '1145'
Method 'SystemVoidSystemArgumentNullExceptionctorSystemStringSystemString', ID = '1146'
Method 'SystemInt32SystemTextEncodingGetByteCountSystemString', ID = '1147'
Method 'SystemInt32SystemTextEncodingGetBytesSystemStringSystemInt32SystemInt32SystemBytearraySystemInt32', ID = '1148'
Method 'SystemVoidSystemUnauthorizedAccessExceptionctorSystemString', ID = '1150'
Method 'SystemVoidCosmosSystem_PlugsSystemConsoleImplBeepSystemInt32SystemInt32', ID = '1152'
Method 'SystemStringCosmosCore_PlugsSystemStringImplFastAllocateStringSystemInt32', ID = '1158'
Method 'SystemVoidSystemBufferMemmoveSystemCharSystemCharSystemCharSystemUIntPtr', ID = '1159'
Method 'SystemVoidCosmosSystemConsoleDoLineFeed', ID = '1160'
Method 'SystemVoidCosmosSystemConsoleDoCarriageReturn', ID = '1161'
Method 'SystemVoidCosmosSystemConsoleDoTab', ID = '1162'
Method 'SystemVoidCosmosSystemConsoleWriteSystemByte', ID = '1163'
Method 'SystemStringSystemTypeToString', ID = '1165'
Method 'SystemVoidCosmosCoreCosmosRuntimeTypectorSystemUInt32', ID = '1168'
Method 'SystemInt64SystemBitConverterDoubleToInt64BitsSystemDouble', ID = '1170'
Method 'SystemStringSystemStringSubstringSystemInt32SystemInt32', ID = '1172'
Method 'SystemVoidCosmosCore_AsmArrayImplCopySystemArraySystemInt32SystemArraySystemInt32SystemInt32SystemBoolean', ID = '1174'
Method 'SystemStringSystemThrowHelperGetArgumentNameSystemExceptionArgument', ID = '1176'
Method 'SystemVoidSystemArgumentOutOfRangeExceptionctorSystemStringSystemString', ID = '1177'
Method 'SystemStringSystemPrivateCoreLibSystemSRget_ArgumentOutOfRange_Index', ID = '1178'
Method 'SystemStringSystemPrivateCoreLibSystemSRget_ArgumentOutOfRange_IndexCount', ID = '1179'
Method 'SystemStringSystemPrivateCoreLibSystemSRget_ArgumentOutOfRange_IndexCountBuffer', ID = '1180'
Method 'SystemStringSystemPrivateCoreLibSystemSRget_ArgumentOutOfRange_Count', ID = '1181'
Method 'SystemStringSystemPrivateCoreLibSystemSRget_ArgumentOutOfRange_Year', ID = '1182'
Method 'SystemStringSystemPrivateCoreLibSystemSRget_Arg_ArrayPlusOffTooSmall', ID = '1183'
Method 'SystemStringSystemPrivateCoreLibSystemSRget_NotSupported_ReadOnlyCollection', ID = '1184'
Method 'SystemStringSystemPrivateCoreLibSystemSRget_Arg_RankMultiDimNotSupported', ID = '1185'
Method 'SystemStringSystemPrivateCoreLibSystemSRget_Arg_NonZeroLowerBound', ID = '1186'
Method 'SystemStringSystemPrivateCoreLibSystemSRget_ArgumentOutOfRange_GetCharCountOverflow', ID = '1187'
Method 'SystemStringSystemPrivateCoreLibSystemSRget_ArgumentOutOfRange_ListInsert', ID = '1188'
Method 'SystemStringSystemPrivateCoreLibSystemSRget_ArgumentOutOfRange_NeedNonNegNum', ID = '1189'
Method 'SystemStringSystemPrivateCoreLibSystemSRget_ArgumentOutOfRange_SmallCapacity', ID = '1190'
Method 'SystemStringSystemPrivateCoreLibSystemSRget_Argument_InvalidOffLen', ID = '1191'
Method 'SystemStringSystemPrivateCoreLibSystemSRget_Argument_CannotExtractScalar', ID = '1192'
Method 'SystemStringSystemPrivateCoreLibSystemSRget_ArgumentOutOfRange_BiggerThanCollection', ID = '1193'
Method 'SystemStringSystemPrivateCoreLibSystemSRget_Serialization_MissingKeys', ID = '1194'
Method 'SystemStringSystemPrivateCoreLibSystemSRget_Serialization_NullKey', ID = '1195'
Method 'SystemStringSystemPrivateCoreLibSystemSRget_NotSupported_KeyCollectionSet', ID = '1196'
Method 'SystemStringSystemPrivateCoreLibSystemSRget_NotSupported_ValueCollectionSet', ID = '1197'
Method 'SystemStringSystemPrivateCoreLibSystemSRget_InvalidOperation_NullArray', ID = '1198'
Method 'SystemStringSystemPrivateCoreLibSystemSRget_TaskT_TransitionToFinal_AlreadyCompleted', ID = '1199'
Method 'SystemStringSystemPrivateCoreLibSystemSRget_TaskCompletionSourceT_TrySetException_NullException', ID = '1200'
Method 'SystemStringSystemPrivateCoreLibSystemSRget_TaskCompletionSourceT_TrySetException_NoExceptions', ID = '1201'
Method 'SystemStringSystemPrivateCoreLibSystemSRget_NotSupported_StringComparison', ID = '1202'
Method 'SystemStringSystemPrivateCoreLibSystemSRget_ConcurrentCollection_SyncRoot_NotSupported', ID = '1203'
Method 'SystemStringSystemPrivateCoreLibSystemSRget_Task_MultiTaskContinuation_NullTask', ID = '1204'
Method 'SystemStringSystemPrivateCoreLibSystemSRget_InvalidOperation_WrongAsyncResultOrEndCalledMultiple', ID = '1205'
Method 'SystemStringSystemPrivateCoreLibSystemSRget_Task_MultiTaskContinuation_EmptyTaskList', ID = '1206'
Method 'SystemStringSystemPrivateCoreLibSystemSRget_Task_Start_TaskCompleted', ID = '1207'
Method 'SystemStringSystemPrivateCoreLibSystemSRget_Task_Start_Promise', ID = '1208'
Method 'SystemStringSystemPrivateCoreLibSystemSRget_Task_Start_ContinuationTask', ID = '1209'
Method 'SystemStringSystemPrivateCoreLibSystemSRget_Task_Start_AlreadyStarted', ID = '1210'
Method 'SystemStringSystemPrivateCoreLibSystemSRget_Task_RunSynchronously_Continuation', ID = '1211'
Method 'SystemStringSystemPrivateCoreLibSystemSRget_Task_RunSynchronously_Promise', ID = '1212'
Method 'SystemStringSystemPrivateCoreLibSystemSRget_Task_RunSynchronously_TaskCompleted', ID = '1213'
Method 'SystemStringSystemPrivateCoreLibSystemSRget_Task_RunSynchronously_AlreadyStarted', ID = '1214'
Method 'SystemStringSystemPrivateCoreLibSystemSRget_AsyncMethodBuilder_InstanceNotInitialized', ID = '1215'
Method 'SystemStringSystemPrivateCoreLibSystemSRget_Task_ContinueWith_ESandLR', ID = '1216'
Method 'SystemStringSystemPrivateCoreLibSystemSRget_Task_ContinueWith_NotOnAnything', ID = '1217'
Method 'SystemStringSystemPrivateCoreLibSystemSRget_Task_InvalidTimerTimeSpan', ID = '1218'
Method 'SystemStringSystemPrivateCoreLibSystemSRget_Task_Delay_InvalidMillisecondsDelay', ID = '1219'
Method 'SystemStringSystemPrivateCoreLibSystemSRget_Task_Dispose_NotCompleted', ID = '1220'
Method 'SystemStringSystemPrivateCoreLibSystemSRget_Task_ThrowIfDisposed', ID = '1221'
Method 'SystemStringSystemPrivateCoreLibSystemSRget_Task_WaitMulti_NullTask', ID = '1222'
Method 'SystemStringSystemPrivateCoreLibSystemSRget_ArgumentException_OtherNotArrayOfCorrectLength', ID = '1223'
Method 'SystemStringSystemPrivateCoreLibSystemSRget_ArgumentNull_Array', ID = '1224'
Method 'SystemStringSystemPrivateCoreLibSystemSRget_ArgumentNull_SafeHandle', ID = '1225'
Method 'SystemStringSystemPrivateCoreLibSystemSRget_ArgumentOutOfRange_EndIndexStartIndex', ID = '1226'
Method 'SystemStringSystemPrivateCoreLibSystemSRget_ArgumentOutOfRange_Enum', ID = '1227'
Method 'SystemStringSystemPrivateCoreLibSystemSRget_ArgumentOutOfRange_HugeArrayNotSupported', ID = '1228'
Method 'SystemStringSystemPrivateCoreLibSystemSRget_Argument_AddingDuplicate', ID = '1229'
Method 'SystemStringSystemPrivateCoreLibSystemSRget_Argument_InvalidArgumentForComparison', ID = '1230'
Method 'SystemStringSystemPrivateCoreLibSystemSRget_Arg_LowerBoundsMustMatch', ID = '1231'
Method 'SystemStringSystemPrivateCoreLibSystemSRget_Arg_MustBeType', ID = '1232'
Method 'SystemStringSystemPrivateCoreLibSystemSRget_Arg_Need1DArray', ID = '1233'
Method 'SystemStringSystemPrivateCoreLibSystemSRget_Arg_Need2DArray', ID = '1234'
Method 'SystemStringSystemPrivateCoreLibSystemSRget_Arg_Need3DArray', ID = '1235'
Method 'SystemStringSystemPrivateCoreLibSystemSRget_Arg_NeedAtLeast1Rank', ID = '1236'
Method 'SystemStringSystemPrivateCoreLibSystemSRget_Arg_RankIndices', ID = '1237'
Method 'SystemStringSystemPrivateCoreLibSystemSRget_Arg_RanksAndBounds', ID = '1238'
Method 'SystemStringSystemPrivateCoreLibSystemSRget_InvalidOperation_IComparerFailed', ID = '1239'
Method 'SystemStringSystemPrivateCoreLibSystemSRget_NotSupported_FixedSizeCollection', ID = '1240'
Method 'SystemStringSystemPrivateCoreLibSystemSRget_Rank_MultiDimNotSupported', ID = '1241'
Method 'SystemStringSystemPrivateCoreLibSystemSRget_Arg_TypeNotSupported', ID = '1242'
Method 'SystemStringSystemPrivateCoreLibSystemSRget_Argument_SpansMustHaveSameLength', ID = '1243'
Method 'SystemStringSystemPrivateCoreLibSystemSRget_Argument_InvalidFlag', ID = '1244'
Method 'SystemStringSystemPrivateCoreLibSystemSRget_CancellationTokenSource_Disposed', ID = '1245'
Method 'SystemStringSystemPrivateCoreLibSystemSRget_Argument_AlignmentMustBePow2', ID = '1246'
Method 'SystemRuntimeCompilerServicesRawArrayDataInternalRuntimeCompilerServicesUnsafeAsSystemRuntimeCompilerServicesRawArrayDataSystemObject', ID = '1251'
Method 'SystemByteInternalRuntimeCompilerServicesUnsafeAsSystemByteSystemByteSystemByte', ID = '1253'
Method 'SystemBooleanSystemRuntimeIntrinsicsArmAdvSimdArm64get_IsSupported', ID = '1256'
Method 'SystemInt32SystemRuntimeIntrinsicsVector1281SystemByteget_Count', ID = '1257'
Method 'SystemUIntPtrSystemSpanHelpersUnalignedCountVector128SystemByte', ID = '1258'
Method 'SystemBooleanSystemNumericsVectorget_IsHardwareAccelerated', ID = '1259'
Method 'SystemInt32SystemNumericsVector1SystemByteget_Count', ID = '1260'
Method 'SystemUIntPtrSystemSpanHelpersUnalignedCountVectorSystemByte', ID = '1261'
Method 'SystemByteInternalRuntimeCompilerServicesUnsafeAddByteOffsetSystemByteSystemByteSystemUIntPtr', ID = '1262'
Method 'SystemVoidpointerInternalRuntimeCompilerServicesUnsafeAsPointerSystemByteSystemByte', ID = '1264'
Method 'SystemInt32SystemRuntimeIntrinsicsVector2561SystemByteget_Count', ID = '1265'
Method 'SystemRuntimeIntrinsicsVector1281SystemByteSystemRuntimeIntrinsicsVector128CreateSystemByte', ID = '1266'
Method 'SystemRuntimeIntrinsicsVector1281SystemByteSystemSpanHelpersLoadVector128SystemByteSystemUIntPtr', ID = '1267'
Method 'SystemRuntimeIntrinsicsVector1281SystemByteSystemRuntimeIntrinsicsX86Sse2CompareEqualSystemRuntimeIntrinsicsVector1281SystemByteSystemRuntimeIntrinsicsVector1281SystemByte', ID = '1268'
Method 'SystemInt32SystemRuntimeIntrinsicsX86Sse2MoveMaskSystemRuntimeIntrinsicsVector1281SystemByte', ID = '1269'
Method 'SystemInt32SystemNumericsBitOperationsTrailingZeroCountSystemInt32', ID = '1270'
Method 'SystemUIntPtrSystemSpanHelpersGetByteVector256SpanLengthSystemUIntPtrSystemInt32', ID = '1271'
Method 'SystemRuntimeIntrinsicsVector2561SystemByteSystemRuntimeIntrinsicsVector256CreateSystemByte', ID = '1272'
Method 'SystemRuntimeIntrinsicsVector2561SystemByteSystemSpanHelpersLoadVector256SystemByteSystemUIntPtr', ID = '1273'
Method 'SystemRuntimeIntrinsicsVector2561SystemByteSystemRuntimeIntrinsicsX86Avx2CompareEqualSystemRuntimeIntrinsicsVector2561SystemByteSystemRuntimeIntrinsicsVector2561SystemByte', ID = '1274'
Method 'SystemInt32SystemRuntimeIntrinsicsX86Avx2MoveMaskSystemRuntimeIntrinsicsVector2561SystemByte', ID = '1275'
Method 'SystemUIntPtrSystemSpanHelpersGetByteVector128SpanLengthSystemUIntPtrSystemInt32', ID = '1276'
Method 'SystemUIntPtrSystemSpanHelpersGetByteVectorSpanLengthSystemUIntPtrSystemInt32', ID = '1277'
Method 'SystemVoidSystemNumericsVector1SystemBytectorSystemByte', ID = '1278'
Method 'SystemNumericsVector1SystemByteSystemSpanHelpersLoadVectorSystemByteSystemUIntPtr', ID = '1279'
Method 'SystemNumericsVector1SystemByteSystemNumericsVectorEqualsSystemByteSystemNumericsVector1SystemByteSystemNumericsVector1SystemByte', ID = '1280'
Method 'SystemNumericsVector1SystemByteSystemNumericsVector1SystemByteget_Zero', ID = '1281'
Method 'SystemBooleanSystemNumericsVector1SystemByteEqualsSystemNumericsVector1SystemByte', ID = '1282'
Method 'SystemInt32SystemSpanHelpersLocateFirstFoundByteSystemNumericsVector1SystemByte', ID = '1283'
Method 'SystemCharInternalRuntimeCompilerServicesUnsafeAsSystemByteSystemCharSystemByte', ID = '1285'
Method 'SystemVoidpointerInternalRuntimeCompilerServicesUnsafeAsPointerSystemCharSystemChar', ID = '1286'
Method 'SystemInt32SystemRuntimeIntrinsicsVector1281SystemUInt16get_Count', ID = '1287'
Method 'SystemIntPtrSystemSpanHelpersUnalignedCountVector128SystemChar', ID = '1288'
Method 'SystemInt32SystemNumericsVector1SystemUInt16get_Count', ID = '1289'
Method 'SystemIntPtrSystemSpanHelpersUnalignedCountVectorSystemChar', ID = '1290'
Method 'SystemCharInternalRuntimeCompilerServicesUnsafeAddSystemCharSystemCharSystemIntPtr', ID = '1291'
Method 'SystemRuntimeIntrinsicsVector1281SystemUInt16SystemRuntimeIntrinsicsVector128CreateSystemUInt16', ID = '1292'
Method 'SystemRuntimeIntrinsicsVector1281SystemUInt16SystemSpanHelpersLoadVector128SystemCharSystemIntPtr', ID = '1293'
Method 'SystemRuntimeIntrinsicsVector1281SystemUInt16SystemRuntimeIntrinsicsX86Sse2CompareEqualSystemRuntimeIntrinsicsVector1281SystemUInt16SystemRuntimeIntrinsicsVector1281SystemUInt16', ID = '1294'
Method 'SystemRuntimeIntrinsicsVector1281SystemByteSystemRuntimeIntrinsicsVector128AsByteSystemUInt16SystemRuntimeIntrinsicsVector1281SystemUInt16', ID = '1295'
Method 'SystemIntPtrSystemSpanHelpersGetCharVector256SpanLengthSystemIntPtrSystemIntPtr', ID = '1296'
Method 'SystemRuntimeIntrinsicsVector2561SystemUInt16SystemRuntimeIntrinsicsVector256CreateSystemUInt16', ID = '1297'
Method 'SystemRuntimeIntrinsicsVector2561SystemUInt16SystemSpanHelpersLoadVector256SystemCharSystemIntPtr', ID = '1298'
Method 'SystemRuntimeIntrinsicsVector2561SystemUInt16SystemRuntimeIntrinsicsX86Avx2CompareEqualSystemRuntimeIntrinsicsVector2561SystemUInt16SystemRuntimeIntrinsicsVector2561SystemUInt16', ID = '1299'
Method 'SystemRuntimeIntrinsicsVector2561SystemByteSystemRuntimeIntrinsicsVector256AsByteSystemUInt16SystemRuntimeIntrinsicsVector2561SystemUInt16', ID = '1300'
Method 'SystemInt32SystemRuntimeIntrinsicsVector2561SystemUInt16get_Count', ID = '1301'
Method 'SystemIntPtrSystemSpanHelpersGetCharVector128SpanLengthSystemIntPtrSystemIntPtr', ID = '1302'
Method 'SystemIntPtrSystemSpanHelpersGetCharVectorSpanLengthSystemIntPtrSystemIntPtr', ID = '1303'
Method 'SystemVoidSystemNumericsVector1SystemUInt16ctorSystemUInt16', ID = '1304'
Method 'SystemNumericsVector1SystemUInt16SystemSpanHelpersLoadVectorSystemCharSystemIntPtr', ID = '1305'
Method 'SystemNumericsVector1SystemUInt16SystemNumericsVectorEqualsSystemUInt16SystemNumericsVector1SystemUInt16SystemNumericsVector1SystemUInt16', ID = '1306'
Method 'SystemNumericsVector1SystemUInt16SystemNumericsVector1SystemUInt16get_Zero', ID = '1307'
Method 'SystemBooleanSystemNumericsVector1SystemUInt16EqualsSystemNumericsVector1SystemUInt16', ID = '1308'
Method 'SystemInt32SystemSpanHelpersLocateFirstFoundCharSystemNumericsVector1SystemUInt16', ID = '1309'
Method 'SystemInt32InternalRuntimeCompilerServicesUnsafeAsSystemByteSystemInt32SystemByte', ID = '1311'
Method 'SystemInt32InternalRuntimeCompilerServicesUnsafeAddSystemInt32SystemInt32SystemIntPtr', ID = '1312'
Method 'SystemInt64InternalRuntimeCompilerServicesUnsafeAsSystemByteSystemInt64SystemByte', ID = '1316'
Method 'SystemInt64InternalRuntimeCompilerServicesUnsafeAddSystemInt64SystemInt64SystemIntPtr', ID = '1317'
Method 'SystemVoidSystemThrowHelperThrowArgumentExceptionSystemExceptionResource', ID = '1323'
Method 'SystemStringSystemPrivateCoreLibSystemSRget_Arg_NotSupportedException', ID = '1326'
Method 'SystemBooleanSystemByteEqualsSystemObject', ID = '1327'
Method 'SystemBooleanSystemInt64EqualsSystemObject', ID = '1328'
Method 'SystemBooleanSystemNullable1SystemByteEqualsSystemObject', ID = '1329'
Method 'SystemBooleanSystemTextEncodingEqualsSystemObject', ID = '1330'
Method 'SystemBooleanCosmosSystem_PlugsSystemValueTypeImplEqualsSystemObject', ID = '1331'
Method 'SystemBooleanCosmosCore_PlugsSystemMulticastDelegateImplEqualsSystemObject', ID = '1332'
Method 'SystemBooleanCosmosCore_PlugsSystemDelegateImplEqualsSystemObject', ID = '1333'
Method 'SystemBooleanSystemDoubleIsNaNSystemDouble', ID = '1334'
Method 'SystemBooleanCosmosSystem_PlugsSystemEnumImplEqualsSystemObject', ID = '1335'
Method 'SystemBooleanSystemTypeEqualsSystemType', ID = '1336'
Method 'SystemBooleanCosmosCore_PlugsSystemRuntimeCompilerServicesRuntimeHelpersImplEqualsSystemObjectSystemObject', ID = '1337'
Method 'SystemInt32SystemByteGetHashCode', ID = '1338'
Method 'SystemInt32SystemInt64GetHashCode', ID = '1339'
Method 'SystemInt32SystemNullable1SystemByteGetHashCode', ID = '1340'
Method 'SystemInt32SystemTextEncodingGetHashCode', ID = '1341'
Method 'SystemInt32CosmosSystem_PlugsSystemValueTypeImplGetHashCode', ID = '1342'
Method 'SystemUInt64SystemMarvinget_DefaultSeed', ID = '1343'
Method 'SystemByteInternalRuntimeCompilerServicesUnsafeAsSystemCharSystemByteSystemChar', ID = '1344'
Method 'SystemInt32SystemMarvinComputeHash32SystemByteSystemUInt32SystemUInt32SystemUInt32', ID = '1345'
Method 'SystemBooleanSystemMulticastDelegateIsUnmanagedFunctionPtr', ID = '1346'
Method 'SystemIntPtrSystemIntPtrop_ExplicitSystemInt32', ID = '1348'
Method 'SystemBooleanSystemIntPtrop_InequalitySystemIntPtrSystemIntPtr', ID = '1349'
Method 'SystemBooleanSystemIntPtrop_EqualitySystemIntPtrSystemIntPtr', ID = '1351'
Method 'SystemDoubleInternalRuntimeCompilerServicesUnsafeAsRefSystemDoubleSystemDouble', ID = '1353'
Method 'SystemInt64InternalRuntimeCompilerServicesUnsafeAsSystemDoubleSystemInt64SystemDouble', ID = '1354'
Method 'SystemInt32CosmosSystem_PlugsSystemEnumImplGetHashCode', ID = '1355'
Method 'SystemInt32CosmosSystem_PlugsSystemIntPtrImplGetHashCode', ID = '1356'
Method 'SystemInt32CosmosSystem_PlugsSystemUIntPtrImplGetHashCode', ID = '1357'
Method 'SystemStringCosmosCommonStringHelperGetNumberStringSystemUInt64', ID = '1361'
Method 'SystemStringCosmosSystem_PlugsSystemUInt16ImplToString', ID = '1363'
Method 'CosmosCoreMemorySMTBlockpointerCosmosCoreMemoryHeapSmallGetFirstWithSpaceSystemUInt32CosmosCoreMemoryRootSMTBlockpointer', ID = '1364'
Method 'SystemVoidCosmosCoreMemoryHeapSmallAddRootSMTBlockCosmosCoreMemorySMTPagepointerSystemUInt32', ID = '1366'
Method 'SystemVoidCosmosCore_AsmCPUImplZeroFillSystemUInt32SystemUInt32', ID = '1367'
Method 'SystemBooleanSystemAppContextTryGetSwitchSystemStringSystemBoolean', ID = '1369'
Method 'SystemStringCosmosCore_PlugsSystemSRImplInternalGetResourceStringSystemString', ID = '1371'
Method 'SystemCollectionsGenericIEnumerator1CosmosSystemFileSystemDiskSystemSZArrayHelperGetEnumeratorCosmosSystemFileSystemDisk', ID = '1382'
Method 'SystemVoidSystemSZArrayHelperCopyToCosmosSystemFileSystemDiskCosmosSystemFileSystemDiskarraySystemInt32', ID = '1383'
Method 'SystemInt32SystemSZArrayHelperget_CountCosmosSystemFileSystemDisk', ID = '1384'
Method 'CosmosSystemFileSystemDiskSystemSZArrayHelperget_ItemCosmosSystemFileSystemDiskSystemInt32', ID = '1385'
Method 'SystemVoidSystemSZArrayHelperset_ItemCosmosSystemFileSystemDiskSystemInt32CosmosSystemFileSystemDisk', ID = '1386'
Method 'SystemVoidSystemSZArrayHelperAddCosmosSystemFileSystemDiskCosmosSystemFileSystemDisk', ID = '1387'
Method 'SystemBooleanSystemSZArrayHelperContainsCosmosSystemFileSystemDiskCosmosSystemFileSystemDisk', ID = '1388'
Method 'SystemBooleanSystemSZArrayHelperget_IsReadOnlyCosmosSystemFileSystemDisk', ID = '1389'
Method 'SystemVoidSystemSZArrayHelperClearCosmosSystemFileSystemDisk', ID = '1390'
Method 'SystemInt32SystemSZArrayHelperIndexOfCosmosSystemFileSystemDiskCosmosSystemFileSystemDisk', ID = '1391'
Method 'SystemVoidSystemSZArrayHelperInsertCosmosSystemFileSystemDiskSystemInt32CosmosSystemFileSystemDisk', ID = '1392'
Method 'SystemBooleanSystemSZArrayHelperRemoveCosmosSystemFileSystemDiskCosmosSystemFileSystemDisk', ID = '1393'
Method 'SystemVoidSystemSZArrayHelperRemoveAtCosmosSystemFileSystemDiskSystemInt32', ID = '1394'
Method 'SystemVoidSystemSZGenericArrayEnumerator1SystemBytecctor', ID = '1396'
Method 'SystemBooleanSystemRuntimeCompilerServicesRuntimeHelpersIsBitwiseEquatableSystemByte', ID = '1421'
Method 'SystemInt32InternalRuntimeCompilerServicesUnsafeSizeOfSystemByte', ID = '1422'
Method 'SystemCollectionsGenericEqualityComparer1SystemByteSystemCollectionsGenericEqualityComparer1SystemByteget_Default', ID = '1423'
Method 'SystemInt32SystemCollectionsGenericEqualityComparer1SystemByteIndexOfSystemBytearraySystemByteSystemInt32SystemInt32', ID = '1424'
Method 'SystemVoidCosmosIL2CPUSZArrayImpl1GetEnumeratord__0SystemBytectorSystemInt32', ID = '1425'
Method 'SystemVoidSystemSZGenericArrayEnumerator1SystemCharcctor', ID = '1428'
Method 'SystemBooleanSystemRuntimeCompilerServicesRuntimeHelpersIsBitwiseEquatableSystemChar', ID = '1429'
Method 'SystemInt32InternalRuntimeCompilerServicesUnsafeSizeOfSystemChar', ID = '1430'
Method 'SystemCharInternalRuntimeCompilerServicesUnsafeAsSystemCharSystemCharSystemChar', ID = '1431'
Method 'SystemInt32InternalRuntimeCompilerServicesUnsafeAsSystemCharSystemInt32SystemChar', ID = '1432'
Method 'SystemInt64InternalRuntimeCompilerServicesUnsafeAsSystemCharSystemInt64SystemChar', ID = '1433'
Method 'SystemCollectionsGenericEqualityComparer1SystemCharSystemCollectionsGenericEqualityComparer1SystemCharget_Default', ID = '1434'
Method 'SystemInt32SystemCollectionsGenericEqualityComparer1SystemCharIndexOfSystemChararraySystemCharSystemInt32SystemInt32', ID = '1435'
Method 'SystemVoidCosmosIL2CPUSZArrayImpl1GetEnumeratord__0SystemCharctorSystemInt32', ID = '1436'
Method 'SystemVoidCosmosCoreINTsPutErrorStringSystemInt32SystemInt32SystemString', ID = '1466'
Method 'SystemVoidCosmosCoreINTsPutErrorCharSystemInt32SystemInt32SystemChar', ID = '1467'
Method 'SystemVoidCosmosCoreIOPortBasectorSystemUInt16', ID = '1471'
Method 'SystemVoidCosmosCoreMemoryBlockctorSystemUInt32SystemUInt32', ID = '1476'
Method 'SystemVoidCosmosHALTextScreenSetColorsSystemConsoleColorSystemConsoleColor', ID = '1480'
Method 'SystemUInt16CosmosHALTextScreenget_Cols', ID = '1481'
Method 'SystemUInt16CosmosHALTextScreenget_Rows', ID = '1482'
Method 'SystemVoidCosmosHALTextScreenSetCursorSizeSystemInt32', ID = '1483'
Method 'SystemVoidCosmosHALTextScreenSetCursorVisibleSystemBoolean', ID = '1484'
Method 'SystemVoidCosmosCoreGlobalcctor', ID = '1485'
Method 'SystemVoidCosmosSystemConsoleClear', ID = '1486'
Method 'SystemUInt32CosmosHALPCIDeviceGetAddressBaseSystemUInt32SystemUInt32SystemUInt32', ID = '1489'
Method 'SystemUInt32CosmosCoreIOPortget_DWord', ID = '1492'
Method 'SystemVoidCosmosHALPCIDevicectorSystemUInt32SystemUInt32SystemUInt32', ID = '1493'
Method 'SystemVoidCosmosHALPCICheckFunctionCosmosHALPCIDevice', ID = '1494'
Method 'SystemVoidCosmosCoreACPIcctor', ID = '1495'
Method 'SystemUInt32CosmosCoreACPIRSDPAddress', ID = '1496'
Method 'SystemInt32CosmosCoreACPIacpiCheckHeaderSystemBytepointerSystemString', ID = '1497'
Method 'SystemInt32pointerCosmosCoreACPIfacpgetSystemInt32', ID = '1499'
Method 'SystemInt32CosmosCoreACPICompareSystemStringSystemBytepointer', ID = '1500'
Method 'SystemByteCosmosCoreACPIfacpbgetSystemInt32', ID = '1504'
Method 'SystemStringSystemNullable1SystemByteToString', ID = '1515'
Method 'SystemBooleanCosmosHALPS2ControllerWaitToWrite', ID = '1517'
Method 'SystemVoidCosmosCoreIOPortWriteset_ByteSystemByte', ID = '1518'
Method 'SystemBooleanSystemNullable1SystemByteget_HasValue', ID = '1519'
Method 'SystemByteSystemNullable1SystemByteget_Value', ID = '1520'
Method 'SystemByteCosmosCoreIOPortReadget_Byte', ID = '1521'
Method 'SystemStringCosmosCommonExtensionsToHexStringToHexSystemByte', ID = '1522'
Method 'SystemStringSystemStringConcatSystemStringSystemStringSystemStringSystemString', ID = '1523'
Method 'SystemStringSystemStringConcatSystemStringSystemStringSystemString', ID = '1524'
Method 'SystemVoidCosmosHALPS2ControllerSendDeviceCommandCosmosHALPS2ControllerDeviceCommandSystemBooleanSystemNullable1SystemByte', ID = '1526'
Method 'SystemBooleanCosmosHALPS2ControllerReadByteAfterAckWithTimeoutSystemByte', ID = '1527'
Method 'SystemVoidCosmosHALPS2MousectorSystemByteSystemByte', ID = '1528'
Method 'SystemBooleanCosmosHALPS2ControllerReadDataWithTimeoutSystemByte', ID = '1530'
Method 'SystemVoidCosmosHALPS2KeyboardctorSystemByte', ID = '1531'
Method 'SystemVoidCosmosHALBlockDeviceIDEcctor', ID = '1533'
Method 'SystemVoidCosmosHALBlockDeviceATA_PIOctorCosmosCoreIOGroupATACosmosHALBlockDeviceAtaControllerIdEnumCosmosHALBlockDeviceAtaBusPositionEnum', ID = '1536'
Method 'CosmosHALBlockDeviceATA_PIOSpecLevelCosmosHALBlockDeviceATA_PIOget_DriveType', ID = '1537'
Method 'SystemVoidCosmosHALBlockDeviceATAPIctorCosmosHALBlockDeviceATA_PIO', ID = '1540'
Method 'SystemVoidCosmosHALBlockDevicePartitionctorCosmosHALBlockDeviceBlockDeviceSystemUInt64SystemUInt64', ID = '1541'
Method 'SystemVoidCosmosHALBlockDeviceIDEScanAndInitPartitionsCosmosHALBlockDeviceBlockDevice', ID = '1542'
Method 'SystemVoidSystemCollectionsGenericList1EnumeratorCosmosHALBlockDeviceBlockDevicectorSystemCollectionsGenericList1CosmosHALBlockDeviceBlockDevice', ID = '1544'
Method 'SystemVoidCosmosHALBlockDeviceBlockDevicecctor', ID = '1545'
Method 'SystemVoidSystemCollectionsGenericList1CosmosHALBlockDeviceBlockDeviceAddWithResizeCosmosHALBlockDeviceBlockDevice', ID = '1546'
Method 'SystemBooleanSystemCollectionsGenericList1EnumeratorCosmosHALBlockDeviceBlockDeviceMoveNextRare', ID = '1547'
Method 'SystemVoidSystemCollectionsGenericList1EnumeratorCosmosHALBlockDevicePartitionctorSystemCollectionsGenericList1CosmosHALBlockDevicePartition', ID = '1550'
Method 'SystemVoidCosmosHALBlockDevicePartitioncctor', ID = '1551'
Method 'SystemStringCosmosHALBlockDevicePartitionToString', ID = '1552'
Method 'SystemVoidSystemCollectionsGenericList1CosmosHALBlockDevicePartitionAddWithResizeCosmosHALBlockDevicePartition', ID = '1553'
Method 'SystemBooleanSystemCollectionsGenericList1EnumeratorCosmosHALBlockDevicePartitionMoveNextRare', ID = '1554'
Method 'SystemVoidCosmosHALBlockDeviceAHCIcctor', ID = '1556'
Method 'SystemVoidCosmosHALPCIDeviceEnableBusMasterSystemBoolean', ID = '1557'
Method 'SystemVoidCosmosHALPCIDeviceEnableMemorySystemBoolean', ID = '1558'
Method 'SystemUInt32CosmosHALPCIBaseAddressBarget_BaseAddress', ID = '1559'
Method 'SystemVoidCosmosHALBlockDeviceRegistersGenericRegistersctorSystemUInt32', ID = '1561'
Method 'SystemUInt32CosmosHALBlockDeviceRegistersGenericRegistersget_GlobalHostControl', ID = '1563'
Method 'SystemVoidCosmosHALBlockDeviceRegistersGenericRegistersset_GlobalHostControlSystemUInt32', ID = '1564'
Method 'SystemVoidCosmosHALBlockDeviceAHCIGetCapabilities', ID = '1565'
Method 'SystemVoidSystemCollectionsGenericList1CosmosHALBlockDevicePortsStoragePortset_CapacitySystemInt32', ID = '1568'
Method 'SystemVoidCosmosHALBlockDeviceAHCIGetPorts', ID = '1569'
Method 'SystemCollectionsGenericList1EnumeratorCosmosHALBlockDevicePortsStoragePortSystemCollectionsGenericList1CosmosHALBlockDevicePortsStoragePortGetEnumerator', ID = '1570'
Method 'CosmosHALBlockDevicePortsStoragePortSystemCollectionsGenericList1EnumeratorCosmosHALBlockDevicePortsStoragePortget_Current', ID = '1571'
Method 'SystemVoidSystemRuntimeCompilerServicesDefaultInterpolatedStringHandlerctorSystemInt32SystemInt32', ID = '1574'
Method 'SystemVoidSystemRuntimeCompilerServicesDefaultInterpolatedStringHandlerAppendFormattedSystemString', ID = '1576'
Method 'SystemVoidSystemRuntimeCompilerServicesDefaultInterpolatedStringHandlerAppendLiteralSystemString', ID = '1577'
Method 'SystemVoidSystemRuntimeCompilerServicesDefaultInterpolatedStringHandlerAppendFormattedSystemUInt32SystemUInt32', ID = '1579'
Method 'SystemStringSystemRuntimeCompilerServicesDefaultInterpolatedStringHandlerToStringAndClear', ID = '1580'
Method 'SystemBooleanSystemCollectionsGenericList1EnumeratorCosmosHALBlockDevicePortsStoragePortMoveNext', ID = '1581'
Method 'SystemVoidSystemCollectionsGenericList1EnumeratorCosmosHALPCIDevicectorSystemCollectionsGenericList1CosmosHALPCIDevice', ID = '1583'
Method 'SystemVoidCosmosHALPCIDevicecctor', ID = '1584'
Method 'SystemObjectSystemArrayClone', ID = '1592'
Method 'SystemStringCosmosSystem_PlugsSystemByteImplToString', ID = '1593'
Method 'SystemVoidCosmosHALNetworkDevicector', ID = '1595'
Method 'SystemVoidSystemArgumentExceptionctorSystemString', ID = '1596'
Method 'SystemVoidCosmosHALPCIDeviceset_ClaimedSystemBoolean', ID = '1597'
Method 'SystemVoidCosmosHALPCIDeviceEnableDevice', ID = '1598'
Method 'SystemVoidCosmosCoreIOGroupNetworkAMDPCNetIIIOGroupctorSystemUInt16', ID = '1599'
Method 'SystemUInt32CosmosCoreIOPortReadget_DWord', ID = '1601'
Method 'SystemByteCosmosCommonBinaryHelperGetByteFrom32bitSystemUInt32SystemByte', ID = '1602'
Method 'SystemVoidCosmosHALNetworkMACAddressctorSystemBytearray', ID = '1603'
Method 'SystemVoidCosmosCoreManagedMemoryBlockctorSystemUInt32SystemInt32', ID = '1604'
Method 'SystemVoidCosmosCoreManagedMemoryBlockWrite32SystemUInt32SystemUInt32', ID = '1605'
Method 'SystemVoidCosmosHALDriversPCINetworkAMDPCNetIIset_InitializationBlockAddressSystemUInt32', ID = '1607'
Method 'SystemVoidCosmosHALDriversPCINetworkAMDPCNetIIset_SoftwareStyleRegisterSystemUInt32', ID = '1608'
Method 'SystemVoidSystemCollectionsGenericList1CosmosCoreManagedMemoryBlockctor', ID = '1609'
Method 'SystemVoidCosmosCoreManagedMemoryBlockctorSystemUInt32', ID = '1610'
Method 'SystemVoidSystemCollectionsGenericList1CosmosCoreManagedMemoryBlockAddCosmosCoreManagedMemoryBlock', ID = '1611'
Method 'SystemVoidSystemCollectionsGenericQueue1SystemBytearrayctor', ID = '1612'
Method 'SystemVoidCosmosHALDriversPCINetworkAMDPCNetIIHandleNetworkInterruptCosmosCoreINTsIRQContext', ID = '1613'
Method 'CosmosHALNetworkMACAddressCosmosHALDriversPCINetworkAMDPCNetIIget_MACAddress', ID = '1616'
Method 'SystemBooleanCosmosHALDriversPCINetworkAMDPCNetIIEnable', ID = '1617'
Method 'SystemVoidCosmosHALDriversPCINetworkRTL8139HandleNetworkInterruptCosmosCoreINTsIRQContext', ID = '1619'
Method 'SystemVoidCosmosHALDriversPCINetworkRTL8139OutBSystemUInt32SystemByte', ID = '1620'
Method 'SystemVoidCosmosHALDriversPCINetworkRTL8139SoftwareReset', ID = '1621'
Method 'SystemByteCosmosHALDriversPCINetworkRTL8139InbSystemUInt32', ID = '1622'
Method 'SystemVoidCosmosHALDriversPCINetworkRTL8139set_RBStartRegisterSystemUInt32', ID = '1623'
Method 'SystemVoidCosmosHALDriversPCINetworkRTL8139set_RecvConfigRegisterSystemUInt32', ID = '1624'
Method 'SystemVoidCosmosHALDriversPCINetworkRTL8139set_TransmitConfigRegisterSystemUInt32', ID = '1625'
Method 'SystemVoidCosmosHALDriversPCINetworkRTL8139set_IntMaskRegisterSystemUInt16', ID = '1626'
Method 'SystemVoidCosmosHALDriversPCINetworkRTL8139set_IntStatusRegisterSystemUInt16', ID = '1627'
Method 'SystemBooleanSystemCollectionsGenericList1EnumeratorCosmosHALPCIDeviceMoveNextRare', ID = '1628'
Method 'SystemVoidCosmosHALDebugSerialcctor', ID = '1632'
Method 'SystemVoidSystemThrowHelperThrowArgumentOutOfRangeExceptionSystemExceptionArgument', ID = '1644'
Method 'SystemInt32SystemCollectionsGenericDictionary2SystemUInt32CosmosHALNetworkDeviceInitializeSystemInt32', ID = '1645'
Method 'SystemCollectionsGenericIEqualityComparer1SystemStringSystemCollectionsGenericNonRandomizedStringEqualityComparerGetStringComparerSystemObject', ID = '1648'
Method 'SystemVoidCosmosSystemKeyboardManagercctor', ID = '1649'
Method 'SystemInt32SystemCollectionsGenericList1CosmosHALBlockDeviceBlockDeviceget_Count', ID = '1650'
Method 'SystemCollectionsGenericList1CosmosSystemFileSystemDiskCosmosSystemFileSystemCosmosVFSget_Disks', ID = '1651'
Method 'SystemVoidCosmosSystemFileSystemDiskctorCosmosHALBlockDeviceBlockDevice', ID = '1652'
Method 'SystemVoidSystemCollectionsGenericList1CosmosSystemFileSystemDiskAddCosmosSystemFileSystemDisk', ID = '1653'
Method 'SystemVoidCosmosSystemFileSystemCosmosVFSInitializePartitions', ID = '1654'
Method 'SystemVoidCosmosCoreBaseIOGroupscctor', ID = '1657'
Method 'SystemUInt32CosmosHALPITget_T0DelayNS', ID = '1662'
Method 'SystemInt32SystemCollectionsGenericList1CosmosHALPITPITTimerget_Count', ID = '1663'
Method 'CosmosHALPITPITTimerSystemCollectionsGenericList1CosmosHALPITPITTimerget_ItemSystemInt32', ID = '1664'
Method 'SystemVoidSystemCollectionsGenericList1CosmosHALPITPITTimerRemoveAtSystemInt32', ID = '1666'
Method 'SystemVoidCosmosCore_AsmDelegateImplInvoke', ID = '1468'
Method 'SystemVoidCosmosCoreINTsSetIntHandlerSystemByteCosmosCoreINTsIRQDelegate', ID = '1669'
Method 'SystemVoidSystemThrowHelperThrowArgumentOutOfRangeExceptionSystemExceptionArgumentSystemExceptionResource', ID = '1671'
Method 'SystemVoidCosmosSystemConsoleUpdateCursor', ID = '1676'
Method 'SystemVoidSystemCollectionsGenericList1SystemCharAddWithResizeSystemChar', ID = '1677'
Method 'SystemVoidCosmosHALKeyboardBaseWaitForKey', ID = '1678'
Method 'SystemInt32SystemCollectionsGenericQueue1CosmosSystemKeyEventget_Count', ID = '1680'
Method 'CosmosSystemKeyEventSystemCollectionsGenericQueue1CosmosSystemKeyEventDequeue', ID = '1681'
Method 'SystemVoidSystemArrayCopySystemArraySystemArraySystemInt32', ID = '1682'
Method 'SystemVoidCosmosCore_PlugsSystemStringImplCtorSystemChararraySystemStringSystemInt32SystemCharpointer', ID = '1683'
Method 'SystemVoidCosmosCore_PlugsSystemStringImplcctor', ID = '1684'
Method 'SystemStringCosmosCore_PlugsSystemStringImplChangeCasingSystemStringSystemInt32SystemInt32SystemInt32', ID = '1685'
Method 'SystemBooleanCosmosCore_PlugsSystemStringImplEqualsHelperSystemStringSystemString', ID = '1687'
Method 'SystemBooleanCosmosSystemVMToolsGetIsQEMU', ID = '1689'
Method 'SystemVoidCosmosCoreCPUReboot', ID = '1691'
Method 'SystemBooleanCosmosSystemVMToolsGetIsVirtualBox', ID = '1692'
Method 'SystemVoidCosmosCoreACPIShutdown', ID = '1695'
Method 'SystemVoidSystemCollectionsGenericList1CosmosSystemFileSystemListingDirectoryEntrycctor', ID = '1696'
Method 'SystemStringSystemPrivateCoreLibSystemSRget_ArgumentNull_Generic', ID = '1704'
Method 'SystemCollectionsGenericList1CosmosSystemFileSystemListingDirectoryEntryCosmosSystemFileSystemCosmosVFSGetDirectoryListingSystemString', ID = '1705'
Method 'SystemVoidSystemThrowHelperThrowInvalidOperationException_InvalidOperation_EnumFailedVersion', ID = '1706'
Method 'SystemStringSystemPrivateCoreLibSystemSRget_ArgumentOutOfRange_ActualValue', ID = '1707'
Method 'SystemStringSystemPrivateCoreLibSystemSRFormatSystemStringSystemObject', ID = '1708'
Method 'SystemVoidSystemArgumentExceptionSetMessageField', ID = '1709'
Method 'SystemStringSystemPrivateCoreLibSystemSRget_Arg_ParamName_Name', ID = '1710'
Method 'SystemVoidSystemIOStreamcctor', ID = '1712'
Method 'SystemVoidSystemIOStreamDispose', ID = '1714'
Method 'SystemStringSystemStringRemoveSystemInt32', ID = '1717'
Method 'CosmosSystemFileSystemListingDirectoryEntrySystemCollectionsGenericList1CosmosSystemFileSystemListingDirectoryEntryget_ItemSystemInt32', ID = '1720'
Method 'SystemInt32SystemCollectionsGenericList1CosmosSystemFileSystemListingDirectoryEntryget_Count', ID = '1722'
Method 'SystemVoidSystemTextEncodingcctor', ID = '1723'
Method 'SystemVoidSystemTextASCIIEncodingcctor', ID = '1727'
Method 'SystemInt32SystemTextASCIIEncodingGetByteCountSystemString', ID = '1728'
Method 'SystemInt32SystemTextASCIIEncodingGetBytesSystemStringSystemInt32SystemInt32SystemBytearraySystemInt32', ID = '1730'
Method 'CosmosSystemFileSystemListingDirectoryEntryCosmosSystemFileSystemCosmosVFSGetFileSystemString', ID = '1732'
Method 'SystemBooleanCosmosSystemFileSystemCosmosVFSDeleteFileCosmosSystemFileSystemListingDirectoryEntry', ID = '1734'
Method 'SystemVoidCosmosSystemPCSpeakerBeepSystemUInt32SystemUInt32', ID = '1735'
Method 'SystemVoidCosmosCore_PlugsSystemInternalEnvironmentImplCCtor', ID = '1736'
Method 'SystemVoidCosmosCore_PlugsSystemTypeImplCCtor', ID = '1742'
Method 'SystemVoidCosmosCoreCosmosRuntimeTypector', ID = '1745'
Method 'SystemVoidCosmosCommonStringHelpercctor', ID = '1746'
Method 'SystemRuntimeIntrinsicsVector1281SystemDoubleSystemRuntimeIntrinsicsVector128CreateScalarUnsafeSystemDouble', ID = '1749'
Method 'SystemRuntimeIntrinsicsVector1281SystemInt64SystemRuntimeIntrinsicsVector128AsInt64SystemDoubleSystemRuntimeIntrinsicsVector1281SystemDouble', ID = '1750'
Method 'SystemInt64SystemRuntimeIntrinsicsX86Sse2X64ConvertToInt64SystemRuntimeIntrinsicsVector1281SystemInt64', ID = '1751'
Method 'SystemChararrayCosmosCore_PlugsSystemStringImplToCharArray', ID = '1752'
Method 'SystemStringSystemPrivateCoreLibSystemSRget_ArgumentOutOfRange_StartIndex', ID = '1753'
Method 'SystemStringSystemPrivateCoreLibSystemSRget_ArgumentOutOfRange_StartIndexLargerThanLength', ID = '1754'
Method 'SystemStringSystemPrivateCoreLibSystemSRget_ArgumentOutOfRange_NegativeLength', ID = '1755'
Method 'SystemStringSystemPrivateCoreLibSystemSRget_ArgumentOutOfRange_IndexLength', ID = '1756'
Method 'SystemStringSystemStringInternalSubStringSystemInt32SystemInt32', ID = '1757'
Method 'SystemVoidSystemNotImplementedExceptionctor', ID = '1758'
Method 'SystemBooleanCosmosCore_PlugsRuntimeIntrinsicsX86Sse2Implget_IsSupported', ID = '1760'
Method 'SystemVoidSystemThrowHelperThrowForUnsupportedIntrinsicsVectorBaseTypeSystemByte', ID = '1763'
Method 'SystemVoidSystemThrowHelperThrowForUnsupportedNumericsVectorBaseTypeSystemByte', ID = '1766'
Method 'SystemInt32InternalRuntimeCompilerServicesUnsafeSizeOfSystemNumericsVector1SystemByte', ID = '1767'
Method 'SystemBooleanCosmosCore_PlugsRuntimeIntrinsicsX86Avx2Implget_IsSupported', ID = '1769'
Method 'SystemBooleanSystemRuntimeIntrinsicsArmAdvSimdget_IsSupported', ID = '1772'
Method 'SystemRuntimeIntrinsicsVector1281SystemByteSystemRuntimeIntrinsicsVector128Createg__SoftwareFallbacksLine20_0SystemByte', ID = '1773'
Method 'SystemRuntimeIntrinsicsVector1281SystemByteInternalRuntimeCompilerServicesUnsafeReadUnalignedSystemRuntimeIntrinsicsVector1281SystemByteSystemByte', ID = '1774'
Method 'SystemInt32SystemNumericsBitOperationsTrailingZeroCountSystemUInt32', ID = '1776'
Method 'SystemBooleanSystemRuntimeIntrinsicsX86Avxget_IsSupported', ID = '1778'
Method 'SystemRuntimeIntrinsicsVector2561SystemByteSystemRuntimeIntrinsicsVector256Createg__SoftwareFallbacksLine14_0SystemByte', ID = '1779'
Method 'SystemRuntimeIntrinsicsVector2561SystemByteInternalRuntimeCompilerServicesUnsafeReadUnalignedSystemRuntimeIntrinsicsVector2561SystemByteSystemByte', ID = '1780'
Method 'SystemVoidInternalRuntimeCompilerServicesUnsafeSkipInitSystemNumericsVector1SystemByteSystemNumericsVector1SystemByte', ID = '1781'
Method 'SystemVoidSystemNumericsVector1SystemByteSetElementSystemIntPtrSystemByte', ID = '1782'
Method 'SystemNumericsVector1SystemByteInternalRuntimeCompilerServicesUnsafeReadUnalignedSystemNumericsVector1SystemByteSystemByte', ID = '1783'
Method 'SystemNumericsVector1SystemByteSystemNumericsVector1SystemByteEqualsSystemNumericsVector1SystemByteSystemNumericsVector1SystemByte', ID = '1784'
Method 'SystemBooleanSystemNumericsVector1SystemByteop_EqualitySystemNumericsVector1SystemByteSystemNumericsVector1SystemByte', ID = '1785'
Method 'SystemNumericsVector1SystemUInt64SystemNumericsVectorAsVectorUInt64SystemByteSystemNumericsVector1SystemByte', ID = '1786'
Method 'SystemUInt64SystemNumericsVector1SystemUInt64get_ItemSystemInt32', ID = '1787'
Method 'SystemInt32SystemNumericsVector1SystemUInt64get_Count', ID = '1788'
Method 'SystemInt32SystemSpanHelpersLocateFirstFoundByteSystemUInt64', ID = '1789'
Method 'SystemVoidSystemThrowHelperThrowForUnsupportedIntrinsicsVectorBaseTypeSystemUInt16', ID = '1791'
Method 'SystemInt32InternalRuntimeCompilerServicesUnsafeSizeOfSystemUInt16', ID = '1792'
Method 'SystemVoidSystemThrowHelperThrowForUnsupportedNumericsVectorBaseTypeSystemUInt16', ID = '1794'
Method 'SystemInt32InternalRuntimeCompilerServicesUnsafeSizeOfSystemNumericsVector1SystemUInt16', ID = '1795'
Method 'SystemRuntimeIntrinsicsVector1281SystemUInt16SystemRuntimeIntrinsicsVector128Createg__SoftwareFallbacksLine27_0SystemUInt16', ID = '1796'
Method 'SystemRuntimeIntrinsicsVector1281SystemUInt16InternalRuntimeCompilerServicesUnsafeReadUnalignedSystemRuntimeIntrinsicsVector1281SystemUInt16SystemByte', ID = '1797'
Method 'SystemRuntimeIntrinsicsVector1281SystemByteSystemRuntimeIntrinsicsVector128AsSystemUInt16SystemByteSystemRuntimeIntrinsicsVector1281SystemUInt16', ID = '1798'
Method 'SystemRuntimeIntrinsicsVector2561SystemUInt16SystemRuntimeIntrinsicsVector256Createg__SoftwareFallbacksLine21_0SystemUInt16', ID = '1800'
Method 'SystemRuntimeIntrinsicsVector2561SystemUInt16InternalRuntimeCompilerServicesUnsafeReadUnalignedSystemRuntimeIntrinsicsVector2561SystemUInt16SystemByte', ID = '1801'
Method 'SystemRuntimeIntrinsicsVector2561SystemByteSystemRuntimeIntrinsicsVector256AsSystemUInt16SystemByteSystemRuntimeIntrinsicsVector2561SystemUInt16', ID = '1802'
Method 'SystemVoidInternalRuntimeCompilerServicesUnsafeSkipInitSystemNumericsVector1SystemUInt16SystemNumericsVector1SystemUInt16', ID = '1803'
Method 'SystemVoidSystemNumericsVector1SystemUInt16SetElementSystemIntPtrSystemUInt16', ID = '1804'
Method 'SystemNumericsVector1SystemUInt16InternalRuntimeCompilerServicesUnsafeReadUnalignedSystemNumericsVector1SystemUInt16SystemByte', ID = '1805'
Method 'SystemNumericsVector1SystemUInt16SystemNumericsVector1SystemUInt16EqualsSystemNumericsVector1SystemUInt16SystemNumericsVector1SystemUInt16', ID = '1806'
Method 'SystemBooleanSystemNumericsVector1SystemUInt16op_EqualitySystemNumericsVector1SystemUInt16SystemNumericsVector1SystemUInt16', ID = '1807'
Method 'SystemNumericsVector1SystemUInt64SystemNumericsVectorAsVectorUInt64SystemUInt16SystemNumericsVector1SystemUInt16', ID = '1808'
Method 'SystemInt32SystemSpanHelpersLocateFirstFoundCharSystemUInt64', ID = '1809'
Method 'SystemCollectionsGenericIEnumerator1SystemInt32SystemSZArrayHelperGetEnumeratorSystemInt32', ID = '1810'
Method 'SystemVoidSystemSZArrayHelperCopyToSystemInt32SystemInt32arraySystemInt32', ID = '1811'
Method 'SystemInt32SystemSZArrayHelperget_CountSystemInt32', ID = '1812'
Method 'SystemInt32SystemSZArrayHelperget_ItemSystemInt32SystemInt32', ID = '1813'
Method 'SystemVoidSystemSZArrayHelperset_ItemSystemInt32SystemInt32SystemInt32', ID = '1814'
Method 'SystemVoidSystemSZArrayHelperAddSystemInt32SystemInt32', ID = '1815'
Method 'SystemBooleanSystemSZArrayHelperContainsSystemInt32SystemInt32', ID = '1816'
Method 'SystemBooleanSystemSZArrayHelperget_IsReadOnlySystemInt32', ID = '1817'
Method 'SystemVoidSystemSZArrayHelperClearSystemInt32', ID = '1818'
Method 'SystemInt32SystemSZArrayHelperIndexOfSystemInt32SystemInt32', ID = '1819'
Method 'SystemVoidSystemSZArrayHelperInsertSystemInt32SystemInt32SystemInt32', ID = '1820'
Method 'SystemBooleanSystemSZArrayHelperRemoveSystemInt32SystemInt32', ID = '1821'
Method 'SystemVoidSystemSZArrayHelperRemoveAtSystemInt32SystemInt32', ID = '1822'
Method 'SystemBooleanSystemInt32EqualsSystemInt32', ID = '1829'
Method 'SystemCollectionsGenericIEnumerator1SystemInt64SystemSZArrayHelperGetEnumeratorSystemInt64', ID = '1830'
Method 'SystemVoidSystemSZArrayHelperCopyToSystemInt64SystemInt64arraySystemInt32', ID = '1831'
Method 'SystemInt32SystemSZArrayHelperget_CountSystemInt64', ID = '1832'
Method 'SystemInt64SystemSZArrayHelperget_ItemSystemInt64SystemInt32', ID = '1833'
Method 'SystemVoidSystemSZArrayHelperset_ItemSystemInt64SystemInt32SystemInt64', ID = '1834'
Method 'SystemVoidSystemSZArrayHelperAddSystemInt64SystemInt64', ID = '1835'
Method 'SystemBooleanSystemSZArrayHelperContainsSystemInt64SystemInt64', ID = '1836'
Method 'SystemBooleanSystemSZArrayHelperget_IsReadOnlySystemInt64', ID = '1837'
Method 'SystemVoidSystemSZArrayHelperClearSystemInt64', ID = '1838'
Method 'SystemInt32SystemSZArrayHelperIndexOfSystemInt64SystemInt64', ID = '1839'
Method 'SystemVoidSystemSZArrayHelperInsertSystemInt64SystemInt32SystemInt64', ID = '1840'
Method 'SystemBooleanSystemSZArrayHelperRemoveSystemInt64SystemInt64', ID = '1841'
Method 'SystemVoidSystemSZArrayHelperRemoveAtSystemInt64SystemInt32', ID = '1842'
Method 'SystemBooleanSystemInt64EqualsSystemInt64', ID = '1849'
Method 'SystemVoidSystemCollectionsGenericEqualityComparer1SystemUInt32cctor', ID = '1850'
Method 'SystemInt32CosmosCore_PlugsSystemArrayImplget_Rank', ID = '1852'
Method 'SystemArgumentExceptionSystemThrowHelperGetArgumentExceptionSystemExceptionResource', ID = '1853'
Method 'SystemInt32CosmosCore_PlugsSystemArrayImplGetLowerBoundSystemInt32', ID = '1854'
Method 'SystemInt32CosmosCore_AsmArrayImplget_Length', ID = '1855'
Method 'SystemTextEncoderFallbackSystemTextEncodingget_EncoderFallback', ID = '1856'
Method 'SystemTextDecoderFallbackSystemTextEncodingget_DecoderFallback', ID = '1857'
Method 'SystemUInt32InternalRuntimeCompilerServicesUnsafeReadUnalignedSystemUInt32SystemByte', ID = '1864'
Method 'SystemVoidSystemMarvinBlockSystemUInt32SystemUInt32', ID = '1865'
Method 'SystemUInt16InternalRuntimeCompilerServicesUnsafeReadUnalignedSystemUInt16SystemByte', ID = '1867'
Method 'SystemInt32CosmosSystem_PlugsSystemValueTypeImplGetHashCodeOfPtrSystemIntPtr', ID = '1868'
Method 'SystemVoidSystemIntPtrctorSystemInt32', ID = '1869'
Method 'SystemInt32CosmosCore_PlugsSystemRuntimeCompilerServicesRuntimeHelpersImplGetHashCodeSystemObject', ID = '1870'
Method 'SystemUInt32SystemUIntPtrop_ExplicitSystemUIntPtr', ID = '1873'
Method 'SystemTypeCosmosCoreCosmosRuntimeTypeget_UnderlyingSystemType', ID = '1874'
Method 'SystemStringSystemPrivateCoreLibSystemSRget_Argument_EmptyName', ID = '1879'
Method 'SystemVoidSystemThreadingMonitorEnterSystemObjectSystemBoolean', ID = '1881'
Method 'SystemBooleanSystemCollectionsGenericDictionary2SystemStringSystemBooleanTryGetValueSystemStringSystemBoolean', ID = '1882'
Method 'SystemObjectSystemAppContextGetDataSystemString', ID = '1884'
Method 'SystemBooleanSystemBooleanTryParseSystemStringSystemBoolean', ID = '1885'
Method 'SystemVoidSystemCollectionsGenericEqualityComparer1SystemDelegatecctor', ID = '1887'
Method 'SystemVoidSystemCollectionsGenericEqualityComparer1SystemObjectcctor', ID = '1889'
Method 'CosmosSystemFileSystemDiskarrayInternalRuntimeCompilerServicesUnsafeAsCosmosSystemFileSystemDiskarraySystemObject', ID = '1894'
Method 'SystemVoidSystemSZGenericArrayEnumerator1CosmosSystemFileSystemDiskctorCosmosSystemFileSystemDiskarray', ID = '1895'
Method 'SystemInt32SystemArrayIndexOfCosmosSystemFileSystemDiskCosmosSystemFileSystemDiskarrayCosmosSystemFileSystemDiskSystemInt32SystemInt32', ID = '1898'
Method 'SystemCollectionsGenericIEnumerator1CosmosSystemFileSystemDiskCosmosIL2CPUSZArrayImpl1CosmosSystemFileSystemDiskGetEnumerator', ID = '1899'
Method 'SystemVoidCosmosIL2CPUSZArrayImpl1CosmosSystemFileSystemDiskCopyToCosmosSystemFileSystemDiskarraySystemInt32', ID = '1900'
Method 'SystemInt32CosmosIL2CPUSZArrayImpl1CosmosSystemFileSystemDiskget_Count', ID = '1901'
Method 'CosmosSystemFileSystemDiskCosmosIL2CPUSZArrayImpl1CosmosSystemFileSystemDiskget_ItemSystemInt32', ID = '1902'
Method 'SystemVoidCosmosIL2CPUSZArrayImpl1CosmosSystemFileSystemDiskset_ItemSystemInt32CosmosSystemFileSystemDisk', ID = '1903'
Method 'SystemVoidCosmosIL2CPUSZArrayImpl1CosmosSystemFileSystemDiskAddCosmosSystemFileSystemDisk', ID = '1904'
Method 'SystemBooleanCosmosIL2CPUSZArrayImpl1CosmosSystemFileSystemDiskContainsCosmosSystemFileSystemDisk', ID = '1905'
Method 'SystemBooleanCosmosIL2CPUSZArrayImpl1CosmosSystemFileSystemDiskget_IsReadOnly', ID = '1906'
Method 'SystemVoidCosmosIL2CPUSZArrayImpl1CosmosSystemFileSystemDiskClear', ID = '1907'
Method 'SystemInt32CosmosIL2CPUSZArrayImpl1CosmosSystemFileSystemDiskIndexOfCosmosSystemFileSystemDisk', ID = '1908'
Method 'SystemVoidCosmosIL2CPUSZArrayImpl1CosmosSystemFileSystemDiskInsertSystemInt32CosmosSystemFileSystemDisk', ID = '1909'
Method 'SystemVoidCosmosIL2CPUSZArrayImpl1CosmosSystemFileSystemDiskRemoveAtSystemInt32', ID = '1910'
Method 'SystemBooleanCosmosIL2CPUSZArrayImpl1CosmosSystemFileSystemDiskget_IsFixedSize', ID = '1911'
Method 'SystemVoidCosmosIL2CPUSZArrayImpl1CosmosSystemFileSystemDiskRemoveCosmosSystemFileSystemDisk', ID = '1912'
Method 'SystemObjectCosmosIL2CPUSZArrayImpl1CosmosSystemFileSystemDiskget_SyncRoot', ID = '1913'
Method 'SystemBooleanCosmosIL2CPUSZArrayImpl1CosmosSystemFileSystemDiskget_IsSynchronized', ID = '1914'
Method 'SystemVoidCosmosIL2CPUSZArrayImpl1GetEnumeratord__0SystemByteSystemIDisposableDispose', ID = '1918'
Method 'SystemVoidCosmosIL2CPUSZArrayImpl1GetEnumeratord__0SystemCharSystemIDisposableDispose', ID = '1922'
Method 'SystemStringCosmosSystem_PlugsSystemInt64ImplToString', ID = '1923'
Method 'SystemByteCosmosCore_AsmIOPortImplRead8SystemUInt16', ID = '1925'
Method 'SystemVoidCosmosCore_AsmIOPortImplWrite8SystemUInt16SystemByte', ID = '1926'
Method 'SystemVoidCosmosCoreMemoryBlock08ctorSystemUInt32SystemUInt32', ID = '1927'
Method 'SystemVoidCosmosCoreMemoryBlock16ctorSystemUInt32SystemUInt32', ID = '1928'
Method 'SystemVoidCosmosCoreMemoryBlock32ctorSystemUInt32SystemUInt32', ID = '1929'
Method 'SystemVoidCosmosCoreBaseIOGroupsctor', ID = '1931'
Method 'SystemVoidSystemCollectionsGenericList1CosmosHALPCIDevicecctor', ID = '1933'
Method 'SystemUInt16CosmosHALPCIDeviceReadRegister16SystemByte', ID = '1941'
Method 'SystemUInt32CosmosHALPCIDeviceReadRegister32SystemByte', ID = '1942'
Method 'SystemByteCosmosHALPCIDeviceReadRegister8SystemByte', ID = '1943'
Method 'SystemVoidCosmosHALPCIDeviceset_InterruptLineSystemByte', ID = '1944'
Method 'SystemVoidCosmosHALPCIBaseAddressBarctorSystemUInt32', ID = '1946'
Method 'SystemVoidSystemCollectionsGenericList1CosmosHALPCIDeviceAddCosmosHALPCIDevice', ID = '1947'
Method 'SystemBooleanCosmosCoreACPICheck_RSDSystemUInt32', ID = '1949'
Method 'SystemVoidSystemThrowHelperThrowInvalidOperationException_InvalidOperation_NoValue', ID = '1953'
Method 'SystemStringCosmosCommonExtensionsToHexStringConvertToHexSystemUInt32SystemInt32', ID = '1955'
Method 'SystemBooleanCosmosHALPS2ControllerWaitForAck', ID = '1957'
Method 'SystemVoidCosmosHALMouseBasector', ID = '1959'
Method 'SystemVoidCosmosHALPS2MouseInitialize', ID = '1961'
Method 'SystemVoidCosmosHALKeyboardBasector', ID = '1963'
Method 'SystemVoidCosmosHALPS2KeyboardInitialize', ID = '1965'
Method 'CosmosHALPCIDeviceCosmosHALPCIGetDeviceClassCosmosHALClassIDCosmosHALSubclassID', ID = '1966'
Method 'SystemVoidSystemCollectionsGenericList1CosmosHALBlockDeviceBlockDevicector', ID = '1967'
Method 'SystemVoidSystemCollectionsGenericList1CosmosHALBlockDevicePartitionctor', ID = '1968'
Method 'SystemVoidCosmosHALBlockDeviceAtactor', ID = '1970'
Method 'CosmosHALBlockDeviceATA_PIOSpecLevelCosmosHALBlockDeviceATA_PIODiscoverDrive', ID = '1971'
Method 'SystemVoidCosmosHALBlockDeviceATA_PIOInitDrive', ID = '1972'
Method 'SystemVoidCosmosHALBlockDeviceAtacctor', ID = '1974'
Method 'SystemStringCosmosHALBlockDeviceAtaToString', ID = '1975'
Method 'SystemVoidCosmosHALBlockDeviceBlockDevicector', ID = '1977'
Method 'CosmosHALBlockDeviceAtaBusPositionEnumCosmosHALBlockDeviceAtaget_BusPosition', ID = '1978'
Method 'SystemVoidCosmosHALBlockDeviceATAPIset_BusPositionCosmosHALBlockDeviceAtaBusPositionEnum', ID = '1979'
Method 'CosmosHALBlockDeviceAtaControllerIdEnumCosmosHALBlockDeviceAtaget_ControllerID', ID = '1980'
Method 'SystemVoidCosmosHALBlockDeviceATAPIset_PrimarySystemBoolean', ID = '1981'
Method 'SystemBooleanCosmosHALBlockDeviceATAPIget_Primary', ID = '1982'
Method 'SystemVoidCosmosCoreIOGroupATActorSystemBoolean', ID = '1983'
Method 'CosmosHALBlockDeviceAtaBusPositionEnumCosmosHALBlockDeviceATAPIget_BusPosition', ID = '1985'
Method 'SystemUInt64CosmosHALBlockDeviceATAPIGetMaxLBA', ID = '1986'
Method 'SystemVoidCosmosHALBlockDeviceATAPIset_MaxLBASystemUInt64', ID = '1987'
Method 'SystemVoidCosmosHALBlockDeviceATAPIInit', ID = '1988'
Method 'SystemUInt64CosmosHALBlockDeviceBlockDeviceget_BlockSize', ID = '1989'
Method 'SystemBooleanCosmosHALBlockDeviceGPTIsGPTPartitionCosmosHALBlockDeviceBlockDevice', ID = '1990'
Method 'SystemVoidCosmosHALBlockDeviceGPTctorCosmosHALBlockDeviceBlockDevice', ID = '1991'
Method 'SystemInt32SystemCollectionsGenericList1CosmosHALBlockDeviceGPTGPartInfoget_Count', ID = '1993'
Method 'SystemVoidCosmosDebugKernelDebuggerSendNumberSystemInt32', ID = '1994'
Method 'SystemCollectionsGenericList1EnumeratorCosmosHALBlockDeviceGPTGPartInfoSystemCollectionsGenericList1CosmosHALBlockDeviceGPTGPartInfoGetEnumerator', ID = '1995'
Method 'CosmosHALBlockDeviceGPTGPartInfoSystemCollectionsGenericList1EnumeratorCosmosHALBlockDeviceGPTGPartInfoget_Current', ID = '1996'
Method 'SystemBooleanSystemCollectionsGenericList1EnumeratorCosmosHALBlockDeviceGPTGPartInfoMoveNext', ID = '1998'
Method 'SystemVoidCosmosHALBlockDeviceMBRctorCosmosHALBlockDeviceBlockDevice', ID = '2000'
Method 'SystemVoidCosmosHALBlockDeviceEBRctorSystemBytearray', ID = '2003'
Method 'SystemInt32SystemCollectionsGenericList1CosmosHALBlockDeviceEBRPartInfoget_Count', ID = '2005'
Method 'SystemCollectionsGenericList1EnumeratorCosmosHALBlockDeviceMBRPartInfoSystemCollectionsGenericList1CosmosHALBlockDeviceMBRPartInfoGetEnumerator', ID = '2006'
Method 'CosmosHALBlockDeviceMBRPartInfoSystemCollectionsGenericList1EnumeratorCosmosHALBlockDeviceMBRPartInfoget_Current', ID = '2007'
Method 'SystemBooleanSystemCollectionsGenericList1EnumeratorCosmosHALBlockDeviceMBRPartInfoMoveNext', ID = '2009'
Method 'SystemVoidSystemCollectionsGenericList1CosmosHALBlockDeviceBlockDevicecctor', ID = '2011'
Method 'SystemVoidSystemCollectionsGenericList1CosmosHALBlockDeviceBlockDeviceGrowSystemInt32', ID = '2018'
Method 'SystemVoidSystemCollectionsGenericList1CosmosHALBlockDevicePartitioncctor', ID = '2019'
Method 'SystemVoidSystemCollectionsGenericList1CosmosHALBlockDevicePartitionGrowSystemInt32', ID = '2026'
Method 'CosmosHALPCIDeviceCosmosHALPCIGetDeviceClassCosmosHALClassIDCosmosHALSubclassIDCosmosHALProgramIF', ID = '2027'
Method 'SystemVoidSystemCollectionsGenericList1CosmosHALBlockDevicePortsStoragePortctor', ID = '2028'
Method 'SystemVoidCosmosHALPCIDeviceWriteRegister16SystemByteSystemUInt16', ID = '2029'
Method 'SystemUInt32CosmosCoreMemoryBlockget_ItemSystemUInt32', ID = '2031'
Method 'SystemVoidCosmosCoreMemoryBlockset_ItemSystemUInt32SystemUInt32', ID = '2032'
Method 'SystemUInt32CosmosHALBlockDeviceRegistersGenericRegistersget_Capabilities', ID = '2033'
Method 'SystemUInt32CosmosHALBlockDeviceRegistersGenericRegistersget_ImplementedPorts', ID = '2056'
Method 'SystemVoidCosmosHALBlockDeviceRegistersPortRegistersctorSystemUInt32SystemUInt32', ID = '2057'
Method 'CosmosHALBlockDeviceRegistersPortTypeCosmosHALBlockDeviceAHCICheckPortTypeCosmosHALBlockDeviceRegistersPortRegisters', ID = '2058'
Method 'SystemStringSystemStringPadLeftSystemInt32SystemChar', ID = '2060'
Method 'SystemVoidCosmosHALBlockDeviceAHCIPortRebaseCosmosHALBlockDeviceRegistersPortRegistersSystemUInt32', ID = '2061'
Method 'SystemVoidCosmosHALBlockDevicePortsSATActorCosmosHALBlockDeviceRegistersPortRegisters', ID = '2062'
Method 'SystemVoidSystemCollectionsGenericList1CosmosHALBlockDevicePortsStoragePortAddCosmosHALBlockDevicePortsStoragePort', ID = '2063'
Method 'SystemVoidSystemCollectionsGenericList1EnumeratorCosmosHALBlockDevicePortsStoragePortctorSystemCollectionsGenericList1CosmosHALBlockDevicePortsStoragePort', ID = '2064'
Method 'SystemInt32SystemRuntimeCompilerServicesDefaultInterpolatedStringHandlerGetDefaultLengthSystemInt32SystemInt32', ID = '2068'
Method 'SystemSpan1SystemCharSystemSpan1SystemCharop_ImplicitSystemChararray', ID = '2070'
Method 'SystemSpan1SystemCharSystemSpan1SystemCharSliceSystemInt32', ID = '2071'
Method 'SystemBooleanSystemStringTryCopyToSystemSpan1SystemChar', ID = '2072'
Method 'SystemVoidSystemRuntimeCompilerServicesDefaultInterpolatedStringHandlerAppendFormattedSlowSystemString', ID = '2073'
Method 'SystemInt32SystemSpan1SystemCharget_Length', ID = '2074'
Method 'SystemCharSystemSpan1SystemCharget_ItemSystemInt32', ID = '2075'
Method 'SystemVoidSystemRuntimeCompilerServicesDefaultInterpolatedStringHandlerGrowThenCopyStringSystemString', ID = '2076'
Method 'SystemCharSystemRuntimeInteropServicesMemoryMarshalGetReferenceSystemCharSystemSpan1SystemChar', ID = '2077'
Method 'SystemCharSystemStringGetRawStringData', ID = '2078'
Method 'SystemInt32InternalRuntimeCompilerServicesUnsafeReadUnalignedSystemInt32SystemByte', ID = '2079'
Method 'SystemVoidInternalRuntimeCompilerServicesUnsafeWriteUnalignedSystemInt32SystemByteSystemInt32', ID = '2080'
Method 'SystemVoidSystemRuntimeCompilerServicesDefaultInterpolatedStringHandlerAppendStringDirectSystemString', ID = '2081'
Method 'SystemVoidSystemRuntimeCompilerServicesDefaultInterpolatedStringHandlerAppendCustomFormatterSystemUInt32SystemUInt32SystemString', ID = '2082'
Method 'SystemVoidSystemRuntimeCompilerServicesDefaultInterpolatedStringHandlerGrow', ID = '2083'
Method 'SystemReadOnlySpan1SystemCharSystemRuntimeCompilerServicesDefaultInterpolatedStringHandlerget_Text', ID = '2087'
Method 'SystemVoidSystemRuntimeCompilerServicesDefaultInterpolatedStringHandlerClear', ID = '2089'
Method 'SystemBooleanSystemCollectionsGenericList1EnumeratorCosmosHALBlockDevicePortsStoragePortMoveNextRare', ID = '2090'
Method 'SystemVoidSystemCollectionsGenericList1EnumeratorCosmosHALBlockDevicePortsStoragePortDispose', ID = '2091'
Method 'SystemVoidCosmosCoreIOGroupPCIctor', ID = '2093'
Method 'SystemCollectionsGenericIEnumerator1CosmosHALPCIBaseAddressBarSystemSZArrayHelperGetEnumeratorCosmosHALPCIBaseAddressBar', ID = '2094'
Method 'SystemVoidSystemSZArrayHelperCopyToCosmosHALPCIBaseAddressBarCosmosHALPCIBaseAddressBararraySystemInt32', ID = '2095'
Method 'SystemInt32SystemSZArrayHelperget_CountCosmosHALPCIBaseAddressBar', ID = '2096'
Method 'CosmosHALPCIBaseAddressBarSystemSZArrayHelperget_ItemCosmosHALPCIBaseAddressBarSystemInt32', ID = '2097'
Method 'SystemVoidSystemSZArrayHelperset_ItemCosmosHALPCIBaseAddressBarSystemInt32CosmosHALPCIBaseAddressBar', ID = '2098'
Method 'SystemVoidSystemSZArrayHelperAddCosmosHALPCIBaseAddressBarCosmosHALPCIBaseAddressBar', ID = '2099'
Method 'SystemBooleanSystemSZArrayHelperContainsCosmosHALPCIBaseAddressBarCosmosHALPCIBaseAddressBar', ID = '2100'
Method 'SystemBooleanSystemSZArrayHelperget_IsReadOnlyCosmosHALPCIBaseAddressBar', ID = '2101'
Method 'SystemVoidSystemSZArrayHelperClearCosmosHALPCIBaseAddressBar', ID = '2102'
Method 'SystemInt32SystemSZArrayHelperIndexOfCosmosHALPCIBaseAddressBarCosmosHALPCIBaseAddressBar', ID = '2103'
Method 'SystemVoidSystemSZArrayHelperInsertCosmosHALPCIBaseAddressBarSystemInt32CosmosHALPCIBaseAddressBar', ID = '2104'
Method 'SystemBooleanSystemSZArrayHelperRemoveCosmosHALPCIBaseAddressBarCosmosHALPCIBaseAddressBar', ID = '2105'
Method 'SystemVoidSystemSZArrayHelperRemoveAtCosmosHALPCIBaseAddressBarSystemInt32', ID = '2106'
Method 'SystemCollectionsGenericIEnumerator1SystemStringSystemSZArrayHelperGetEnumeratorSystemString', ID = '2113'
Method 'SystemVoidSystemSZArrayHelperCopyToSystemStringSystemStringarraySystemInt32', ID = '2114'
Method 'SystemInt32SystemSZArrayHelperget_CountSystemString', ID = '2115'
Method 'SystemStringSystemSZArrayHelperget_ItemSystemStringSystemInt32', ID = '2116'
Method 'SystemVoidSystemSZArrayHelperset_ItemSystemStringSystemInt32SystemString', ID = '2117'
Method 'SystemVoidSystemSZArrayHelperAddSystemStringSystemString', ID = '2118'
Method 'SystemBooleanSystemSZArrayHelperContainsSystemStringSystemString', ID = '2119'
Method 'SystemBooleanSystemSZArrayHelperget_IsReadOnlySystemString', ID = '2120'
Method 'SystemVoidSystemSZArrayHelperClearSystemString', ID = '2121'
Method 'SystemInt32SystemSZArrayHelperIndexOfSystemStringSystemString', ID = '2122'
Method 'SystemVoidSystemSZArrayHelperInsertSystemStringSystemInt32SystemString', ID = '2123'
Method 'SystemBooleanSystemSZArrayHelperRemoveSystemStringSystemString', ID = '2124'
Method 'SystemVoidSystemSZArrayHelperRemoveAtSystemStringSystemInt32', ID = '2125'
Method 'SystemVoidCosmosCore_PlugsSystemOutOfMemoryExceptionImplCtor', ID = '2133'
Method 'SystemVoidSystemCollectionsGenericList1CosmosHALNetworkDeviceAddCosmosHALNetworkDevice', ID = '2139'
Method 'CosmosHALPCIDevicePCICommandCosmosHALPCIDeviceget_Command', ID = '2140'
Method 'SystemVoidCosmosHALPCIDeviceset_CommandCosmosHALPCIDevicePCICommand', ID = '2141'
Method 'SystemVoidCosmosCoreIOPortctorSystemUInt16SystemUInt16', ID = '2142'
Method 'SystemVoidCosmosCoreIOPortReadctorSystemUInt16SystemUInt16', ID = '2143'
Method 'SystemVoidCosmosCoreManagedMemoryBlockctorSystemUInt32SystemInt32SystemBoolean', ID = '2145'
Method 'SystemVoidSystemCollectionsGenericList1CosmosCoreManagedMemoryBlockAddWithResizeCosmosCoreManagedMemoryBlock', ID = '2147'
Method 'SystemBytearrayarraySystemArrayEmptySystemBytearray', ID = '2148'
Method 'SystemUInt32CosmosHALDriversPCINetworkAMDPCNetIIget_StatusRegister', ID = '2149'
Method 'SystemInt32SystemCollectionsGenericQueue1SystemBytearrayget_Count', ID = '2150'
Method 'SystemBytearraySystemCollectionsGenericQueue1SystemBytearrayPeek', ID = '2151'
Method 'SystemBooleanCosmosHALDriversPCINetworkAMDPCNetIISendBytesSystemBytearray', ID = '2152'
Method 'SystemBytearraySystemCollectionsGenericQueue1SystemBytearrayDequeue', ID = '2153'
Method 'SystemVoidCosmosHALDriversPCINetworkAMDPCNetIIReadRawData', ID = '2154'
Method 'SystemVoidCosmosHALDriversPCINetworkAMDPCNetIIset_StatusRegisterSystemUInt32', ID = '2155'
Method 'SystemVoidCosmosHALNetworkDevicecctor', ID = '2156'
Method 'SystemVoidCosmosHALNetworkMACAddresscctor', ID = '2157'
Method 'SystemStringCosmosHALNetworkMACAddressToString', ID = '2158'
Method 'SystemBooleanCosmosHALNetworkMACAddressEqualsSystemObject', ID = '2159'
Method 'SystemInt32CosmosHALNetworkMACAddressGetHashCode', ID = '2160'
Method 'CosmosHALNetworkMACAddressCosmosHALDriversPCINetworkRTL8139get_MACAddress', ID = '2161'
Method 'SystemBooleanCosmosHALDriversPCINetworkRTL8139Enable', ID = '2162'
Method 'SystemUInt16CosmosHALDriversPCINetworkRTL8139get_IntStatusRegister', ID = '2163'
Method 'SystemUInt32CosmosCoreManagedMemoryBlockRead32SystemUInt32', ID = '2164'
Method 'SystemVoidCosmosHALDriversPCINetworkRTL8139set_CommandRegisterSystemByte', ID = '2165'
Method 'SystemUInt16CosmosHALDriversPCINetworkRTL8139get_CurBufferAddressRegister', ID = '2166'
Method 'SystemVoidCosmosHALDriversPCINetworkRTL8139ReadRawDataSystemUInt16', ID = '2167'
Method 'SystemVoidCosmosHALDriversPCINetworkRTL8139set_CurAddressPointerReadRegisterSystemUInt16', ID = '2168'
Method 'SystemByteCosmosHALDriversPCINetworkRTL8139get_CommandRegister', ID = '2169'
Method 'SystemVoidCosmosHALDriversPCINetworkRTL8139Out32SystemUInt32SystemUInt32', ID = '2170'
Method 'SystemVoidCosmosHALDriversPCINetworkRTL8139Out16SystemUInt32SystemUInt16', ID = '2171'
Method 'SystemVoidSystemCollectionsGenericList1CosmosHALNetworkDevicecctor', ID = '2172'
Method 'SystemCollectionsGenericIEnumerator1SystemCollectionsGenericDictionary2EntrySystemUInt32CosmosHALNetworkDeviceSystemSZArrayHelperGetEnumeratorSystemCollectionsGenericDi18C5ED3FB8A9E45EA3533CB9A405E95B', ID = '2179'
Method 'SystemVoidSystemSZArrayHelperCopyToSystemCollectionsGenericDictionary2EntrySystemUInt32CosmosHALNetworkDeviceSystemCollectionsGenericDictionary2EntrySystemUInt32CosmosHALNetworkDevicearraySystemInt32', ID = '2180'
Method 'SystemInt32SystemSZArrayHelperget_CountSystemCollectionsGenericDictionary2EntrySystemUInt32CosmosHALNetworkDevice', ID = '2181'
Method 'SystemCollectionsGenericDictionary2EntrySystemUInt32CosmosHALNetworkDeviceSystemSZArrayHelperget_ItemSystemCollectionsGenericDictionary2EntrySystemUInt32CosmosHALNetworkDeviceSystemInt32', ID = '2182'
Method 'SystemVoidSystemSZArrayHelperset_ItemSystemCollectionsGenericDictionary2EntrySystemUInt32CosmosHALNetworkDeviceSystemInt32SystemCollectionsGenericDictionary2EntrySystemUInt32CosmosHALNetworkDevice', ID = '2183'
Method 'SystemVoidSystemSZArrayHelperAddSystemCollectionsGenericDictionary2EntrySystemUInt32CosmosHALNetworkDeviceSystemCollectionsGenericDictionary2EntrySystemUInt32CosmosHALNetworkDevice', ID = '2184'
Method 'SystemBooleanSystemSZArrayHelperContainsSystemCollectionsGenericDictionary2EntrySystemUInt32CosmosHALNetworkDeviceSystemCollectionsGenericDictionary2EntrySystemUInt32CosmosHALNetworkDevice', ID = '2185'
Method 'SystemBooleanSystemSZArrayHelperget_IsReadOnlySystemCollectionsGenericDictionary2EntrySystemUInt32CosmosHALNetworkDevice', ID = '2186'
Method 'SystemVoidSystemSZArrayHelperClearSystemCollectionsGenericDictionary2EntrySystemUInt32CosmosHALNetworkDevice', ID = '2187'
Method 'SystemInt32SystemSZArrayHelperIndexOfSystemCollectionsGenericDictionary2EntrySystemUInt32CosmosHALNetworkDeviceSystemCollectionsGenericDictionary2EntrySystemUInt32CosmosHALNetworkDevice', ID = '2188'
Method 'SystemVoidSystemSZArrayHelperInsertSystemCollectionsGenericDictionary2EntrySystemUInt32CosmosHALNetworkDeviceSystemInt32SystemCollectionsGenericDictionary2EntrySystemUInt32CosmosHALNetworkDevice', ID = '2189'
Method 'SystemBooleanSystemSZArrayHelperRemoveSystemCollectionsGenericDictionary2EntrySystemUInt32CosmosHALNetworkDeviceSystemCollectionsGenericDictionary2EntrySystemUInt32CosmosHALNetworkDevice', ID = '2190'
Method 'SystemVoidSystemSZArrayHelperRemoveAtSystemCollectionsGenericDictionary2EntrySystemUInt32CosmosHALNetworkDeviceSystemInt32', ID = '2191'
Method 'SystemInt32SystemCollectionsHashHelpersGetPrimeSystemInt32', ID = '2199'
Method 'SystemUInt64SystemCollectionsHashHelpersGetFastModMultiplierSystemUInt32', ID = '2201'
Method 'SystemTypeCosmosCore_PlugsSystemTypeImplGetTypeFromHandleSystemUInt64', ID = '2203'
Method 'SystemBooleanCosmosCore_PlugsSystemTypeImplop_EqualityCosmosCoreCosmosRuntimeTypeCosmosCoreCosmosRuntimeType', ID = '2204'
Method 'SystemStringComparerSystemStringComparerget_Ordinal', ID = '2208'
Method 'SystemStringComparerSystemStringComparerget_OrdinalIgnoreCase', ID = '2210'
Method 'SystemVoidSystemCollectionsGenericList1CosmosHALKeyboardBasector', ID = '2212'
Method 'SystemVoidCosmosSystemScanMapsUS_Standardctor', ID = '2214'
Method 'SystemVoidSystemCollectionsGenericQueue1CosmosSystemKeyEventctor', ID = '2216'
Method 'SystemCollectionsGenericIEnumerable1CosmosHALKeyboardBaseCosmosHALGlobalGetKeyboardDevices', ID = '2217'
Method 'SystemVoidCosmosSystemKeyboardManagerAddKeyboardCosmosHALKeyboardBase', ID = '2220'
Method 'SystemVoidSystemCollectionsGenericList1CosmosSystemFileSystemManagedPartitionctor', ID = '2222'
Method 'SystemVoidCosmosSystemFileSystemManagedPartitionctorCosmosHALBlockDevicePartition', ID = '2223'
Method 'SystemVoidSystemCollectionsGenericList1CosmosSystemFileSystemManagedPartitionAddCosmosSystemFileSystemManagedPartition', ID = '2224'
Method 'SystemUInt64CosmosHALBlockDeviceBlockDeviceget_BlockCount', ID = '2225'
Method 'SystemVoidSystemCollectionsGenericList1CosmosSystemFileSystemDiskAddWithResizeCosmosSystemFileSystemDisk', ID = '2226'
Method 'SystemCollectionsGenericList1EnumeratorCosmosSystemFileSystemDiskSystemCollectionsGenericList1CosmosSystemFileSystemDiskGetEnumerator', ID = '2227'
Method 'CosmosSystemFileSystemDiskSystemCollectionsGenericList1EnumeratorCosmosSystemFileSystemDiskget_Current', ID = '2228'
Method 'SystemVoidCosmosSystemKernelPrintDebugSystemString', ID = '2229'
Method 'SystemVoidCosmosSystemFileSystemDiskMount', ID = '2230'
Method 'SystemBooleanSystemCollectionsGenericList1EnumeratorCosmosSystemFileSystemDiskMoveNext', ID = '2231'
Method 'SystemVoidSystemCollectionsGenericList1CosmosHALPITPITTimercctor', ID = '2233'
Method 'SystemVoidCosmosCoreIOGroupPCSpeakerctor', ID = '2240'
Method 'SystemVoidCosmosHALPITPITTimerDispose', ID = '2243'
Method 'SystemVoidSystemCollectionsGenericList1SystemCharcctor', ID = '2245'
Method 'SystemBooleanCosmosCore_PlugsSystemRuntimeCompilerServicesRuntimeHelpersImplIsReferenceOrContainsReferencesSystemChar', ID = '2248'
Method 'SystemVoidSystemCollectionsGenericList1SystemCharGrowSystemInt32', ID = '2250'
Method 'SystemVoidSystemCollectionsGenericQueue1CosmosSystemKeyEventThrowForEmptyQueue', ID = '2253'
Method 'SystemVoidSystemCollectionsGenericQueue1CosmosSystemKeyEventMoveNextSystemInt32', ID = '2255'
Method 'SystemRuntimeCompilerServicesMethodTablepointerSystemRuntimeCompilerServicesRuntimeHelpersGetMethodTableSystemObject', ID = '2256'
Method 'SystemBooleanSystemRuntimeCompilerServicesMethodTableget_IsMultiDimensionalArray', ID = '2257'
Method 'SystemUIntPtrSystemArrayget_NativeLength', ID = '2258'
Method 'SystemBooleanSystemRuntimeCompilerServicesMethodTableget_ContainsGCPointers', ID = '2260'
Method 'CosmosHALPCIDeviceSystemCollectionsGenericList1CosmosHALPCIDeviceget_ItemSystemInt32', ID = '2265'
Method 'SystemUInt32CosmosHALPCIget_Count', ID = '2266'
Method 'SystemVoidCosmosCore_AsmIOPortImplWrite32SystemUInt16SystemUInt32', ID = '2267'
Method 'SystemVoidCosmosCore_AsmIOPortImplWrite16SystemUInt16SystemUInt16', ID = '2268'
Method 'SystemCollectionsGenericIEnumerator1CosmosSystemFileSystemListingDirectoryEntrySystemSZArrayHelperGetEnumeratorCosmosSystemFileSystemListingDirectoryEntry', ID = '2270'
Method 'SystemVoidSystemSZArrayHelperCopyToCosmosSystemFileSystemListingDirectoryEntryCosmosSystemFileSystemListingDirectoryEntryarraySystemInt32', ID = '2271'
Method 'SystemInt32SystemSZArrayHelperget_CountCosmosSystemFileSystemListingDirectoryEntry', ID = '2272'
Method 'CosmosSystemFileSystemListingDirectoryEntrySystemSZArrayHelperget_ItemCosmosSystemFileSystemListingDirectoryEntrySystemInt32', ID = '2273'
Method 'SystemVoidSystemSZArrayHelperset_ItemCosmosSystemFileSystemListingDirectoryEntrySystemInt32CosmosSystemFileSystemListingDirectoryEntry', ID = '2274'
Method 'SystemVoidSystemSZArrayHelperAddCosmosSystemFileSystemListingDirectoryEntryCosmosSystemFileSystemListingDirectoryEntry', ID = '2275'
Method 'SystemBooleanSystemSZArrayHelperContainsCosmosSystemFileSystemListingDirectoryEntryCosmosSystemFileSystemListingDirectoryEntry', ID = '2276'
Method 'SystemBooleanSystemSZArrayHelperget_IsReadOnlyCosmosSystemFileSystemListingDirectoryEntry', ID = '2277'
Method 'SystemVoidSystemSZArrayHelperClearCosmosSystemFileSystemListingDirectoryEntry', ID = '2278'
Method 'SystemInt32SystemSZArrayHelperIndexOfCosmosSystemFileSystemListingDirectoryEntryCosmosSystemFileSystemListingDirectoryEntry', ID = '2279'
Method 'SystemVoidSystemSZArrayHelperInsertCosmosSystemFileSystemListingDirectoryEntrySystemInt32CosmosSystemFileSystemListingDirectoryEntry', ID = '2280'
Method 'SystemBooleanSystemSZArrayHelperRemoveCosmosSystemFileSystemListingDirectoryEntryCosmosSystemFileSystemListingDirectoryEntry', ID = '2281'
Method 'SystemVoidSystemSZArrayHelperRemoveAtCosmosSystemFileSystemListingDirectoryEntrySystemInt32', ID = '2282'
Method 'CosmosSystemFileSystemFileSystemCosmosSystemFileSystemCosmosVFSGetFileSystemFromPathSystemString', ID = '2284'
Method 'CosmosSystemFileSystemListingDirectoryEntryCosmosSystemFileSystemCosmosVFSDoGetDirectoryEntrySystemStringCosmosSystemFileSystemFileSystem', ID = '2285'
Method 'SystemStringSystemPrivateCoreLibSystemSRget_InvalidOperation_EnumFailedVersion', ID = '2287'
Method 'SystemStringSystemStringJoinSystemStringSystemObjectarray', ID = '2288'
Method 'SystemInt32SystemExceptionget_HResult', ID = '2290'
Method 'SystemStringSystemPrivateCoreLibSystemSRget_Arg_ArgumentException', ID = '2291'
Method 'SystemVoidSystemIOStreamNullStreamctor', ID = '2292'
Method 'SystemVoidSystemThreadingSemaphoreSlimcctor', ID = '2294'
Method 'SystemVoidSystemThreadingSemaphoreSlimDispose', ID = '2298'
Method 'SystemVoidSystemIOStreamClose', ID = '2299'
Method 'SystemStringCosmosSystem_PlugsSystemIOPathImplGetFileNameSystemString', ID = '2300'
Method 'SystemStringCosmosCore_PlugsSystemStringImplToUpper', ID = '2302'
Method 'SystemVoidSystemTextUTF8EncodingUTF8EncodingSealedctorSystemBoolean', ID = '2303'
Method 'SystemVoidSystemTextASCIIEncodingASCIIEncodingSealedctor', ID = '2305'
Method 'SystemCharSystemStringGetPinnableReference', ID = '2306'
Method 'SystemInt32SystemTextASCIIEncodingGetByteCountCommonSystemCharpointerSystemInt32', ID = '2307'
Method 'SystemInt32SystemTextASCIIEncodingGetByteCountSystemChararraySystemInt32SystemInt32', ID = '2308'
Method 'SystemVoidSystemThrowHelperThrowArgumentNullExceptionSystemExceptionArgumentSystemExceptionResource', ID = '2309'
Method 'SystemInt32SystemTextASCIIEncodingGetBytesCommonSystemCharpointerSystemInt32SystemBytepointerSystemInt32', ID = '2310'
Method 'SystemInt32SystemTextASCIIEncodingGetBytesSystemChararraySystemInt32SystemInt32SystemBytearraySystemInt32', ID = '2311'
Method 'SystemVoidCosmosHALPCSpeakerBeepSystemUInt32SystemUInt32', ID = '2314'
Method 'SystemVoidCosmosCore_PlugsSystemBufferImpl__MemmoveSystemBytepointerSystemBytepointerSystemUInt32', ID = '2316'
Method 'SystemVoidCosmosCore_PlugsSystemBufferImpl__BulkMoveWithWriteBarrierSystemByteSystemByteSystemUInt32', ID = '2317'
Method 'SystemVoidCosmosHALTextScreenScrollUp', ID = '2318'
Method 'SystemVoidCosmosHALTextScreenset_ItemSystemInt32SystemInt32SystemByte', ID = '2319'
Method 'SystemStringCosmosCoreCosmosRuntimeTypeget_Name', ID = '2321'
Method 'SystemVoidSystemTypector', ID = '2325'
Method 'SystemVoidSystemBitConvertercctor', ID = '2328'
Method 'SystemBooleanCosmosCore_PlugsRuntimeIntrinsicsX86X86Implget_IsSupported', ID = '2330'
Method 'SystemRuntimeIntrinsicsVector1281SystemDoubleInternalRuntimeCompilerServicesUnsafeAsRefSystemRuntimeIntrinsicsVector1281SystemDoubleSystemVoidpointer', ID = '2332'
Method 'SystemRuntimeIntrinsicsVector1281SystemInt64SystemRuntimeIntrinsicsVector128AsSystemDoubleSystemInt64SystemRuntimeIntrinsicsVector1281SystemDouble', ID = '2334'
Method 'SystemStringSystemPrivateCoreLibSystemSRget_Arg_NotImplementedException', ID = '2335'
Method 'SystemStringSystemRuntimeIntrinsicsVector1281SystemByteToString', ID = '2339'
Method 'SystemBooleanSystemRuntimeIntrinsicsVector1281SystemByteEqualsSystemObject', ID = '2340'
Method 'SystemInt32SystemRuntimeIntrinsicsVector1281SystemByteGetHashCode', ID = '2341'
Method 'SystemStringSystemNumericsVector1SystemByteToString', ID = '2348'
Method 'SystemBooleanSystemNumericsVector1SystemByteEqualsSystemObject', ID = '2349'
Method 'SystemInt32SystemNumericsVector1SystemByteGetHashCode', ID = '2350'
Method 'SystemStringSystemRuntimeIntrinsicsVector2561SystemByteToString', ID = '2354'
Method 'SystemBooleanSystemRuntimeIntrinsicsVector2561SystemByteEqualsSystemObject', ID = '2355'
Method 'SystemInt32SystemRuntimeIntrinsicsVector2561SystemByteGetHashCode', ID = '2356'
Method 'SystemRuntimeIntrinsicsVector1281SystemByteInternalRuntimeCompilerServicesUnsafeAsRefSystemRuntimeIntrinsicsVector1281SystemByteSystemVoidpointer', ID = '2359'
Method 'SystemUInt32SystemRuntimeIntrinsicsX86Bmi1TrailingZeroCountSystemUInt32', ID = '2361'
Method 'SystemBooleanSystemRuntimeIntrinsicsArmArmBaseget_IsSupported', ID = '2362'
Method 'SystemUInt32SystemRuntimeIntrinsicsX86X86BaseBitScanForwardSystemUInt32', ID = '2364'
Method 'SystemReadOnlySpan1SystemByteSystemNumericsBitOperationsget_TrailingZeroCountDeBruijn', ID = '2365'
Method 'SystemByteSystemRuntimeInteropServicesMemoryMarshalGetReferenceSystemByteSystemReadOnlySpan1SystemByte', ID = '2366'
Method 'SystemByteInternalRuntimeCompilerServicesUnsafeAddByteOffsetSystemByteSystemByteSystemIntPtr', ID = '2367'
Method 'SystemRuntimeIntrinsicsVector2561SystemByteInternalRuntimeCompilerServicesUnsafeAsRefSystemRuntimeIntrinsicsVector2561SystemByteSystemVoidpointer', ID = '2368'
Method 'SystemNumericsVector1SystemByteInternalRuntimeCompilerServicesUnsafeAsRefSystemNumericsVector1SystemByteSystemNumericsVector1SystemByte', ID = '2370'
Method 'SystemByteInternalRuntimeCompilerServicesUnsafeAsSystemNumericsVector1SystemByteSystemByteSystemNumericsVector1SystemByte', ID = '2371'
Method 'SystemByteInternalRuntimeCompilerServicesUnsafeAddSystemByteSystemByteSystemIntPtr', ID = '2372'
Method 'SystemByteSystemNumericsVector1SystemByteGetElementSystemIntPtr', ID = '2373'
Method 'SystemBooleanSystemNumericsVector1SystemByteScalarEqualsSystemByteSystemByte', ID = '2374'
Method 'SystemByteSystemNumericsVector1SystemByteGetAllBitsSetValue', ID = '2375'
Method 'SystemNumericsVector1SystemUInt64SystemNumericsVector1SystemByteop_ExplicitSystemNumericsVector1SystemByte', ID = '2377'
Method 'SystemVoidSystemThrowHelperThrowForUnsupportedNumericsVectorBaseTypeSystemUInt64', ID = '2378'
Method 'SystemUInt64SystemNumericsVector1SystemUInt64GetElementSystemIntPtr', ID = '2379'
Method 'SystemInt32InternalRuntimeCompilerServicesUnsafeSizeOfSystemNumericsVector1SystemUInt64', ID = '2380'
Method 'SystemInt32InternalRuntimeCompilerServicesUnsafeSizeOfSystemUInt64', ID = '2381'
Method 'SystemInt32SystemNumericsBitOperationsTrailingZeroCountSystemUInt64', ID = '2382'
Method 'SystemStringSystemRuntimeIntrinsicsVector1281SystemUInt16ToString', ID = '2383'
Method 'SystemBooleanSystemRuntimeIntrinsicsVector1281SystemUInt16EqualsSystemObject', ID = '2384'
Method 'SystemInt32SystemRuntimeIntrinsicsVector1281SystemUInt16GetHashCode', ID = '2385'
Method 'SystemStringSystemNumericsVector1SystemUInt16ToString', ID = '2387'
Method 'SystemBooleanSystemNumericsVector1SystemUInt16EqualsSystemObject', ID = '2388'
Method 'SystemInt32SystemNumericsVector1SystemUInt16GetHashCode', ID = '2389'
Method 'SystemRuntimeIntrinsicsVector1281SystemUInt16InternalRuntimeCompilerServicesUnsafeAsRefSystemRuntimeIntrinsicsVector1281SystemUInt16SystemVoidpointer', ID = '2391'
Method 'SystemRuntimeIntrinsicsVector1281SystemByteInternalRuntimeCompilerServicesUnsafeAsSystemRuntimeIntrinsicsVector1281SystemUInt16SystemRuntimeIntrinsicsVector1281SystemBy236C91364CD7C7FBDB1ACDEE53540F9C', ID = '2392'
Method 'SystemStringSystemRuntimeIntrinsicsVector2561SystemUInt16ToString', ID = '2393'
Method 'SystemBooleanSystemRuntimeIntrinsicsVector2561SystemUInt16EqualsSystemObject', ID = '2394'
Method 'SystemInt32SystemRuntimeIntrinsicsVector2561SystemUInt16GetHashCode', ID = '2395'
Method 'SystemRuntimeIntrinsicsVector2561SystemUInt16InternalRuntimeCompilerServicesUnsafeAsRefSystemRuntimeIntrinsicsVector2561SystemUInt16SystemVoidpointer', ID = '2397'
Method 'SystemRuntimeIntrinsicsVector2561SystemByteInternalRuntimeCompilerServicesUnsafeAsSystemRuntimeIntrinsicsVector2561SystemUInt16SystemRuntimeIntrinsicsVector2561SystemBy1841FD832B32AF2E4A3B87CF7F5BE9DA', ID = '2398'
Method 'SystemNumericsVector1SystemUInt16InternalRuntimeCompilerServicesUnsafeAsRefSystemNumericsVector1SystemUInt16SystemNumericsVector1SystemUInt16', ID = '2400'
Method 'SystemUInt16InternalRuntimeCompilerServicesUnsafeAsSystemNumericsVector1SystemUInt16SystemUInt16SystemNumericsVector1SystemUInt16', ID = '2401'
Method 'SystemUInt16InternalRuntimeCompilerServicesUnsafeAddSystemUInt16SystemUInt16SystemIntPtr', ID = '2402'
Method 'SystemUInt16SystemNumericsVector1SystemUInt16GetElementSystemIntPtr', ID = '2403'
Method 'SystemBooleanSystemNumericsVector1SystemUInt16ScalarEqualsSystemUInt16SystemUInt16', ID = '2404'
Method 'SystemUInt16SystemNumericsVector1SystemUInt16GetAllBitsSetValue', ID = '2405'
Method 'SystemNumericsVector1SystemUInt64SystemNumericsVector1SystemUInt16op_ExplicitSystemNumericsVector1SystemUInt16', ID = '2406'
Method 'SystemVoidSystemSZGenericArrayEnumerator1SystemInt32ctorSystemInt32array', ID = '2408'
Method 'SystemInt32SystemArrayIndexOfSystemInt32SystemInt32arraySystemInt32SystemInt32SystemInt32', ID = '2411'
Method 'SystemCollectionsGenericIEnumerator1SystemInt32CosmosIL2CPUSZArrayImpl1SystemInt32GetEnumerator', ID = '2412'
Method 'SystemVoidCosmosIL2CPUSZArrayImpl1SystemInt32CopyToSystemInt32arraySystemInt32', ID = '2413'
Method 'SystemInt32CosmosIL2CPUSZArrayImpl1SystemInt32get_Count', ID = '2414'
Method 'SystemInt32CosmosIL2CPUSZArrayImpl1SystemInt32get_ItemSystemInt32', ID = '2415'
Method 'SystemVoidCosmosIL2CPUSZArrayImpl1SystemInt32set_ItemSystemInt32SystemInt32', ID = '2416'
Method 'SystemVoidCosmosIL2CPUSZArrayImpl1SystemInt32AddSystemInt32', ID = '2417'
Method 'SystemBooleanCosmosIL2CPUSZArrayImpl1SystemInt32ContainsSystemInt32', ID = '2418'
Method 'SystemBooleanCosmosIL2CPUSZArrayImpl1SystemInt32get_IsReadOnly', ID = '2419'
Method 'SystemVoidCosmosIL2CPUSZArrayImpl1SystemInt32Clear', ID = '2420'
Method 'SystemInt32CosmosIL2CPUSZArrayImpl1SystemInt32IndexOfSystemInt32', ID = '2421'
Method 'SystemVoidCosmosIL2CPUSZArrayImpl1SystemInt32InsertSystemInt32SystemInt32', ID = '2422'
Method 'SystemVoidCosmosIL2CPUSZArrayImpl1SystemInt32RemoveAtSystemInt32', ID = '2423'
Method 'SystemBooleanCosmosIL2CPUSZArrayImpl1SystemInt32get_IsFixedSize', ID = '2424'
Method 'SystemVoidCosmosIL2CPUSZArrayImpl1SystemInt32RemoveSystemInt32', ID = '2425'
Method 'SystemObjectCosmosIL2CPUSZArrayImpl1SystemInt32get_SyncRoot', ID = '2426'
Method 'SystemBooleanCosmosIL2CPUSZArrayImpl1SystemInt32get_IsSynchronized', ID = '2427'
Method 'SystemVoidSystemSZGenericArrayEnumerator1SystemInt64ctorSystemInt64array', ID = '2429'
Method 'SystemInt32SystemArrayIndexOfSystemInt64SystemInt64arraySystemInt64SystemInt32SystemInt32', ID = '2432'
Method 'SystemCollectionsGenericIEnumerator1SystemInt64CosmosIL2CPUSZArrayImpl1SystemInt64GetEnumerator', ID = '2433'
Method 'SystemVoidCosmosIL2CPUSZArrayImpl1SystemInt64CopyToSystemInt64arraySystemInt32', ID = '2434'
Method 'SystemInt32CosmosIL2CPUSZArrayImpl1SystemInt64get_Count', ID = '2435'
Method 'SystemInt64CosmosIL2CPUSZArrayImpl1SystemInt64get_ItemSystemInt32', ID = '2436'
Method 'SystemVoidCosmosIL2CPUSZArrayImpl1SystemInt64set_ItemSystemInt32SystemInt64', ID = '2437'
Method 'SystemVoidCosmosIL2CPUSZArrayImpl1SystemInt64AddSystemInt64', ID = '2438'
Method 'SystemBooleanCosmosIL2CPUSZArrayImpl1SystemInt64ContainsSystemInt64', ID = '2439'
Method 'SystemBooleanCosmosIL2CPUSZArrayImpl1SystemInt64get_IsReadOnly', ID = '2440'
Method 'SystemVoidCosmosIL2CPUSZArrayImpl1SystemInt64Clear', ID = '2441'
Method 'SystemInt32CosmosIL2CPUSZArrayImpl1SystemInt64IndexOfSystemInt64', ID = '2442'
Method 'SystemVoidCosmosIL2CPUSZArrayImpl1SystemInt64InsertSystemInt32SystemInt64', ID = '2443'
Method 'SystemVoidCosmosIL2CPUSZArrayImpl1SystemInt64RemoveAtSystemInt32', ID = '2444'
Method 'SystemBooleanCosmosIL2CPUSZArrayImpl1SystemInt64get_IsFixedSize', ID = '2445'
Method 'SystemVoidCosmosIL2CPUSZArrayImpl1SystemInt64RemoveSystemInt64', ID = '2446'
Method 'SystemObjectCosmosIL2CPUSZArrayImpl1SystemInt64get_SyncRoot', ID = '2447'
Method 'SystemBooleanCosmosIL2CPUSZArrayImpl1SystemInt64get_IsSynchronized', ID = '2448'
Method 'SystemVoidSystemMarvincctor', ID = '2451'
Method 'SystemUInt32SystemNumericsBitOperationsRotateLeftSystemUInt32SystemInt32', ID = '2452'
Method 'SystemVoidSystemThreadingMonitorThrowLockTakenException', ID = '2454'
Method 'SystemBooleanSystemCollectionsGenericDictionary2SystemStringSystemBooleanFindValueSystemString', ID = '2457'
Method 'SystemBooleanInternalRuntimeCompilerServicesUnsafeIsNullRefSystemBooleanSystemBoolean', ID = '2458'
Method 'SystemVoidCosmosCore_PlugsSystemThreadingMonitorImplExitSystemObject', ID = '2459'
Method 'SystemBooleanSystemCollectionsGenericDictionary2SystemStringSystemObjectTryGetValueSystemStringSystemObject', ID = '2461'
Method 'SystemReadOnlySpan1SystemCharSystemMemoryExtensionsAsSpanSystemString', ID = '2462'
Method 'SystemBooleanSystemBooleanTryParseSystemReadOnlySpan1SystemCharSystemBoolean', ID = '2463'
Method 'SystemVoidSystemCollectionsGenericList1CosmosSystemFileSystemManagedPartitioncctor', ID = '2464'
Method 'SystemCollectionsGenericIEnumerator1CosmosSystemFileSystemFileSystemSystemSZArrayHelperGetEnumeratorCosmosSystemFileSystemFileSystem', ID = '2471'
Method 'SystemVoidSystemSZArrayHelperCopyToCosmosSystemFileSystemFileSystemCosmosSystemFileSystemFileSystemarraySystemInt32', ID = '2472'
Method 'SystemInt32SystemSZArrayHelperget_CountCosmosSystemFileSystemFileSystem', ID = '2473'
Method 'CosmosSystemFileSystemFileSystemSystemSZArrayHelperget_ItemCosmosSystemFileSystemFileSystemSystemInt32', ID = '2474'
Method 'SystemVoidSystemSZArrayHelperset_ItemCosmosSystemFileSystemFileSystemSystemInt32CosmosSystemFileSystemFileSystem', ID = '2475'
Method 'SystemVoidSystemSZArrayHelperAddCosmosSystemFileSystemFileSystemCosmosSystemFileSystemFileSystem', ID = '2476'
Method 'SystemBooleanSystemSZArrayHelperContainsCosmosSystemFileSystemFileSystemCosmosSystemFileSystemFileSystem', ID = '2477'
Method 'SystemBooleanSystemSZArrayHelperget_IsReadOnlyCosmosSystemFileSystemFileSystem', ID = '2478'
Method 'SystemVoidSystemSZArrayHelperClearCosmosSystemFileSystemFileSystem', ID = '2479'
Method 'SystemInt32SystemSZArrayHelperIndexOfCosmosSystemFileSystemFileSystemCosmosSystemFileSystemFileSystem', ID = '2480'
Method 'SystemVoidSystemSZArrayHelperInsertCosmosSystemFileSystemFileSystemSystemInt32CosmosSystemFileSystemFileSystem', ID = '2481'
Method 'SystemBooleanSystemSZArrayHelperRemoveCosmosSystemFileSystemFileSystemCosmosSystemFileSystemFileSystem', ID = '2482'
Method 'SystemVoidSystemSZArrayHelperRemoveAtCosmosSystemFileSystemFileSystemSystemInt32', ID = '2483'
Method 'SystemVoidSystemSZGenericArrayEnumerator1CosmosSystemFileSystemDiskcctor', ID = '2490'
Method 'SystemVoidSystemSZGenericArrayEnumerator1CosmosSystemFileSystemDiskDispose', ID = '2491'
Method 'SystemBooleanSystemRuntimeCompilerServicesRuntimeHelpersIsBitwiseEquatableCosmosSystemFileSystemDisk', ID = '2492'
Method 'SystemInt32InternalRuntimeCompilerServicesUnsafeSizeOfCosmosSystemFileSystemDisk', ID = '2493'
Method 'SystemByteInternalRuntimeCompilerServicesUnsafeAsCosmosSystemFileSystemDiskSystemByteCosmosSystemFileSystemDisk', ID = '2494'
Method 'SystemCharInternalRuntimeCompilerServicesUnsafeAsCosmosSystemFileSystemDiskSystemCharCosmosSystemFileSystemDisk', ID = '2495'
Method 'SystemInt32InternalRuntimeCompilerServicesUnsafeAsCosmosSystemFileSystemDiskSystemInt32CosmosSystemFileSystemDisk', ID = '2496'
Method 'SystemInt64InternalRuntimeCompilerServicesUnsafeAsCosmosSystemFileSystemDiskSystemInt64CosmosSystemFileSystemDisk', ID = '2497'
Method 'SystemCollectionsGenericEqualityComparer1CosmosSystemFileSystemDiskSystemCollectionsGenericEqualityComparer1CosmosSystemFileSystemDiskget_Default', ID = '2498'
Method 'SystemInt32SystemCollectionsGenericEqualityComparer1CosmosSystemFileSystemDiskIndexOfCosmosSystemFileSystemDiskarrayCosmosSystemFileSystemDiskSystemInt32SystemInt32', ID = '2499'
Method 'SystemVoidCosmosIL2CPUSZArrayImpl1GetEnumeratord__0CosmosSystemFileSystemDiskctorSystemInt32', ID = '2500'
Method 'SystemVoidSystemCollectionsGenericEqualityComparer1SystemBytecctor', ID = '2502'
Method 'SystemVoidSystemCollectionsGenericEqualityComparer1SystemCharcctor', ID = '2504'
Method 'SystemStringCosmosCommonStringHelperGetNumberStringSystemInt64', ID = '2507'
Method 'SystemVoidCosmosCoreIOGroupPS2Controllerctor', ID = '2509'
Method 'SystemVoidCosmosCoreIOGroupPITctor', ID = '2510'
Method 'SystemVoidCosmosCoreIOGroupRTCctor', ID = '2511'
Method 'SystemVoidCosmosCoreIOGroupVBEIOGroupctor', ID = '2512'
Method 'SystemVoidCosmosHALTextScreenClear', ID = '2513'
Method 'SystemCollectionsGenericIEnumerator1CosmosHALPCIDeviceSystemSZArrayHelperGetEnumeratorCosmosHALPCIDevice', ID = '2514'
Method 'SystemVoidSystemSZArrayHelperCopyToCosmosHALPCIDeviceCosmosHALPCIDevicearraySystemInt32', ID = '2515'
Method 'SystemInt32SystemSZArrayHelperget_CountCosmosHALPCIDevice', ID = '2516'
Method 'CosmosHALPCIDeviceSystemSZArrayHelperget_ItemCosmosHALPCIDeviceSystemInt32', ID = '2517'
Method 'SystemVoidSystemSZArrayHelperset_ItemCosmosHALPCIDeviceSystemInt32CosmosHALPCIDevice', ID = '2518'
Method 'SystemVoidSystemSZArrayHelperAddCosmosHALPCIDeviceCosmosHALPCIDevice', ID = '2519'
Method 'SystemBooleanSystemSZArrayHelperContainsCosmosHALPCIDeviceCosmosHALPCIDevice', ID = '2520'
Method 'SystemBooleanSystemSZArrayHelperget_IsReadOnlyCosmosHALPCIDevice', ID = '2521'
Method 'SystemVoidSystemSZArrayHelperClearCosmosHALPCIDevice', ID = '2522'
Method 'SystemInt32SystemSZArrayHelperIndexOfCosmosHALPCIDeviceCosmosHALPCIDevice', ID = '2523'
Method 'SystemVoidSystemSZArrayHelperInsertCosmosHALPCIDeviceSystemInt32CosmosHALPCIDevice', ID = '2524'
Method 'SystemBooleanSystemSZArrayHelperRemoveCosmosHALPCIDeviceCosmosHALPCIDevice', ID = '2525'
Method 'SystemVoidSystemSZArrayHelperRemoveAtCosmosHALPCIDeviceSystemInt32', ID = '2526'
Method 'SystemUInt32CosmosCore_AsmIOPortImplRead32SystemUInt16', ID = '2528'
Method 'SystemVoidSystemCollectionsGenericList1CosmosHALPCIDeviceAddWithResizeCosmosHALPCIDevice', ID = '2529'
Method 'SystemStringSystemPrivateCoreLibSystemSRget_InvalidOperation_NoValue', ID = '2530'
Method 'SystemStringCosmosCommonExtensionsToHexStringConvertToHexSystemUInt32', ID = '2531'
Method 'SystemVoidCosmosHALPS2MouseSendCommandCosmosHALPS2MouseCommandSystemNullable1SystemByte', ID = '2533'
Method 'SystemBooleanCosmosHALPS2ControllerWaitForDeviceReset', ID = '2534'
Method 'SystemByteCosmosHALPS2MouseTryToEnableScrollWheel', ID = '2535'
Method 'SystemByteCosmosHALPS2MouseTryToEnableAdditionalButtons', ID = '2536'
Method 'SystemVoidCosmosHALPS2MouseHandleMouseCosmosCoreINTsIRQContext', ID = '2537'
Method 'SystemVoidCosmosHALPS2KeyboardSendCommandCosmosHALPS2KeyboardCommandSystemNullable1SystemByte', ID = '2539'
Method 'SystemVoidCosmosHALPS2KeyboardHandleIRQCosmosCoreINTsIRQContext', ID = '2540'
Method 'SystemVoidCosmosHALBlockDeviceATA_PIOcctor', ID = '2546'
Method 'SystemStringCosmosHALBlockDeviceATA_PIOToString', ID = '2547'
Method 'SystemVoidCosmosHALBlockDeviceATA_PIOSelectDriveSystemByte', ID = '2548'
Method 'CosmosHALBlockDeviceATA_PIOStatusCosmosHALBlockDeviceATA_PIOSendCmdCosmosHALBlockDeviceATA_PIOCmdSystemBoolean', ID = '2549'
Method 'CosmosHALBlockDeviceATA_PIOStatusCosmosHALBlockDeviceATA_PIOSendCmdCosmosHALBlockDeviceATA_PIOCmd', ID = '2550'
Method 'SystemVoidCosmosCoreIOPortBaseRead16SystemUInt16array', ID = '2551'
Method 'SystemStringCosmosHALBlockDeviceATA_PIOGetStringSystemUInt16arraySystemInt32SystemInt32', ID = '2552'
Method 'SystemUInt16CosmosCoreIOGroupATAGetBAR0SystemBoolean', ID = '2553'
Method 'SystemUInt16CosmosCoreIOGroupATAGetBAR1SystemBoolean', ID = '2554'
Method 'SystemVoidCosmosCoreIOPortWritectorSystemUInt16SystemUInt16', ID = '2555'
Method 'SystemVoidCosmosCoreIOGroupATAWait', ID = '2556'
Method 'SystemVoidCosmosHALBlockDeviceATAPIHandleIRQCosmosCoreINTsIRQContext', ID = '2557'
Method 'SystemUInt64SystemBitConverterToUInt64SystemBytearraySystemInt32', ID = '2558'
Method 'SystemVoidSystemCollectionsGenericList1CosmosHALBlockDeviceGPTGPartInfoctor', ID = '2559'
Method 'SystemUInt32SystemBitConverterToUInt32SystemBytearraySystemInt32', ID = '2560'
Method 'SystemVoidCosmosHALBlockDeviceGPTParseParitionSystemBytearraySystemUInt32', ID = '2561'
Method 'SystemVoidSystemCollectionsGenericList1EnumeratorCosmosHALBlockDeviceGPTGPartInfoctorSystemCollectionsGenericList1CosmosHALBlockDeviceGPTGPartInfo', ID = '2563'
Method 'SystemBooleanSystemCollectionsGenericList1EnumeratorCosmosHALBlockDeviceGPTGPartInfoMoveNextRare', ID = '2564'
Method 'SystemVoidSystemCollectionsGenericList1EnumeratorCosmosHALBlockDeviceGPTGPartInfoDispose', ID = '2565'
Method 'SystemVoidSystemCollectionsGenericList1CosmosHALBlockDeviceMBRPartInfoctor', ID = '2567'
Method 'SystemBytearrayCosmosHALBlockDeviceBlockDeviceNewBlockArraySystemUInt32', ID = '2568'
Method 'SystemVoidCosmosHALBlockDeviceMBRParsePartitionSystemBytearraySystemUInt32', ID = '2569'
Method 'SystemVoidCosmosHALBlockDevicePartitionReadBlockSystemUInt64SystemUInt64SystemBytearray', ID = '2572'
Method 'SystemVoidCosmosHALBlockDeviceATA_PIOReadBlockSystemUInt64SystemUInt64SystemBytearray', ID = '2573'
Method 'SystemVoidCosmosHALBlockDeviceATAPIReadBlockSystemUInt64SystemUInt64SystemBytearray', ID = '2574'
Method 'SystemVoidSystemCollectionsGenericList1CosmosHALBlockDeviceEBRPartInfoctor', ID = '2575'
Method 'SystemVoidCosmosHALBlockDeviceEBRParsePartitionSystemBytearraySystemUInt32', ID = '2576'
Method 'SystemVoidSystemCollectionsGenericList1EnumeratorCosmosHALBlockDeviceMBRPartInfoctorSystemCollectionsGenericList1CosmosHALBlockDeviceMBRPartInfo', ID = '2578'
Method 'SystemBooleanSystemCollectionsGenericList1EnumeratorCosmosHALBlockDeviceMBRPartInfoMoveNextRare', ID = '2579'
Method 'SystemVoidSystemCollectionsGenericList1EnumeratorCosmosHALBlockDeviceMBRPartInfoDispose', ID = '2580'
Method 'SystemCollectionsGenericIEnumerator1CosmosHALBlockDeviceBlockDeviceSystemSZArrayHelperGetEnumeratorCosmosHALBlockDeviceBlockDevice', ID = '2582'
Method 'SystemVoidSystemSZArrayHelperCopyToCosmosHALBlockDeviceBlockDeviceCosmosHALBlockDeviceBlockDevicearraySystemInt32', ID = '2583'
Method 'SystemInt32SystemSZArrayHelperget_CountCosmosHALBlockDeviceBlockDevice', ID = '2584'
Method 'CosmosHALBlockDeviceBlockDeviceSystemSZArrayHelperget_ItemCosmosHALBlockDeviceBlockDeviceSystemInt32', ID = '2585'
Method 'SystemVoidSystemSZArrayHelperset_ItemCosmosHALBlockDeviceBlockDeviceSystemInt32CosmosHALBlockDeviceBlockDevice', ID = '2586'
Method 'SystemVoidSystemSZArrayHelperAddCosmosHALBlockDeviceBlockDeviceCosmosHALBlockDeviceBlockDevice', ID = '2587'
Method 'SystemBooleanSystemSZArrayHelperContainsCosmosHALBlockDeviceBlockDeviceCosmosHALBlockDeviceBlockDevice', ID = '2588'
Method 'SystemBooleanSystemSZArrayHelperget_IsReadOnlyCosmosHALBlockDeviceBlockDevice', ID = '2589'
Method 'SystemVoidSystemSZArrayHelperClearCosmosHALBlockDeviceBlockDevice', ID = '2590'
Method 'SystemInt32SystemSZArrayHelperIndexOfCosmosHALBlockDeviceBlockDeviceCosmosHALBlockDeviceBlockDevice', ID = '2591'
Method 'SystemVoidSystemSZArrayHelperInsertCosmosHALBlockDeviceBlockDeviceSystemInt32CosmosHALBlockDeviceBlockDevice', ID = '2592'
Method 'SystemBooleanSystemSZArrayHelperRemoveCosmosHALBlockDeviceBlockDeviceCosmosHALBlockDeviceBlockDevice', ID = '2593'
Method 'SystemVoidSystemSZArrayHelperRemoveAtCosmosHALBlockDeviceBlockDeviceSystemInt32', ID = '2594'
Method 'SystemInt32SystemArrayget_MaxLength', ID = '2596'
Method 'SystemVoidSystemCollectionsGenericList1CosmosHALBlockDeviceBlockDeviceset_CapacitySystemInt32', ID = '2597'
Method 'SystemCollectionsGenericIEnumerator1CosmosHALBlockDevicePartitionSystemSZArrayHelperGetEnumeratorCosmosHALBlockDevicePartition', ID = '2598'
Method 'SystemVoidSystemSZArrayHelperCopyToCosmosHALBlockDevicePartitionCosmosHALBlockDevicePartitionarraySystemInt32', ID = '2599'
Method 'SystemInt32SystemSZArrayHelperget_CountCosmosHALBlockDevicePartition', ID = '2600'
Method 'CosmosHALBlockDevicePartitionSystemSZArrayHelperget_ItemCosmosHALBlockDevicePartitionSystemInt32', ID = '2601'
Method 'SystemVoidSystemSZArrayHelperset_ItemCosmosHALBlockDevicePartitionSystemInt32CosmosHALBlockDevicePartition', ID = '2602'
Method 'SystemVoidSystemSZArrayHelperAddCosmosHALBlockDevicePartitionCosmosHALBlockDevicePartition', ID = '2603'
Method 'SystemBooleanSystemSZArrayHelperContainsCosmosHALBlockDevicePartitionCosmosHALBlockDevicePartition', ID = '2604'
Method 'SystemBooleanSystemSZArrayHelperget_IsReadOnlyCosmosHALBlockDevicePartition', ID = '2605'
Method 'SystemVoidSystemSZArrayHelperClearCosmosHALBlockDevicePartition', ID = '2606'
Method 'SystemInt32SystemSZArrayHelperIndexOfCosmosHALBlockDevicePartitionCosmosHALBlockDevicePartition', ID = '2607'
Method 'SystemVoidSystemSZArrayHelperInsertCosmosHALBlockDevicePartitionSystemInt32CosmosHALBlockDevicePartition', ID = '2608'
Method 'SystemBooleanSystemSZArrayHelperRemoveCosmosHALBlockDevicePartitionCosmosHALBlockDevicePartition', ID = '2609'
Method 'SystemVoidSystemSZArrayHelperRemoveAtCosmosHALBlockDevicePartitionSystemInt32', ID = '2610'
Method 'SystemVoidSystemCollectionsGenericList1CosmosHALBlockDevicePartitionset_CapacitySystemInt32', ID = '2612'
Method 'SystemVoidSystemCollectionsGenericList1CosmosHALBlockDevicePortsStoragePortcctor', ID = '2614'
Method 'SystemUInt32CosmosHALBlockDeviceRegistersPortRegistersget_SSTS', ID = '2621'
Method 'SystemUInt32CosmosHALBlockDeviceRegistersPortRegistersget_SIG', ID = '2622'
Method 'SystemVoidSystemSpan1SystemCharctorSystemCharSystemInt32', ID = '2623'
Method 'SystemVoidSystemSpan1SystemCharFillSystemChar', ID = '2624'
Method 'SystemBooleanCosmosHALBlockDeviceAHCIStopCMDCosmosHALBlockDeviceRegistersPortRegisters', ID = '2625'
Method 'SystemVoidCosmosHALBlockDevicePortsSATAPortResetCosmosHALBlockDeviceRegistersPortRegisters', ID = '2626'
Method 'SystemVoidCosmosHALBlockDeviceRegistersPortRegistersset_CLBSystemUInt32', ID = '2627'
Method 'SystemVoidCosmosHALBlockDeviceRegistersPortRegistersset_FBSystemUInt32', ID = '2628'
Method 'SystemVoidCosmosHALBlockDeviceRegistersPortRegistersset_SERRSystemUInt32', ID = '2629'
Method 'SystemVoidCosmosHALBlockDeviceRegistersPortRegistersset_ISSystemUInt32', ID = '2630'
Method 'SystemVoidCosmosHALBlockDeviceRegistersPortRegistersset_IESystemUInt32', ID = '2631'
Method 'SystemUInt32CosmosHALBlockDeviceRegistersPortRegistersget_CLB', ID = '2632'
Method 'SystemVoidCosmosCoreMemoryBlockFillSystemByte', ID = '2633'
Method 'SystemUInt32CosmosHALBlockDeviceRegistersPortRegistersget_FB', ID = '2634'
Method 'CosmosHALBlockDeviceRegistersHBACommandHeaderarrayCosmosHALBlockDeviceAHCIGetCommandHeaderCosmosHALBlockDeviceRegistersPortRegisters', ID = '2635'
Method 'SystemBooleanCosmosHALBlockDeviceAHCIStartCMDCosmosHALBlockDeviceRegistersPortRegisters', ID = '2636'
Method 'SystemVoidCosmosHALBlockDevicePortsStoragePortctor', ID = '2638'
Method 'SystemUInt32CosmosHALBlockDeviceRegistersPortRegistersget_CMD', ID = '2639'
Method 'SystemVoidCosmosCoreMemoryGroupAHCIctorSystemUInt32', ID = '2640'
Method 'SystemVoidCosmosHALBlockDevicePortsSATASendSATA28CommandCosmosHALBlockDeviceRegistersATACommandsSystemUInt32SystemUInt32', ID = '2641'
Method 'SystemVoidCosmosCoreMemoryBlockRead16SystemUInt16array', ID = '2643'
Method 'SystemStringCosmosHALBlockDevicePortsSATAGetStringSystemUInt16arraySystemInt32SystemInt32', ID = '2644'
Method 'SystemVoidSystemCollectionsGenericList1CosmosHALBlockDevicePortsStoragePortAddWithResizeCosmosHALBlockDevicePortsStoragePort', ID = '2645'
Method 'SystemStringSystemRuntimeCompilerServicesDefaultInterpolatedStringHandlerToString', ID = '2648'
Method 'SystemBuffersArrayPool1SystemCharCosmosCore_PlugsSystemBuffersArrayPoolImpl1SystemCharget_Shared', ID = '2650'
Method 'SystemInt32SystemMathMaxSystemInt32SystemInt32', ID = '2651'
Method 'SystemVoidSystemSpan1SystemCharctorSystemChararray', ID = '2652'
Method 'SystemVoidSystemThrowHelperThrowArgumentOutOfRangeException', ID = '2653'
Method 'SystemCharSystemByReference1SystemCharget_Value', ID = '2654'
Method 'SystemVoidSystemRuntimeCompilerServicesDefaultInterpolatedStringHandlerAppendCustomFormatterSystemStringSystemStringSystemString', ID = '2655'
Method 'SystemVoidSystemRuntimeCompilerServicesDefaultInterpolatedStringHandlerEnsureCapacityForAdditionalCharsSystemInt32', ID = '2656'
Method 'SystemVoidSystemStringCopyToSystemSpan1SystemChar', ID = '2657'
Method 'SystemVoidSystemThrowHelperThrowIndexOutOfRangeException', ID = '2658'
Method 'SystemVoidSystemRuntimeCompilerServicesDefaultInterpolatedStringHandlerGrowSystemInt32', ID = '2659'
Method 'SystemVoidSystemRuntimeCompilerServicesDefaultInterpolatedStringHandlerGrowCoreSystemUInt32', ID = '2663'
Method 'SystemStringSystemReadOnlySpan1SystemCharToString', ID = '2665'
Method 'SystemBooleanSystemReadOnlySpan1SystemCharEqualsSystemObject', ID = '2666'
Method 'SystemInt32SystemReadOnlySpan1SystemCharGetHashCode', ID = '2667'
Method 'SystemBooleanSystemInt32TryFormatSystemSpan1SystemCharSystemInt32SystemReadOnlySpan1SystemCharSystemIFormatProvider', ID = '2668'
Method 'SystemBooleanSystemUInt32TryFormatSystemSpan1SystemCharSystemInt32SystemReadOnlySpan1SystemCharSystemIFormatProvider', ID = '2669'
Method 'SystemBooleanSystemDoubleTryFormatSystemSpan1SystemCharSystemInt32SystemReadOnlySpan1SystemCharSystemIFormatProvider', ID = '2670'
Method 'SystemBooleanSystemCharSystemISpanFormattableTryFormatSystemSpan1SystemCharSystemInt32SystemReadOnlySpan1SystemCharSystemIFormatProvider', ID = '2671'
Method 'SystemBooleanSystemUInt64TryFormatSystemSpan1SystemCharSystemInt32SystemReadOnlySpan1SystemCharSystemIFormatProvider', ID = '2672'
Method 'SystemBooleanSystemIntPtrTryFormatSystemSpan1SystemCharSystemInt32SystemReadOnlySpan1SystemCharSystemIFormatProvider', ID = '2673'
Method 'SystemBooleanSystemUIntPtrTryFormatSystemSpan1SystemCharSystemInt32SystemReadOnlySpan1SystemCharSystemIFormatProvider', ID = '2674'
Method 'SystemBooleanSystemUInt16TryFormatSystemSpan1SystemCharSystemInt32SystemReadOnlySpan1SystemCharSystemIFormatProvider', ID = '2675'
Method 'SystemBooleanSystemByteTryFormatSystemSpan1SystemCharSystemInt32SystemReadOnlySpan1SystemCharSystemIFormatProvider', ID = '2676'
Method 'SystemBooleanSystemInt64TryFormatSystemSpan1SystemCharSystemInt32SystemReadOnlySpan1SystemCharSystemIFormatProvider', ID = '2677'
Method 'SystemBooleanSystemGuidSystemISpanFormattableTryFormatSystemSpan1SystemCharSystemInt32SystemReadOnlySpan1SystemCharSystemIFormatProvider', ID = '2678'
Method 'SystemBooleanSystemSByteTryFormatSystemSpan1SystemCharSystemInt32SystemReadOnlySpan1SystemCharSystemIFormatProvider', ID = '2679'
Method 'SystemBooleanSystemInt16TryFormatSystemSpan1SystemCharSystemInt32SystemReadOnlySpan1SystemCharSystemIFormatProvider', ID = '2680'
Method 'SystemBooleanSystemSingleTryFormatSystemSpan1SystemCharSystemInt32SystemReadOnlySpan1SystemCharSystemIFormatProvider', ID = '2681'
Method 'SystemStringSystemCharSystemIFormattableToStringSystemStringSystemIFormatProvider', ID = '2685'
Method 'SystemStringSystemUInt64ToStringSystemStringSystemIFormatProvider', ID = '2686'
Method 'SystemStringSystemIntPtrToStringSystemStringSystemIFormatProvider', ID = '2687'
Method 'SystemStringSystemUIntPtrToStringSystemStringSystemIFormatProvider', ID = '2688'
Method 'SystemStringSystemEnumToStringSystemStringSystemIFormatProvider', ID = '2689'
Method 'SystemStringSystemNumericsVector1SystemByteToStringSystemStringSystemIFormatProvider', ID = '2693'
Method 'SystemStringSystemNumericsVector1SystemUInt16ToStringSystemStringSystemIFormatProvider', ID = '2694'
Method 'SystemStringSystemGuidToStringSystemStringSystemIFormatProvider', ID = '2695'
Method 'SystemStringSystemNumericsVector1SystemUInt64ToStringSystemStringSystemIFormatProvider', ID = '2699'
Method 'SystemSpan1SystemCharSystemSpan1SystemCharSliceSystemInt32SystemInt32', ID = '2700'
Method 'SystemReadOnlySpan1SystemCharSystemSpan1SystemCharop_ImplicitSystemSpan1SystemChar', ID = '2701'
Method 'SystemVoidCosmosCore_PlugsSystemStringImplCtorSystemReadOnlySpan1SystemCharSystemStringSystemInt32SystemCharpointer', ID = '2702'
Method 'CosmosHALPCIBaseAddressBararrayInternalRuntimeCompilerServicesUnsafeAsCosmosHALPCIBaseAddressBararraySystemObject', ID = '2705'
Method 'SystemVoidSystemSZGenericArrayEnumerator1CosmosHALPCIBaseAddressBarctorCosmosHALPCIBaseAddressBararray', ID = '2706'
Method 'SystemInt32SystemArrayIndexOfCosmosHALPCIBaseAddressBarCosmosHALPCIBaseAddressBararrayCosmosHALPCIBaseAddressBarSystemInt32SystemInt32', ID = '2709'
Method 'SystemCollectionsGenericIEnumerator1CosmosHALPCIBaseAddressBarCosmosIL2CPUSZArrayImpl1CosmosHALPCIBaseAddressBarGetEnumerator', ID = '2710'
Method 'SystemVoidCosmosIL2CPUSZArrayImpl1CosmosHALPCIBaseAddressBarCopyToCosmosHALPCIBaseAddressBararraySystemInt32', ID = '2711'
Method 'SystemInt32CosmosIL2CPUSZArrayImpl1CosmosHALPCIBaseAddressBarget_Count', ID = '2712'
Method 'CosmosHALPCIBaseAddressBarCosmosIL2CPUSZArrayImpl1CosmosHALPCIBaseAddressBarget_ItemSystemInt32', ID = '2713'
Method 'SystemVoidCosmosIL2CPUSZArrayImpl1CosmosHALPCIBaseAddressBarset_ItemSystemInt32CosmosHALPCIBaseAddressBar', ID = '2714'
Method 'SystemVoidCosmosIL2CPUSZArrayImpl1CosmosHALPCIBaseAddressBarAddCosmosHALPCIBaseAddressBar', ID = '2715'
Method 'SystemBooleanCosmosIL2CPUSZArrayImpl1CosmosHALPCIBaseAddressBarContainsCosmosHALPCIBaseAddressBar', ID = '2716'
Method 'SystemBooleanCosmosIL2CPUSZArrayImpl1CosmosHALPCIBaseAddressBarget_IsReadOnly', ID = '2717'
Method 'SystemVoidCosmosIL2CPUSZArrayImpl1CosmosHALPCIBaseAddressBarClear', ID = '2718'
Method 'SystemInt32CosmosIL2CPUSZArrayImpl1CosmosHALPCIBaseAddressBarIndexOfCosmosHALPCIBaseAddressBar', ID = '2719'
Method 'SystemVoidCosmosIL2CPUSZArrayImpl1CosmosHALPCIBaseAddressBarInsertSystemInt32CosmosHALPCIBaseAddressBar', ID = '2720'
Method 'SystemVoidCosmosIL2CPUSZArrayImpl1CosmosHALPCIBaseAddressBarRemoveAtSystemInt32', ID = '2721'
Method 'SystemBooleanCosmosIL2CPUSZArrayImpl1CosmosHALPCIBaseAddressBarget_IsFixedSize', ID = '2722'
Method 'SystemVoidCosmosIL2CPUSZArrayImpl1CosmosHALPCIBaseAddressBarRemoveCosmosHALPCIBaseAddressBar', ID = '2723'
Method 'SystemObjectCosmosIL2CPUSZArrayImpl1CosmosHALPCIBaseAddressBarget_SyncRoot', ID = '2724'
Method 'SystemBooleanCosmosIL2CPUSZArrayImpl1CosmosHALPCIBaseAddressBarget_IsSynchronized', ID = '2725'
Method 'SystemStringarrayInternalRuntimeCompilerServicesUnsafeAsSystemStringarraySystemObject', ID = '2727'
Method 'SystemVoidSystemSZGenericArrayEnumerator1SystemStringctorSystemStringarray', ID = '2728'
Method 'SystemInt32SystemArrayIndexOfSystemStringSystemStringarraySystemStringSystemInt32SystemInt32', ID = '2731'
Method 'SystemCollectionsGenericIEnumerator1SystemStringCosmosIL2CPUSZArrayImpl1SystemStringGetEnumerator', ID = '2732'
Method 'SystemVoidCosmosIL2CPUSZArrayImpl1SystemStringCopyToSystemStringarraySystemInt32', ID = '2733'
Method 'SystemInt32CosmosIL2CPUSZArrayImpl1SystemStringget_Count', ID = '2734'
Method 'SystemStringCosmosIL2CPUSZArrayImpl1SystemStringget_ItemSystemInt32', ID = '2735'
Method 'SystemVoidCosmosIL2CPUSZArrayImpl1SystemStringset_ItemSystemInt32SystemString', ID = '2736'
Method 'SystemVoidCosmosIL2CPUSZArrayImpl1SystemStringAddSystemString', ID = '2737'
Method 'SystemBooleanCosmosIL2CPUSZArrayImpl1SystemStringContainsSystemString', ID = '2738'
Method 'SystemBooleanCosmosIL2CPUSZArrayImpl1SystemStringget_IsReadOnly', ID = '2739'
Method 'SystemVoidCosmosIL2CPUSZArrayImpl1SystemStringClear', ID = '2740'
Method 'SystemInt32CosmosIL2CPUSZArrayImpl1SystemStringIndexOfSystemString', ID = '2741'
Method 'SystemVoidCosmosIL2CPUSZArrayImpl1SystemStringInsertSystemInt32SystemString', ID = '2742'
Method 'SystemVoidCosmosIL2CPUSZArrayImpl1SystemStringRemoveAtSystemInt32', ID = '2743'
Method 'SystemBooleanCosmosIL2CPUSZArrayImpl1SystemStringget_IsFixedSize', ID = '2744'
Method 'SystemVoidCosmosIL2CPUSZArrayImpl1SystemStringRemoveSystemString', ID = '2745'
Method 'SystemObjectCosmosIL2CPUSZArrayImpl1SystemStringget_SyncRoot', ID = '2746'
Method 'SystemBooleanCosmosIL2CPUSZArrayImpl1SystemStringget_IsSynchronized', ID = '2747'
Method 'SystemUInt64CosmosCore_PlugsSystemObjectImplMemberwiseClone', ID = '2749'
Method 'SystemVoidSystemCollectionsGenericList1CosmosCoreManagedMemoryBlockcctor', ID = '2750'
Method 'SystemVoidSystemCollectionsGenericList1CosmosHALNetworkDeviceAddWithResizeCosmosHALNetworkDevice', ID = '2760'
Method 'SystemVoidCosmosCoreIOPortBasectorSystemUInt16SystemUInt16', ID = '2762'
Method 'SystemVoidSystemCollectionsGenericList1CosmosCoreManagedMemoryBlockGrowSystemInt32', ID = '2763'
Method 'SystemVoidSystemCollectionsGenericQueue1SystemBytearrayThrowForEmptyQueue', ID = '2766'
Method 'CosmosCoreManagedMemoryBlockSystemCollectionsGenericList1CosmosCoreManagedMemoryBlockget_ItemSystemInt32', ID = '2767'
Method 'SystemVoidCosmosCoreManagedMemoryBlockset_ItemSystemUInt32SystemByte', ID = '2768'
Method 'SystemVoidSystemCollectionsGenericQueue1SystemBytearrayMoveNextSystemInt32', ID = '2770'
Method 'SystemByteCosmosCoreManagedMemoryBlockget_ItemSystemUInt32', ID = '2771'
Method 'SystemVoidCosmosCore_AsmDelegateImplInvoke', ID = '1468'
Method 'SystemVoidSystemCollectionsGenericQueue1SystemBytearrayEnqueueSystemBytearray', ID = '2773'
Method 'SystemVoidSystemCollectionsGenericList1CosmosHALNetworkDevicector', ID = '2774'
Method 'SystemVoidCosmosHALNetworkDeviceset_DevicesSystemCollectionsGenericList1CosmosHALNetworkDevice', ID = '2775'
Method 'SystemVoidCosmosHALNetworkMACAddressPutByteSystemChararraySystemInt32SystemByte', ID = '2778'
Method 'SystemUInt16CosmosHALDriversPCINetworkRTL8139Inb16SystemUInt32', ID = '2781'
Method 'SystemCollectionsGenericIEnumerator1CosmosHALNetworkDeviceSystemSZArrayHelperGetEnumeratorCosmosHALNetworkDevice', ID = '2783'
Method 'SystemVoidSystemSZArrayHelperCopyToCosmosHALNetworkDeviceCosmosHALNetworkDevicearraySystemInt32', ID = '2784'
Method 'SystemInt32SystemSZArrayHelperget_CountCosmosHALNetworkDevice', ID = '2785'
Method 'CosmosHALNetworkDeviceSystemSZArrayHelperget_ItemCosmosHALNetworkDeviceSystemInt32', ID = '2786'
Method 'SystemVoidSystemSZArrayHelperset_ItemCosmosHALNetworkDeviceSystemInt32CosmosHALNetworkDevice', ID = '2787'
Method 'SystemVoidSystemSZArrayHelperAddCosmosHALNetworkDeviceCosmosHALNetworkDevice', ID = '2788'
Method 'SystemBooleanSystemSZArrayHelperContainsCosmosHALNetworkDeviceCosmosHALNetworkDevice', ID = '2789'
Method 'SystemBooleanSystemSZArrayHelperget_IsReadOnlyCosmosHALNetworkDevice', ID = '2790'
Method 'SystemVoidSystemSZArrayHelperClearCosmosHALNetworkDevice', ID = '2791'
Method 'SystemInt32SystemSZArrayHelperIndexOfCosmosHALNetworkDeviceCosmosHALNetworkDevice', ID = '2792'
Method 'SystemVoidSystemSZArrayHelperInsertCosmosHALNetworkDeviceSystemInt32CosmosHALNetworkDevice', ID = '2793'
Method 'SystemBooleanSystemSZArrayHelperRemoveCosmosHALNetworkDeviceCosmosHALNetworkDevice', ID = '2794'
Method 'SystemVoidSystemSZArrayHelperRemoveAtCosmosHALNetworkDeviceSystemInt32', ID = '2795'
Method 'SystemCollectionsGenericDictionary2EntrySystemUInt32CosmosHALNetworkDevicearrayInternalRuntimeCompilerServicesUnsafeAsSystemCollectionsGenericDictionary2EntrySystemUInt3AD2FAF82B9708A21411ED4FF71E0884', ID = '2798'
Method 'SystemVoidSystemSZGenericArrayEnumerator1SystemCollectionsGenericDictionary2EntrySystemUInt32CosmosHALNetworkDevicectorSystemCollectionsGenericDictionary2EntrySystemUInt32CosmosHALNetworkDevicearray', ID = '2799'
Method 'SystemInt32SystemArrayIndexOfSystemCollectionsGenericDictionary2EntrySystemUInt32CosmosHALNetworkDeviceSystemCollectionsGenericDictionary2EntrySystemUInt32CosmosHALNetw7CC997C7CD560F89913CAA6033A315F1', ID = '2802'
Method 'SystemCollectionsGenericIEnumerator1SystemCollectionsGenericDictionary2EntrySystemUInt32CosmosHALNetworkDeviceCosmosIL2CPUSZArrayImpl1SystemCollectionsGenericDictionaryB7B52473114DA07C75F140F156D571F4', ID = '2803'
Method 'SystemVoidCosmosIL2CPUSZArrayImpl1SystemCollectionsGenericDictionary2EntrySystemUInt32CosmosHALNetworkDeviceCopyToSystemCollectionsGenericDictionary2EntrySystemUInt32CoC3B5198E89D3E93C4CBA17CE77B86A5B', ID = '2804'
Method 'SystemInt32CosmosIL2CPUSZArrayImpl1SystemCollectionsGenericDictionary2EntrySystemUInt32CosmosHALNetworkDeviceget_Count', ID = '2805'
Method 'SystemCollectionsGenericDictionary2EntrySystemUInt32CosmosHALNetworkDeviceCosmosIL2CPUSZArrayImpl1SystemCollectionsGenericDictionary2EntrySystemUInt32CosmosHALNetworkDeviceget_ItemSystemInt32', ID = '2806'
Method 'SystemVoidCosmosIL2CPUSZArrayImpl1SystemCollectionsGenericDictionary2EntrySystemUInt32CosmosHALNetworkDeviceset_ItemSystemInt32SystemCollectionsGenericDictionary2EntryS429A553095C1AB29F4B5FA019227B9C1', ID = '2807'
Method 'SystemVoidCosmosIL2CPUSZArrayImpl1SystemCollectionsGenericDictionary2EntrySystemUInt32CosmosHALNetworkDeviceAddSystemCollectionsGenericDictionary2EntrySystemUInt32CosmosHALNetworkDevice', ID = '2808'
Method 'SystemBooleanCosmosIL2CPUSZArrayImpl1SystemCollectionsGenericDictionary2EntrySystemUInt32CosmosHALNetworkDeviceContainsSystemCollectionsGenericDictionary2EntrySystemUInt32CosmosHALNetworkDevice', ID = '2809'
Method 'SystemBooleanCosmosIL2CPUSZArrayImpl1SystemCollectionsGenericDictionary2EntrySystemUInt32CosmosHALNetworkDeviceget_IsReadOnly', ID = '2810'
Method 'SystemVoidCosmosIL2CPUSZArrayImpl1SystemCollectionsGenericDictionary2EntrySystemUInt32CosmosHALNetworkDeviceClear', ID = '2811'
Method 'SystemInt32CosmosIL2CPUSZArrayImpl1SystemCollectionsGenericDictionary2EntrySystemUInt32CosmosHALNetworkDeviceIndexOfSystemCollectionsGenericDictionary2EntrySystemUInt32CosmosHALNetworkDevice', ID = '2812'
Method 'SystemVoidCosmosIL2CPUSZArrayImpl1SystemCollectionsGenericDictionary2EntrySystemUInt32CosmosHALNetworkDeviceInsertSystemInt32SystemCollectionsGenericDictionary2EntrySystemUInt32CosmosHALNetworkDevice', ID = '2813'
Method 'SystemVoidCosmosIL2CPUSZArrayImpl1SystemCollectionsGenericDictionary2EntrySystemUInt32CosmosHALNetworkDeviceRemoveAtSystemInt32', ID = '2814'
Method 'SystemBooleanCosmosIL2CPUSZArrayImpl1SystemCollectionsGenericDictionary2EntrySystemUInt32CosmosHALNetworkDeviceget_IsFixedSize', ID = '2815'
Method 'SystemVoidCosmosIL2CPUSZArrayImpl1SystemCollectionsGenericDictionary2EntrySystemUInt32CosmosHALNetworkDeviceRemoveSystemCollectionsGenericDictionary2EntrySystemUInt32CosmosHALNetworkDevice', ID = '2816'
Method 'SystemObjectCosmosIL2CPUSZArrayImpl1SystemCollectionsGenericDictionary2EntrySystemUInt32CosmosHALNetworkDeviceget_SyncRoot', ID = '2817'
Method 'SystemBooleanCosmosIL2CPUSZArrayImpl1SystemCollectionsGenericDictionary2EntrySystemUInt32CosmosHALNetworkDeviceget_IsSynchronized', ID = '2818'
Method 'SystemCollectionsGenericIEnumerator1SystemCollectionsGenericKeyValuePair2SystemUInt32CosmosHALNetworkDeviceSystemSZArrayHelperGetEnumeratorSystemCollectionsGenericKeyVaA87E444A5CE0CB5C2F8EECB958C6AA91', ID = '2819'
Method 'SystemVoidSystemSZArrayHelperCopyToSystemCollectionsGenericKeyValuePair2SystemUInt32CosmosHALNetworkDeviceSystemCollectionsGenericKeyValuePair2SystemUInt32CosmosHALNetworkDevicearraySystemInt32', ID = '2820'
Method 'SystemInt32SystemSZArrayHelperget_CountSystemCollectionsGenericKeyValuePair2SystemUInt32CosmosHALNetworkDevice', ID = '2821'
Method 'SystemCollectionsGenericKeyValuePair2SystemUInt32CosmosHALNetworkDeviceSystemSZArrayHelperget_ItemSystemCollectionsGenericKeyValuePair2SystemUInt32CosmosHALNetworkDeviceSystemInt32', ID = '2822'
Method 'SystemVoidSystemSZArrayHelperset_ItemSystemCollectionsGenericKeyValuePair2SystemUInt32CosmosHALNetworkDeviceSystemInt32SystemCollectionsGenericKeyValuePair2SystemUInt32CosmosHALNetworkDevice', ID = '2823'
Method 'SystemVoidSystemSZArrayHelperAddSystemCollectionsGenericKeyValuePair2SystemUInt32CosmosHALNetworkDeviceSystemCollectionsGenericKeyValuePair2SystemUInt32CosmosHALNetworkDevice', ID = '2824'
Method 'SystemBooleanSystemSZArrayHelperContainsSystemCollectionsGenericKeyValuePair2SystemUInt32CosmosHALNetworkDeviceSystemCollectionsGenericKeyValuePair2SystemUInt32CosmosHALNetworkDevice', ID = '2825'
Method 'SystemBooleanSystemSZArrayHelperget_IsReadOnlySystemCollectionsGenericKeyValuePair2SystemUInt32CosmosHALNetworkDevice', ID = '2826'
Method 'SystemVoidSystemSZArrayHelperClearSystemCollectionsGenericKeyValuePair2SystemUInt32CosmosHALNetworkDevice', ID = '2827'
Method 'SystemInt32SystemSZArrayHelperIndexOfSystemCollectionsGenericKeyValuePair2SystemUInt32CosmosHALNetworkDeviceSystemCollectionsGenericKeyValuePair2SystemUInt32CosmosHALNetworkDevice', ID = '2828'
Method 'SystemVoidSystemSZArrayHelperInsertSystemCollectionsGenericKeyValuePair2SystemUInt32CosmosHALNetworkDeviceSystemInt32SystemCollectionsGenericKeyValuePair2SystemUInt32CosmosHALNetworkDevice', ID = '2829'
Method 'SystemBooleanSystemSZArrayHelperRemoveSystemCollectionsGenericKeyValuePair2SystemUInt32CosmosHALNetworkDeviceSystemCollectionsGenericKeyValuePair2SystemUInt32CosmosHALNetworkDevice', ID = '2830'
Method 'SystemVoidSystemSZArrayHelperRemoveAtSystemCollectionsGenericKeyValuePair2SystemUInt32CosmosHALNetworkDeviceSystemInt32', ID = '2831'
Method 'SystemStringSystemPrivateCoreLibSystemSRget_Arg_HTCapacityOverflow', ID = '2836'
Method 'SystemBooleanSystemCollectionsHashHelpersIsPrimeSystemInt32', ID = '2838'
Method 'SystemBooleanSystemRuntimeTypeHandleEqualsSystemObject', ID = '2840'
Method 'SystemInt32SystemRuntimeTypeHandleGetHashCode', ID = '2841'
Method 'SystemVoidSystemCollectionsGenericNonRandomizedStringEqualityComparercctor', ID = '2842'
Method 'SystemVoidCosmosSystemScanMapBasector', ID = '2852'
Method 'CosmosSystemKeyEventarraySystemArrayEmptyCosmosSystemKeyEvent', ID = '2853'
Method 'SystemVoidSystemCollectionsGenericList1CosmosHALKeyboardBaseAddCosmosHALKeyboardBase', ID = '2855'
Method 'SystemCollectionsGenericIEnumerator1CosmosHALKeyboardBaseSystemCollectionsGenericList1CosmosHALKeyboardBaseSystemCollectionsGenericIEnumerableTGetEnumerator', ID = '2857'
Method 'SystemVoidCosmosSystemKeyboardManagerHandleScanCodeSystemByteSystemBoolean', ID = '2858'
Method 'SystemVoidCosmosCore_AsmDelegateImplCtorSystemObjectSystemIntPtr', ID = '1668'
Method 'SystemBooleanSystemSZGenericArrayEnumerator1SystemUInt32MoveNext', ID = '2860'
Method 'SystemBooleanSystemSZGenericArrayEnumerator1SystemDelegateMoveNext', ID = '2861'
Method 'SystemBooleanSystemSZGenericArrayEnumerator1SystemObjectMoveNext', ID = '2862'
Method 'SystemBooleanCosmosIL2CPUSZArrayImpl1GetEnumeratord__0SystemUInt32MoveNext', ID = '2863'
Method 'SystemBooleanCosmosIL2CPUSZArrayImpl1GetEnumeratord__0SystemDelegateMoveNext', ID = '2864'
Method 'SystemBooleanCosmosIL2CPUSZArrayImpl1GetEnumeratord__0SystemObjectMoveNext', ID = '2865'
Method 'SystemBooleanSystemSZGenericArrayEnumerator1SystemByteMoveNext', ID = '2866'
Method 'SystemBooleanSystemSZGenericArrayEnumerator1SystemCharMoveNext', ID = '2867'
Method 'SystemBooleanCosmosIL2CPUSZArrayImpl1GetEnumeratord__0SystemByteMoveNext', ID = '2868'
Method 'SystemBooleanCosmosIL2CPUSZArrayImpl1GetEnumeratord__0SystemCharMoveNext', ID = '2869'
Method 'SystemBooleanSystemSZGenericArrayEnumerator1CosmosSystemFileSystemDiskMoveNext', ID = '2870'
Method 'SystemBooleanSystemSZGenericArrayEnumerator1SystemInt32MoveNext', ID = '2871'
Method 'SystemBooleanSystemSZGenericArrayEnumerator1SystemInt64MoveNext', ID = '2872'
Method 'SystemBooleanCosmosIL2CPUSZArrayImpl1GetEnumeratord__0CosmosSystemFileSystemDiskMoveNext', ID = '2873'
Method 'SystemBooleanSystemSZGenericArrayEnumerator1CosmosHALPCIBaseAddressBarMoveNext', ID = '2874'
Method 'SystemBooleanSystemSZGenericArrayEnumerator1SystemStringMoveNext', ID = '2875'
Method 'SystemBooleanSystemSZGenericArrayEnumerator1SystemCollectionsGenericDictionary2EntrySystemUInt32CosmosHALNetworkDeviceMoveNext', ID = '2876'
Method 'SystemVoidSystemCollectionsGenericList1CosmosSystemFileSystemManagedPartitionAddWithResizeCosmosSystemFileSystemManagedPartition', ID = '2879'
Method 'SystemVoidSystemCollectionsGenericList1CosmosSystemFileSystemDiskGrowSystemInt32', ID = '2880'
Method 'SystemVoidSystemCollectionsGenericList1EnumeratorCosmosSystemFileSystemDiskctorSystemCollectionsGenericList1CosmosSystemFileSystemDisk', ID = '2881'
Method 'SystemVoidCosmosSystemFileSystemDiskMountPartitionSystemInt32', ID = '2882'
Method 'SystemCollectionsGenericList1CosmosSystemFileSystemManagedPartitionCosmosSystemFileSystemDiskget_Partitions', ID = '2883'
Method 'SystemInt32SystemCollectionsGenericList1CosmosSystemFileSystemManagedPartitionget_Count', ID = '2884'
Method 'SystemBooleanSystemCollectionsGenericList1EnumeratorCosmosSystemFileSystemDiskMoveNextRare', ID = '2885'
Method 'SystemVoidSystemCollectionsGenericList1EnumeratorCosmosSystemFileSystemDiskDispose', ID = '2886'
Method 'SystemCollectionsGenericIEnumerator1CosmosHALPITPITTimerSystemSZArrayHelperGetEnumeratorCosmosHALPITPITTimer', ID = '2887'
Method 'SystemVoidSystemSZArrayHelperCopyToCosmosHALPITPITTimerCosmosHALPITPITTimerarraySystemInt32', ID = '2888'
Method 'SystemInt32SystemSZArrayHelperget_CountCosmosHALPITPITTimer', ID = '2889'
Method 'CosmosHALPITPITTimerSystemSZArrayHelperget_ItemCosmosHALPITPITTimerSystemInt32', ID = '2890'
Method 'SystemVoidSystemSZArrayHelperset_ItemCosmosHALPITPITTimerSystemInt32CosmosHALPITPITTimer', ID = '2891'
Method 'SystemVoidSystemSZArrayHelperAddCosmosHALPITPITTimerCosmosHALPITPITTimer', ID = '2892'
Method 'SystemBooleanSystemSZArrayHelperContainsCosmosHALPITPITTimerCosmosHALPITPITTimer', ID = '2893'
Method 'SystemBooleanSystemSZArrayHelperget_IsReadOnlyCosmosHALPITPITTimer', ID = '2894'
Method 'SystemVoidSystemSZArrayHelperClearCosmosHALPITPITTimer', ID = '2895'
Method 'SystemInt32SystemSZArrayHelperIndexOfCosmosHALPITPITTimerCosmosHALPITPITTimer', ID = '2896'
Method 'SystemVoidSystemSZArrayHelperInsertCosmosHALPITPITTimerSystemInt32CosmosHALPITPITTimer', ID = '2897'
Method 'SystemBooleanSystemSZArrayHelperRemoveCosmosHALPITPITTimerCosmosHALPITPITTimer', ID = '2898'
Method 'SystemVoidSystemSZArrayHelperRemoveAtCosmosHALPITPITTimerSystemInt32', ID = '2899'
Method 'SystemVoidCosmosHALPITUnregisterTimerSystemInt32', ID = '2902'
Method 'SystemBooleanCosmosCore_PlugsSystemRuntimeCompilerServicesRuntimeHelpersImplIsReferenceOrContainsReferencesCosmosHALPITPITTimer', ID = '2903'
Method 'SystemBooleanCosmosCore_PlugsSystemRuntimeCompilerServicesRuntimeHelpersImplContainsReferenceSystemUInt32', ID = '2904'
Method 'SystemVoidCosmosHALTextScreenSetCursorPosSystemInt32SystemInt32', ID = '2905'
Method 'SystemVoidSystemCollectionsGenericList1SystemCharset_CapacitySystemInt32', ID = '2906'
Method 'SystemVoidCosmosCore_AsmCPUImplHalt', ID = '2907'
Method 'SystemStringSystemPrivateCoreLibSystemSRget_InvalidOperation_EmptyQueue', ID = '2911'
Method 'SystemBooleanCosmosCore_PlugsSystemRuntimeCompilerServicesRuntimeHelpersImplIsReferenceOrContainsReferencesCosmosSystemKeyEvent', ID = '2912'
Method 'SystemByteSystemRuntimeCompilerServicesRuntimeHelpersGetRawDataSystemObject', ID = '2914'
Method 'SystemIntPtrInternalRuntimeCompilerServicesUnsafeAsSystemByteSystemIntPtrSystemByte', ID = '2915'
Method 'SystemIntPtrInternalRuntimeCompilerServicesUnsafeAddSystemIntPtrSystemIntPtrSystemInt32', ID = '2916'
Method 'SystemInt32CosmosCore_PlugsSystemStringImplCompareToSystemString', ID = '2918'
Method 'SystemInt32SystemCollectionsGenericList1CosmosHALPCIDeviceget_Count', ID = '2919'
Method 'CosmosSystemFileSystemListingDirectoryEntryarrayInternalRuntimeCompilerServicesUnsafeAsCosmosSystemFileSystemListingDirectoryEntryarraySystemObject', ID = '2920'
Method 'SystemVoidSystemSZGenericArrayEnumerator1CosmosSystemFileSystemListingDirectoryEntryctorCosmosSystemFileSystemListingDirectoryEntryarray', ID = '2921'
Method 'SystemInt32SystemArrayIndexOfCosmosSystemFileSystemListingDirectoryEntryCosmosSystemFileSystemListingDirectoryEntryarrayCosmosSystemFileSystemListingDirectoryEntrySystemInt32SystemInt32', ID = '2924'
Method 'SystemCollectionsGenericIEnumerator1CosmosSystemFileSystemListingDirectoryEntryCosmosIL2CPUSZArrayImpl1CosmosSystemFileSystemListingDirectoryEntryGetEnumerator', ID = '2925'
Method 'SystemVoidCosmosIL2CPUSZArrayImpl1CosmosSystemFileSystemListingDirectoryEntryCopyToCosmosSystemFileSystemListingDirectoryEntryarraySystemInt32', ID = '2926'
Method 'SystemInt32CosmosIL2CPUSZArrayImpl1CosmosSystemFileSystemListingDirectoryEntryget_Count', ID = '2927'
Method 'CosmosSystemFileSystemListingDirectoryEntryCosmosIL2CPUSZArrayImpl1CosmosSystemFileSystemListingDirectoryEntryget_ItemSystemInt32', ID = '2928'
Method 'SystemVoidCosmosIL2CPUSZArrayImpl1CosmosSystemFileSystemListingDirectoryEntryset_ItemSystemInt32CosmosSystemFileSystemListingDirectoryEntry', ID = '2929'
Method 'SystemVoidCosmosIL2CPUSZArrayImpl1CosmosSystemFileSystemListingDirectoryEntryAddCosmosSystemFileSystemListingDirectoryEntry', ID = '2930'
Method 'SystemBooleanCosmosIL2CPUSZArrayImpl1CosmosSystemFileSystemListingDirectoryEntryContainsCosmosSystemFileSystemListingDirectoryEntry', ID = '2931'
Method 'SystemBooleanCosmosIL2CPUSZArrayImpl1CosmosSystemFileSystemListingDirectoryEntryget_IsReadOnly', ID = '2932'
Method 'SystemVoidCosmosIL2CPUSZArrayImpl1CosmosSystemFileSystemListingDirectoryEntryClear', ID = '2933'
Method 'SystemInt32CosmosIL2CPUSZArrayImpl1CosmosSystemFileSystemListingDirectoryEntryIndexOfCosmosSystemFileSystemListingDirectoryEntry', ID = '2934'
Method 'SystemVoidCosmosIL2CPUSZArrayImpl1CosmosSystemFileSystemListingDirectoryEntryInsertSystemInt32CosmosSystemFileSystemListingDirectoryEntry', ID = '2935'
Method 'SystemVoidCosmosIL2CPUSZArrayImpl1CosmosSystemFileSystemListingDirectoryEntryRemoveAtSystemInt32', ID = '2936'
Method 'SystemBooleanCosmosIL2CPUSZArrayImpl1CosmosSystemFileSystemListingDirectoryEntryget_IsFixedSize', ID = '2937'
Method 'SystemVoidCosmosIL2CPUSZArrayImpl1CosmosSystemFileSystemListingDirectoryEntryRemoveCosmosSystemFileSystemListingDirectoryEntry', ID = '2938'
Method 'SystemObjectCosmosIL2CPUSZArrayImpl1CosmosSystemFileSystemListingDirectoryEntryget_SyncRoot', ID = '2939'
Method 'SystemBooleanCosmosIL2CPUSZArrayImpl1CosmosSystemFileSystemListingDirectoryEntryget_IsSynchronized', ID = '2940'
Method 'CosmosSystemFileSystemManagedPartitionCosmosSystemFileSystemCosmosVFSGetPartitionFromPathSystemString', ID = '2942'
Method 'SystemStringarrayCosmosSystemFileSystemVFSVFSManagerSplitPathSystemString', ID = '2943'
Method 'CosmosSystemFileSystemListingDirectoryEntryCosmosSystemFileSystemCosmosVFSGetVolumeCosmosSystemFileSystemFileSystem', ID = '2944'
Method 'SystemStringSystemStringJoinCoreSystemReadOnlySpan1SystemCharSystemObjectarray', ID = '2945'
Method 'SystemStringCosmosCore_PlugsSystemStringImplFormatSystemStringSystemObject', ID = '2946'
Method 'SystemVoidSystemIOStreamctor', ID = '2948'
Method 'SystemVoidSystemThreadingSemaphoreSlimCancellationTokenCanceledEventHandlerSystemObject', ID = '2949'
Method 'SystemVoidCosmosCore_AsmDelegateImplCtorSystemObjectSystemIntPtr', ID = '1668'
Method 'SystemVoidSystemThreadingWaitHandleDispose', ID = '2954'
Method 'SystemVoidSystemThreadingTasksTaskDispose', ID = '2958'
Method 'SystemVoidSystemThreadingSemaphoreSlimDisposeSystemBoolean', ID = '2960'
Method 'SystemVoidSystemGCSuppressFinalizeSystemObject', ID = '2961'
Method 'SystemVoidSystemIOStreamDisposeSystemBoolean', ID = '2962'
Method 'SystemVoidCosmosSystem_PlugsSystemIOPathImplCheckInvalidPathCharsSystemStringSystemBoolean', ID = '2964'
Method 'SystemVoidCosmosSystem_PlugsSystemIOPathImplCctorSystemCharSystemCharSystemChar', ID = '2967'
Method 'SystemStringCosmosCore_PlugsSystemStringImplToUpperInvariant', ID = '2968'
Method 'SystemVoidSystemTextUTF8EncodingctorSystemBoolean', ID = '2970'
Method 'SystemVoidSystemTextASCIIEncodingctor', ID = '2972'
Method 'SystemInt32SystemTextEncodingGetByteCountFastSystemCharpointerSystemInt32SystemTextEncoderFallbackSystemInt32', ID = '2973'
Method 'SystemInt32SystemTextEncodingGetByteCountWithFallbackSystemCharpointerSystemInt32SystemInt32', ID = '2974'
Method 'SystemVoidSystemTextEncodingThrowConversionOverflow', ID = '2975'
Method 'SystemInt32SystemTextEncodingGetBytesFastSystemCharpointerSystemInt32SystemBytepointerSystemInt32SystemInt32', ID = '2976'
Method 'SystemInt32SystemTextEncodingGetBytesWithFallbackSystemCharpointerSystemInt32SystemBytepointerSystemInt32SystemInt32SystemInt32', ID = '2977'
Method 'SystemVoidCosmosHALPCSpeakerBeepSystemUInt32', ID = '2979'
Method 'SystemVoidCosmosHALPITWaitSystemUInt32', ID = '2980'
Method 'SystemVoidCosmosHALPCSpeakerDisableSound', ID = '2981'
Method 'SystemVoidCosmosCore_PlugsMemoryOperationsMemoryOperationsImplCopySystemBytepointerSystemBytepointerSystemInt32', ID = '2983'
Method 'SystemVoidCosmosCoreMemoryBlockMoveDownSystemUInt32SystemUInt32SystemUInt32', ID = '2984'
Method 'SystemVoidCosmosCoreMemoryBlockFillSystemUInt32SystemUInt32SystemUInt16', ID = '2985'
Method 'SystemVoidCosmosCoreMemoryBlock08set_ItemSystemUInt32SystemByte', ID = '2986'
Method 'SystemStringSystemGuidToString', ID = '2987'
Method 'SystemBooleanSystemGuidEqualsSystemObject', ID = '2988'
Method 'SystemInt32SystemGuidGetHashCode', ID = '2989'
Method 'SystemVoidSystemReflectionModulecctor', ID = '2996'
Method 'SystemBooleanSystemReflectionModuleEqualsSystemObject', ID = '2998'
Method 'SystemInt32SystemReflectionModuleGetHashCode', ID = '2999'
Method 'SystemVoidSystemReflectionAssemblycctor', ID = '3000'
Method 'SystemStringSystemReflectionAssemblyToString', ID = '3001'
Method 'SystemBooleanSystemReflectionAssemblyEqualsSystemObject', ID = '3002'
Method 'SystemInt32SystemReflectionAssemblyGetHashCode', ID = '3003'
Method 'SystemVoidSystemReflectionMemberInfoctor', ID = '3004'
Method 'SystemStringSystemRuntimeIntrinsicsVector1281SystemDoubleToString', ID = '3007'
Method 'SystemBooleanSystemRuntimeIntrinsicsVector1281SystemDoubleEqualsSystemObject', ID = '3008'
Method 'SystemInt32SystemRuntimeIntrinsicsVector1281SystemDoubleGetHashCode', ID = '3009'
Method 'SystemStringSystemRuntimeIntrinsicsVector1281SystemInt64ToString', ID = '3012'
Method 'SystemBooleanSystemRuntimeIntrinsicsVector1281SystemInt64EqualsSystemObject', ID = '3013'
Method 'SystemInt32SystemRuntimeIntrinsicsVector1281SystemInt64GetHashCode', ID = '3014'
Method 'SystemVoidSystemThrowHelperThrowForUnsupportedIntrinsicsVectorBaseTypeSystemDouble', ID = '3016'
Method 'SystemVoidSystemThrowHelperThrowForUnsupportedIntrinsicsVectorBaseTypeSystemInt64', ID = '3017'
Method 'SystemRuntimeIntrinsicsVector1281SystemInt64InternalRuntimeCompilerServicesUnsafeAsSystemRuntimeIntrinsicsVector1281SystemDoubleSystemRuntimeIntrinsicsVector1281SystemI11E7FB8F5C0B48CAE6C0339A086F35FF', ID = '3018'
Method 'SystemVoidSystemSpan1SystemCharctorSystemVoidpointerSystemInt32', ID = '3020'
Method 'SystemVoidSystemTextValueStringBuilderctorSystemSpan1SystemChar', ID = '3021'
Method 'SystemGlobalizationCultureInfoSystemGlobalizationCultureInfoget_InvariantCulture', ID = '3022'
Method 'SystemVoidSystemTextValueStringBuilderAppendSystemChar', ID = '3023'
Method 'SystemByteSystemRuntimeIntrinsicsVector128GetElementSystemByteSystemRuntimeIntrinsicsVector1281SystemByteSystemInt32', ID = '3024'
Method 'SystemVoidSystemTextValueStringBuilderAppendSystemString', ID = '3025'
Method 'SystemBooleanSystemRuntimeIntrinsicsVector1281SystemByteEqualsSystemRuntimeIntrinsicsVector1281SystemByte', ID = '3027'
Method 'SystemVoidSystemHashCodeAddSystemInt32SystemInt32', ID = '3029'
Method 'SystemInt32SystemHashCodeToHashCode', ID = '3030'
Method 'SystemBooleanCosmosCore_PlugsSystemTypeImplop_InequalityCosmosCoreCosmosRuntimeTypeCosmosCoreCosmosRuntimeType', ID = '3031'
Method 'SystemBooleanSystemSByteEqualsSystemObject', ID = '3033'
Method 'SystemInt32SystemSByteGetHashCode', ID = '3034'
Method 'SystemBooleanSystemInt16EqualsSystemObject', ID = '3060'
Method 'SystemInt32SystemInt16GetHashCode', ID = '3061'
Method 'SystemBooleanSystemSingleEqualsSystemObject', ID = '3087'
Method 'SystemInt32SystemSingleGetHashCode', ID = '3088'
Method 'SystemVoidSystemHashCodeAddSystemByteSystemByte', ID = '3114'
Method 'SystemByteSystemRuntimeIntrinsicsVector256GetElementSystemByteSystemRuntimeIntrinsicsVector2561SystemByteSystemInt32', ID = '3116'
Method 'SystemBooleanSystemRuntimeIntrinsicsVector2561SystemByteEqualsSystemRuntimeIntrinsicsVector2561SystemByte', ID = '3117'
Method 'SystemBooleanCosmosCore_PlugsRuntimeIntrinsicsX86Bmi1Implget_IsSupported', ID = '3121'
Method 'SystemBooleanCosmosCore_PlugsRuntimeIntrinsicsX86X86BaseImplget_IsSupported', ID = '3122'
Method 'SystemVoidSystemReadOnlySpan1SystemBytectorSystemVoidpointerSystemInt32', ID = '3126'
Method 'SystemByteSystemByReference1SystemByteget_Value', ID = '3127'
Method 'SystemSingleSystemBitConverterInt32BitsToSingleSystemInt32', ID = '3129'
Method 'SystemDoubleSystemBitConverterInt64BitsToDoubleSystemInt64', ID = '3130'
Method 'SystemUIntPtrSystemUIntPtrget_MaxValue', ID = '3131'
Method 'SystemStringSystemNumericsVector1SystemUInt64ToString', ID = '3132'
Method 'SystemBooleanSystemNumericsVector1SystemUInt64EqualsSystemObject', ID = '3133'
Method 'SystemInt32SystemNumericsVector1SystemUInt64GetHashCode', ID = '3134'
Method 'SystemNumericsVector1SystemUInt64InternalRuntimeCompilerServicesUnsafeAsSystemNumericsVector1SystemByteSystemNumericsVector1SystemUInt64SystemNumericsVector1SystemByte', ID = '3136'
Method 'SystemNumericsVector1SystemUInt64InternalRuntimeCompilerServicesUnsafeAsRefSystemNumericsVector1SystemUInt64SystemNumericsVector1SystemUInt64', ID = '3137'
Method 'SystemUInt64InternalRuntimeCompilerServicesUnsafeAsSystemNumericsVector1SystemUInt64SystemUInt64SystemNumericsVector1SystemUInt64', ID = '3138'
Method 'SystemUInt64InternalRuntimeCompilerServicesUnsafeAddSystemUInt64SystemUInt64SystemIntPtr', ID = '3139'
Method 'SystemBooleanSystemRuntimeIntrinsicsX86Bmi1X64get_IsSupported', ID = '3140'
Method 'SystemUInt64SystemRuntimeIntrinsicsX86Bmi1X64TrailingZeroCountSystemUInt64', ID = '3141'
Method 'SystemBooleanSystemRuntimeIntrinsicsArmArmBaseArm64get_IsSupported', ID = '3142'
Method 'SystemUInt64SystemRuntimeIntrinsicsX86X86BaseX64BitScanForwardSystemUInt64', ID = '3144'
Method 'SystemUInt16SystemRuntimeIntrinsicsVector128GetElementSystemUInt16SystemRuntimeIntrinsicsVector1281SystemUInt16SystemInt32', ID = '3145'
Method 'SystemBooleanSystemRuntimeIntrinsicsVector1281SystemUInt16EqualsSystemRuntimeIntrinsicsVector1281SystemUInt16', ID = '3146'
Method 'SystemVoidSystemHashCodeAddSystemUInt16SystemUInt16', ID = '3147'
Method 'SystemUInt16SystemRuntimeIntrinsicsVector256GetElementSystemUInt16SystemRuntimeIntrinsicsVector2561SystemUInt16SystemInt32', ID = '3149'
Method 'SystemBooleanSystemRuntimeIntrinsicsVector2561SystemUInt16EqualsSystemRuntimeIntrinsicsVector2561SystemUInt16', ID = '3150'
Method 'SystemNumericsVector1SystemUInt64InternalRuntimeCompilerServicesUnsafeAsSystemNumericsVector1SystemUInt16SystemNumericsVector1SystemUInt64SystemNumericsVector1SystemUInt16', ID = '3152'
Method 'SystemVoidSystemSZGenericArrayEnumerator1SystemInt32cctor', ID = '3153'
Method 'SystemVoidSystemSZGenericArrayEnumerator1SystemInt32Dispose', ID = '3154'
Method 'SystemBooleanSystemRuntimeCompilerServicesRuntimeHelpersIsBitwiseEquatableSystemInt32', ID = '3155'
Method 'SystemInt32InternalRuntimeCompilerServicesUnsafeSizeOfSystemInt32', ID = '3156'
Method 'SystemByteInternalRuntimeCompilerServicesUnsafeAsSystemInt32SystemByteSystemInt32', ID = '3157'
Method 'SystemCharInternalRuntimeCompilerServicesUnsafeAsSystemInt32SystemCharSystemInt32', ID = '3158'
Method 'SystemInt32InternalRuntimeCompilerServicesUnsafeAsSystemInt32SystemInt32SystemInt32', ID = '3159'
Method 'SystemInt64InternalRuntimeCompilerServicesUnsafeAsSystemInt32SystemInt64SystemInt32', ID = '3160'
Method 'SystemCollectionsGenericEqualityComparer1SystemInt32SystemCollectionsGenericEqualityComparer1SystemInt32get_Default', ID = '3161'
Method 'SystemInt32SystemCollectionsGenericEqualityComparer1SystemInt32IndexOfSystemInt32arraySystemInt32SystemInt32SystemInt32', ID = '3162'
Method 'SystemVoidCosmosIL2CPUSZArrayImpl1GetEnumeratord__0SystemInt32ctorSystemInt32', ID = '3163'
Method 'SystemVoidSystemSZGenericArrayEnumerator1SystemInt64cctor', ID = '3165'
Method 'SystemVoidSystemSZGenericArrayEnumerator1SystemInt64Dispose', ID = '3166'
Method 'SystemBooleanSystemRuntimeCompilerServicesRuntimeHelpersIsBitwiseEquatableSystemInt64', ID = '3167'
Method 'SystemInt32InternalRuntimeCompilerServicesUnsafeSizeOfSystemInt64', ID = '3168'
Method 'SystemByteInternalRuntimeCompilerServicesUnsafeAsSystemInt64SystemByteSystemInt64', ID = '3169'
Method 'SystemCharInternalRuntimeCompilerServicesUnsafeAsSystemInt64SystemCharSystemInt64', ID = '3170'
Method 'SystemInt32InternalRuntimeCompilerServicesUnsafeAsSystemInt64SystemInt32SystemInt64', ID = '3171'
Method 'SystemInt64InternalRuntimeCompilerServicesUnsafeAsSystemInt64SystemInt64SystemInt64', ID = '3172'
Method 'SystemCollectionsGenericEqualityComparer1SystemInt64SystemCollectionsGenericEqualityComparer1SystemInt64get_Default', ID = '3173'
Method 'SystemInt32SystemCollectionsGenericEqualityComparer1SystemInt64IndexOfSystemInt64arraySystemInt64SystemInt32SystemInt32', ID = '3174'
Method 'SystemVoidCosmosIL2CPUSZArrayImpl1GetEnumeratord__0SystemInt64ctorSystemInt32', ID = '3175'
Method 'SystemObjectCosmosCore_PlugsSystemCollectionsGenericComparerHelpersImplCreateDefaultEqualityComparerSystemType', ID = '3178'
Method 'SystemStringSystemPrivateCoreLibSystemSRget_Argument_MustBeFalse', ID = '3180'
Method 'SystemVoidCosmosCore_PlugsSystemThreadingMonitorImplReliableEnterSystemObjectSystemBoolean', ID = '3181'
Method 'SystemCollectionsGenericDictionary2EntrySystemStringSystemBooleanInternalRuntimeCompilerServicesUnsafeNullRefSystemCollectionsGenericDictionary2EntrySystemStringSystemBoolean', ID = '3190'
Method 'SystemInt32SystemCollectionsGenericDictionary2SystemStringSystemBooleanGetBucketSystemUInt32', ID = '3191'
Method 'SystemBooleanSystemTypeget_IsValueType', ID = '3192'
Method 'SystemCollectionsGenericEqualityComparer1SystemStringSystemCollectionsGenericEqualityComparer1SystemStringget_Default', ID = '3194'
Method 'SystemVoidSystemThrowHelperThrowInvalidOperationException_ConcurrentOperationsNotSupported', ID = '3198'
Method 'SystemBooleanInternalRuntimeCompilerServicesUnsafeNullRefSystemBoolean', ID = '3199'
Method 'SystemObjectSystemCollectionsGenericDictionary2SystemStringSystemObjectFindValueSystemString', ID = '3202'
Method 'SystemBooleanInternalRuntimeCompilerServicesUnsafeIsNullRefSystemObjectSystemObject', ID = '3203'
Method 'SystemVoidSystemReadOnlySpan1SystemCharctorSystemCharSystemInt32', ID = '3205'
Method 'SystemBooleanSystemBooleanIsTrueStringIgnoreCaseSystemReadOnlySpan1SystemChar', ID = '3206'
Method 'SystemBooleanSystemBooleanIsFalseStringIgnoreCaseSystemReadOnlySpan1SystemChar', ID = '3207'
Method 'SystemReadOnlySpan1SystemCharSystemBooleanTrimWhiteSpaceAndNullSystemReadOnlySpan1SystemChar', ID = '3208'
Method 'SystemCollectionsGenericIEnumerator1CosmosSystemFileSystemManagedPartitionSystemSZArrayHelperGetEnumeratorCosmosSystemFileSystemManagedPartition', ID = '3209'
Method 'SystemVoidSystemSZArrayHelperCopyToCosmosSystemFileSystemManagedPartitionCosmosSystemFileSystemManagedPartitionarraySystemInt32', ID = '3210'
Method 'SystemInt32SystemSZArrayHelperget_CountCosmosSystemFileSystemManagedPartition', ID = '3211'
Method 'CosmosSystemFileSystemManagedPartitionSystemSZArrayHelperget_ItemCosmosSystemFileSystemManagedPartitionSystemInt32', ID = '3212'
Method 'SystemVoidSystemSZArrayHelperset_ItemCosmosSystemFileSystemManagedPartitionSystemInt32CosmosSystemFileSystemManagedPartition', ID = '3213'
Method 'SystemVoidSystemSZArrayHelperAddCosmosSystemFileSystemManagedPartitionCosmosSystemFileSystemManagedPartition', ID = '3214'
Method 'SystemBooleanSystemSZArrayHelperContainsCosmosSystemFileSystemManagedPartitionCosmosSystemFileSystemManagedPartition', ID = '3215'
Method 'SystemBooleanSystemSZArrayHelperget_IsReadOnlyCosmosSystemFileSystemManagedPartition', ID = '3216'
Method 'SystemVoidSystemSZArrayHelperClearCosmosSystemFileSystemManagedPartition', ID = '3217'
Method 'SystemInt32SystemSZArrayHelperIndexOfCosmosSystemFileSystemManagedPartitionCosmosSystemFileSystemManagedPartition', ID = '3218'
Method 'SystemVoidSystemSZArrayHelperInsertCosmosSystemFileSystemManagedPartitionSystemInt32CosmosSystemFileSystemManagedPartition', ID = '3219'
Method 'SystemBooleanSystemSZArrayHelperRemoveCosmosSystemFileSystemManagedPartitionCosmosSystemFileSystemManagedPartition', ID = '3220'
Method 'SystemVoidSystemSZArrayHelperRemoveAtCosmosSystemFileSystemManagedPartitionSystemInt32', ID = '3221'
Method 'CosmosSystemFileSystemFileSystemarrayInternalRuntimeCompilerServicesUnsafeAsCosmosSystemFileSystemFileSystemarraySystemObject', ID = '3224'
Method 'SystemVoidSystemSZGenericArrayEnumerator1CosmosSystemFileSystemFileSystemctorCosmosSystemFileSystemFileSystemarray', ID = '3225'
Method 'SystemInt32SystemArrayIndexOfCosmosSystemFileSystemFileSystemCosmosSystemFileSystemFileSystemarrayCosmosSystemFileSystemFileSystemSystemInt32SystemInt32', ID = '3228'
Method 'SystemCollectionsGenericIEnumerator1CosmosSystemFileSystemFileSystemCosmosIL2CPUSZArrayImpl1CosmosSystemFileSystemFileSystemGetEnumerator', ID = '3229'
Method 'SystemVoidCosmosIL2CPUSZArrayImpl1CosmosSystemFileSystemFileSystemCopyToCosmosSystemFileSystemFileSystemarraySystemInt32', ID = '3230'
Method 'SystemInt32CosmosIL2CPUSZArrayImpl1CosmosSystemFileSystemFileSystemget_Count', ID = '3231'
Method 'CosmosSystemFileSystemFileSystemCosmosIL2CPUSZArrayImpl1CosmosSystemFileSystemFileSystemget_ItemSystemInt32', ID = '3232'
Method 'SystemVoidCosmosIL2CPUSZArrayImpl1CosmosSystemFileSystemFileSystemset_ItemSystemInt32CosmosSystemFileSystemFileSystem', ID = '3233'
Method 'SystemVoidCosmosIL2CPUSZArrayImpl1CosmosSystemFileSystemFileSystemAddCosmosSystemFileSystemFileSystem', ID = '3234'
Method 'SystemBooleanCosmosIL2CPUSZArrayImpl1CosmosSystemFileSystemFileSystemContainsCosmosSystemFileSystemFileSystem', ID = '3235'
Method 'SystemBooleanCosmosIL2CPUSZArrayImpl1CosmosSystemFileSystemFileSystemget_IsReadOnly', ID = '3236'
Method 'SystemVoidCosmosIL2CPUSZArrayImpl1CosmosSystemFileSystemFileSystemClear', ID = '3237'
Method 'SystemInt32CosmosIL2CPUSZArrayImpl1CosmosSystemFileSystemFileSystemIndexOfCosmosSystemFileSystemFileSystem', ID = '3238'
Method 'SystemVoidCosmosIL2CPUSZArrayImpl1CosmosSystemFileSystemFileSystemInsertSystemInt32CosmosSystemFileSystemFileSystem', ID = '3239'
Method 'SystemVoidCosmosIL2CPUSZArrayImpl1CosmosSystemFileSystemFileSystemRemoveAtSystemInt32', ID = '3240'
Method 'SystemBooleanCosmosIL2CPUSZArrayImpl1CosmosSystemFileSystemFileSystemget_IsFixedSize', ID = '3241'
Method 'SystemVoidCosmosIL2CPUSZArrayImpl1CosmosSystemFileSystemFileSystemRemoveCosmosSystemFileSystemFileSystem', ID = '3242'
Method 'SystemObjectCosmosIL2CPUSZArrayImpl1CosmosSystemFileSystemFileSystemget_SyncRoot', ID = '3243'
Method 'SystemBooleanCosmosIL2CPUSZArrayImpl1CosmosSystemFileSystemFileSystemget_IsSynchronized', ID = '3244'
Method 'SystemVoidCosmosIL2CPUSZArrayImpl1GetEnumeratord__0CosmosSystemFileSystemDiskSystemIDisposableDispose', ID = '3249'
Method 'SystemVoidCosmosCoreIOPortReadctorSystemUInt16', ID = '3250'
Method 'SystemVoidCosmosCoreIOPortWritectorSystemUInt16', ID = '3251'
Method 'SystemVoidCosmosCoreMemoryBlockFillSystemUInt16', ID = '3252'
Method 'CosmosHALPCIDevicearrayInternalRuntimeCompilerServicesUnsafeAsCosmosHALPCIDevicearraySystemObject', ID = '3253'
Method 'SystemVoidSystemSZGenericArrayEnumerator1CosmosHALPCIDevicectorCosmosHALPCIDevicearray', ID = '3254'
Method 'SystemInt32SystemArrayIndexOfCosmosHALPCIDeviceCosmosHALPCIDevicearrayCosmosHALPCIDeviceSystemInt32SystemInt32', ID = '3257'
Method 'SystemCollectionsGenericIEnumerator1CosmosHALPCIDeviceCosmosIL2CPUSZArrayImpl1CosmosHALPCIDeviceGetEnumerator', ID = '3258'
Method 'SystemVoidCosmosIL2CPUSZArrayImpl1CosmosHALPCIDeviceCopyToCosmosHALPCIDevicearraySystemInt32', ID = '3259'
Method 'SystemInt32CosmosIL2CPUSZArrayImpl1CosmosHALPCIDeviceget_Count', ID = '3260'
Method 'CosmosHALPCIDeviceCosmosIL2CPUSZArrayImpl1CosmosHALPCIDeviceget_ItemSystemInt32', ID = '3261'
Method 'SystemVoidCosmosIL2CPUSZArrayImpl1CosmosHALPCIDeviceset_ItemSystemInt32CosmosHALPCIDevice', ID = '3262'
Method 'SystemVoidCosmosIL2CPUSZArrayImpl1CosmosHALPCIDeviceAddCosmosHALPCIDevice', ID = '3263'
Method 'SystemBooleanCosmosIL2CPUSZArrayImpl1CosmosHALPCIDeviceContainsCosmosHALPCIDevice', ID = '3264'
Method 'SystemBooleanCosmosIL2CPUSZArrayImpl1CosmosHALPCIDeviceget_IsReadOnly', ID = '3265'
Method 'SystemVoidCosmosIL2CPUSZArrayImpl1CosmosHALPCIDeviceClear', ID = '3266'
Method 'SystemInt32CosmosIL2CPUSZArrayImpl1CosmosHALPCIDeviceIndexOfCosmosHALPCIDevice', ID = '3267'
Method 'SystemVoidCosmosIL2CPUSZArrayImpl1CosmosHALPCIDeviceInsertSystemInt32CosmosHALPCIDevice', ID = '3268'
Method 'SystemVoidCosmosIL2CPUSZArrayImpl1CosmosHALPCIDeviceRemoveAtSystemInt32', ID = '3269'
Method 'SystemBooleanCosmosIL2CPUSZArrayImpl1CosmosHALPCIDeviceget_IsFixedSize', ID = '3270'
Method 'SystemVoidCosmosIL2CPUSZArrayImpl1CosmosHALPCIDeviceRemoveCosmosHALPCIDevice', ID = '3271'
Method 'SystemObjectCosmosIL2CPUSZArrayImpl1CosmosHALPCIDeviceget_SyncRoot', ID = '3272'
Method 'SystemBooleanCosmosIL2CPUSZArrayImpl1CosmosHALPCIDeviceget_IsSynchronized', ID = '3273'
Method 'SystemVoidSystemCollectionsGenericList1CosmosHALPCIDeviceGrowSystemInt32', ID = '3274'
Method 'SystemCharCosmosCommonExtensionsToHexStringDigitToHexCharSystemByte', ID = '3275'
Method 'SystemByteCosmosHALPS2Mouseget_PS2Port', ID = '3277'
Method 'SystemVoidCosmosHALPS2ControllerPrepareSecondPortWrite', ID = '3278'
Method 'SystemByteCosmosHALPS2ControllerReadByteAfterAck', ID = '3279'
Method 'SystemBooleanCosmosHALPS2Mouseget_HasScrollWheel', ID = '3281'
Method 'SystemVoidCosmosCore_AsmDelegateImplInvoke', ID = '1468'
Method 'SystemByteCosmosHALPS2Keyboardget_PS2Port', ID = '3284'
Method 'SystemVoidCosmosCore_AsmDelegateImplInvoke', ID = '1468'
Method 'SystemVoidCosmosHALPS2KeyboardUpdateLeds', ID = '3286'
Method 'SystemVoidCosmosHALBlockDeviceATA_PIOWait', ID = '3288'
Method 'SystemVoidCosmosHALBlockDeviceATA_PIODebugSystemString', ID = '3291'
Method 'SystemVoidCosmosHALBlockDeviceATA_PIODebugHexSystemStringSystemUInt32', ID = '3292'
Method 'SystemBytearraySystemBitConverterGetBytesSystemUInt16', ID = '3295'
Method 'SystemStringSystemTextEncodingGetStringSystemBytearray', ID = '3296'
Method 'SystemInt64SystemBitConverterToInt64SystemBytearraySystemInt32', ID = '3297'
Method 'SystemInt32SystemBitConverterToInt32SystemBytearraySystemInt32', ID = '3299'
Method 'SystemVoidSystemArrayCopySystemArraySystemInt64SystemArraySystemInt64SystemInt64', ID = '3300'
Method 'SystemVoidSystemGuidctorSystemBytearray', ID = '3301'
Method 'SystemBooleanSystemGuidop_InequalitySystemGuidSystemGuid', ID = '3302'
Method 'SystemVoidCosmosHALBlockDeviceGPTGPartInfoctorSystemGuidSystemGuidSystemUInt64SystemUInt64', ID = '3303'
Method 'SystemVoidSystemCollectionsGenericList1CosmosHALBlockDeviceGPTGPartInfoAddCosmosHALBlockDeviceGPTGPartInfo', ID = '3304'
Method 'SystemVoidSystemCollectionsGenericList1CosmosHALBlockDeviceGPTGPartInfocctor', ID = '3305'
Method 'SystemVoidCosmosHALBlockDeviceMBRPartInfoctorSystemByteSystemUInt32SystemUInt32', ID = '3313'
Method 'SystemVoidSystemCollectionsGenericList1CosmosHALBlockDeviceMBRPartInfoAddCosmosHALBlockDeviceMBRPartInfo', ID = '3314'
Method 'SystemVoidSystemCollectionsGenericList1CosmosHALBlockDeviceMBRPartInfocctor', ID = '3315'
Method 'SystemVoidCosmosHALBlockDeviceBlockDeviceCheckDataSizeSystemBytearraySystemUInt64', ID = '3322'
Method 'SystemVoidCosmosHALBlockDeviceBlockDeviceCheckBlockNoSystemUInt64SystemUInt64', ID = '3323'
Method 'SystemVoidCosmosHALBlockDeviceATA_PIOSelectSectorSystemUInt64SystemUInt64', ID = '3324'
Method 'SystemVoidCosmosCoreIOPortBaseRead8SystemBytearray', ID = '3325'
Method 'SystemVoidCosmosHALBlockDeviceATAPISendCmdSystemBytearraySystemInt32SystemUInt16array', ID = '3326'
Method 'SystemVoidCosmosHALBlockDeviceATAPICheckForErrors', ID = '3327'
Method 'SystemVoidCosmosHALBlockDeviceATAPIPollSystemBoolean', ID = '3328'
Method 'SystemVoidCosmosHALBlockDeviceEBRPartInfoctorSystemByteSystemUInt32SystemUInt32', ID = '3330'
Method 'SystemVoidSystemCollectionsGenericList1CosmosHALBlockDeviceEBRPartInfoAddCosmosHALBlockDeviceEBRPartInfo', ID = '3331'
Method 'SystemVoidSystemCollectionsGenericList1CosmosHALBlockDeviceEBRPartInfocctor', ID = '3332'
Method 'CosmosHALBlockDeviceBlockDevicearrayInternalRuntimeCompilerServicesUnsafeAsCosmosHALBlockDeviceBlockDevicearraySystemObject', ID = '3339'
Method 'SystemVoidSystemSZGenericArrayEnumerator1CosmosHALBlockDeviceBlockDevicectorCosmosHALBlockDeviceBlockDevicearray', ID = '3340'
Method 'SystemInt32SystemArrayIndexOfCosmosHALBlockDeviceBlockDeviceCosmosHALBlockDeviceBlockDevicearrayCosmosHALBlockDeviceBlockDeviceSystemInt32SystemInt32', ID = '3343'
Method 'SystemCollectionsGenericIEnumerator1CosmosHALBlockDeviceBlockDeviceCosmosIL2CPUSZArrayImpl1CosmosHALBlockDeviceBlockDeviceGetEnumerator', ID = '3344'
Method 'SystemVoidCosmosIL2CPUSZArrayImpl1CosmosHALBlockDeviceBlockDeviceCopyToCosmosHALBlockDeviceBlockDevicearraySystemInt32', ID = '3345'
Method 'SystemInt32CosmosIL2CPUSZArrayImpl1CosmosHALBlockDeviceBlockDeviceget_Count', ID = '3346'
Method 'CosmosHALBlockDeviceBlockDeviceCosmosIL2CPUSZArrayImpl1CosmosHALBlockDeviceBlockDeviceget_ItemSystemInt32', ID = '3347'
Method 'SystemVoidCosmosIL2CPUSZArrayImpl1CosmosHALBlockDeviceBlockDeviceset_ItemSystemInt32CosmosHALBlockDeviceBlockDevice', ID = '3348'
Method 'SystemVoidCosmosIL2CPUSZArrayImpl1CosmosHALBlockDeviceBlockDeviceAddCosmosHALBlockDeviceBlockDevice', ID = '3349'
Method 'SystemBooleanCosmosIL2CPUSZArrayImpl1CosmosHALBlockDeviceBlockDeviceContainsCosmosHALBlockDeviceBlockDevice', ID = '3350'
Method 'SystemBooleanCosmosIL2CPUSZArrayImpl1CosmosHALBlockDeviceBlockDeviceget_IsReadOnly', ID = '3351'
Method 'SystemVoidCosmosIL2CPUSZArrayImpl1CosmosHALBlockDeviceBlockDeviceClear', ID = '3352'
Method 'SystemInt32CosmosIL2CPUSZArrayImpl1CosmosHALBlockDeviceBlockDeviceIndexOfCosmosHALBlockDeviceBlockDevice', ID = '3353'
Method 'SystemVoidCosmosIL2CPUSZArrayImpl1CosmosHALBlockDeviceBlockDeviceInsertSystemInt32CosmosHALBlockDeviceBlockDevice', ID = '3354'
Method 'SystemVoidCosmosIL2CPUSZArrayImpl1CosmosHALBlockDeviceBlockDeviceRemoveAtSystemInt32', ID = '3355'
Method 'SystemBooleanCosmosIL2CPUSZArrayImpl1CosmosHALBlockDeviceBlockDeviceget_IsFixedSize', ID = '3356'
Method 'SystemVoidCosmosIL2CPUSZArrayImpl1CosmosHALBlockDeviceBlockDeviceRemoveCosmosHALBlockDeviceBlockDevice', ID = '3357'
Method 'SystemObjectCosmosIL2CPUSZArrayImpl1CosmosHALBlockDeviceBlockDeviceget_SyncRoot', ID = '3358'
Method 'SystemBooleanCosmosIL2CPUSZArrayImpl1CosmosHALBlockDeviceBlockDeviceget_IsSynchronized', ID = '3359'
Method 'CosmosHALBlockDevicePartitionarrayInternalRuntimeCompilerServicesUnsafeAsCosmosHALBlockDevicePartitionarraySystemObject', ID = '3360'
Method 'SystemVoidSystemSZGenericArrayEnumerator1CosmosHALBlockDevicePartitionctorCosmosHALBlockDevicePartitionarray', ID = '3361'
Method 'SystemInt32SystemArrayIndexOfCosmosHALBlockDevicePartitionCosmosHALBlockDevicePartitionarrayCosmosHALBlockDevicePartitionSystemInt32SystemInt32', ID = '3364'
Method 'SystemCollectionsGenericIEnumerator1CosmosHALBlockDevicePartitionCosmosIL2CPUSZArrayImpl1CosmosHALBlockDevicePartitionGetEnumerator', ID = '3365'
Method 'SystemVoidCosmosIL2CPUSZArrayImpl1CosmosHALBlockDevicePartitionCopyToCosmosHALBlockDevicePartitionarraySystemInt32', ID = '3366'
Method 'SystemInt32CosmosIL2CPUSZArrayImpl1CosmosHALBlockDevicePartitionget_Count', ID = '3367'
Method 'CosmosHALBlockDevicePartitionCosmosIL2CPUSZArrayImpl1CosmosHALBlockDevicePartitionget_ItemSystemInt32', ID = '3368'
Method 'SystemVoidCosmosIL2CPUSZArrayImpl1CosmosHALBlockDevicePartitionset_ItemSystemInt32CosmosHALBlockDevicePartition', ID = '3369'
Method 'SystemVoidCosmosIL2CPUSZArrayImpl1CosmosHALBlockDevicePartitionAddCosmosHALBlockDevicePartition', ID = '3370'
Method 'SystemBooleanCosmosIL2CPUSZArrayImpl1CosmosHALBlockDevicePartitionContainsCosmosHALBlockDevicePartition', ID = '3371'
Method 'SystemBooleanCosmosIL2CPUSZArrayImpl1CosmosHALBlockDevicePartitionget_IsReadOnly', ID = '3372'
Method 'SystemVoidCosmosIL2CPUSZArrayImpl1CosmosHALBlockDevicePartitionClear', ID = '3373'
Method 'SystemInt32CosmosIL2CPUSZArrayImpl1CosmosHALBlockDevicePartitionIndexOfCosmosHALBlockDevicePartition', ID = '3374'
Method 'SystemVoidCosmosIL2CPUSZArrayImpl1CosmosHALBlockDevicePartitionInsertSystemInt32CosmosHALBlockDevicePartition', ID = '3375'
Method 'SystemVoidCosmosIL2CPUSZArrayImpl1CosmosHALBlockDevicePartitionRemoveAtSystemInt32', ID = '3376'
Method 'SystemBooleanCosmosIL2CPUSZArrayImpl1CosmosHALBlockDevicePartitionget_IsFixedSize', ID = '3377'
Method 'SystemVoidCosmosIL2CPUSZArrayImpl1CosmosHALBlockDevicePartitionRemoveCosmosHALBlockDevicePartition', ID = '3378'
Method 'SystemObjectCosmosIL2CPUSZArrayImpl1CosmosHALBlockDevicePartitionget_SyncRoot', ID = '3379'
Method 'SystemBooleanCosmosIL2CPUSZArrayImpl1CosmosHALBlockDevicePartitionget_IsSynchronized', ID = '3380'
Method 'SystemCollectionsGenericIEnumerator1CosmosHALBlockDevicePortsStoragePortSystemSZArrayHelperGetEnumeratorCosmosHALBlockDevicePortsStoragePort', ID = '3381'
Method 'SystemVoidSystemSZArrayHelperCopyToCosmosHALBlockDevicePortsStoragePortCosmosHALBlockDevicePortsStoragePortarraySystemInt32', ID = '3382'
Method 'SystemInt32SystemSZArrayHelperget_CountCosmosHALBlockDevicePortsStoragePort', ID = '3383'
Method 'CosmosHALBlockDevicePortsStoragePortSystemSZArrayHelperget_ItemCosmosHALBlockDevicePortsStoragePortSystemInt32', ID = '3384'
Method 'SystemVoidSystemSZArrayHelperset_ItemCosmosHALBlockDevicePortsStoragePortSystemInt32CosmosHALBlockDevicePortsStoragePort', ID = '3385'
Method 'SystemVoidSystemSZArrayHelperAddCosmosHALBlockDevicePortsStoragePortCosmosHALBlockDevicePortsStoragePort', ID = '3386'
Method 'SystemBooleanSystemSZArrayHelperContainsCosmosHALBlockDevicePortsStoragePortCosmosHALBlockDevicePortsStoragePort', ID = '3387'
Method 'SystemBooleanSystemSZArrayHelperget_IsReadOnlyCosmosHALBlockDevicePortsStoragePort', ID = '3388'
Method 'SystemVoidSystemSZArrayHelperClearCosmosHALBlockDevicePortsStoragePort', ID = '3389'
Method 'SystemInt32SystemSZArrayHelperIndexOfCosmosHALBlockDevicePortsStoragePortCosmosHALBlockDevicePortsStoragePort', ID = '3390'
Method 'SystemVoidSystemSZArrayHelperInsertCosmosHALBlockDevicePortsStoragePortSystemInt32CosmosHALBlockDevicePortsStoragePort', ID = '3391'
Method 'SystemBooleanSystemSZArrayHelperRemoveCosmosHALBlockDevicePortsStoragePortCosmosHALBlockDevicePortsStoragePort', ID = '3392'
Method 'SystemVoidSystemSZArrayHelperRemoveAtCosmosHALBlockDevicePortsStoragePortSystemInt32', ID = '3393'
Method 'SystemVoidSystemByReference1SystemCharctorSystemChar', ID = '3395'
Method 'SystemVoidInternalRuntimeCompilerServicesUnsafeInitBlockUnalignedSystemByteSystemByteSystemUInt32', ID = '3396'
Method 'SystemVoidSystemSpanHelpersFillSystemCharSystemCharSystemUIntPtrSystemChar', ID = '3397'
Method 'SystemVoidCosmosHALBlockDeviceRegistersPortRegistersset_CMDSystemUInt32', ID = '3398'
Method 'SystemVoidCosmosHALBlockDeviceAHCIWaitSystemInt32', ID = '3399'
Method 'SystemUInt32CosmosHALBlockDeviceRegistersPortRegistersget_CI', ID = '3400'
Method 'SystemUInt32CosmosHALBlockDeviceRegistersPortRegistersget_TFD', ID = '3401'
Method 'SystemVoidCosmosHALBlockDeviceAHCIHBAReset', ID = '3402'
Method 'SystemVoidCosmosHALBlockDeviceRegistersPortRegistersset_SCTLSystemUInt32', ID = '3403'
Method 'SystemUInt32CosmosHALBlockDeviceRegistersPortRegistersget_SCTL', ID = '3404'
Method 'SystemVoidCosmosCoreMemoryBlockFillSystemUInt32SystemUInt32SystemByte', ID = '3405'
Method 'SystemVoidCosmosHALBlockDeviceRegistersHBACommandHeaderctorSystemUInt32SystemUInt32', ID = '3408'
Method 'SystemVoidCosmosHALBlockDeviceRegistersHBACommandHeaderset_PRDTLSystemUInt16', ID = '3409'
Method 'SystemVoidCosmosHALBlockDeviceRegistersHBACommandHeaderset_CTBASystemUInt32', ID = '3410'
Method 'SystemVoidCosmosHALBlockDeviceRegistersHBACommandHeaderset_CTBAUSystemUInt32', ID = '3411'
Method 'SystemUInt32CosmosHALBlockDeviceRegistersHBACommandHeaderget_CTBA', ID = '3412'
Method 'SystemVoidCosmosHALBlockDevicePortsSATAcctor', ID = '3413'
Method 'CosmosHALBlockDeviceRegistersPortTypeCosmosHALBlockDevicePortsSATAget_mPortType', ID = '3414'
Method 'SystemStringCosmosHALBlockDevicePortsSATAget_mPortName', ID = '3415'
Method 'SystemUInt32CosmosHALBlockDevicePortsSATAget_mPortNumber', ID = '3416'
Method 'SystemVoidCosmosHALBlockDevicePortsSATAReadBlockSystemUInt64SystemUInt64SystemBytearray', ID = '3417'
Method 'SystemInt32CosmosHALBlockDevicePortsSATAFindCMDSlot', ID = '3419'
Method 'SystemVoidCosmosHALBlockDeviceRegistersHBACommandHeaderset_CFLSystemByte', ID = '3420'
Method 'SystemVoidCosmosHALBlockDeviceRegistersHBACommandHeaderset_WriteSystemByte', ID = '3421'
Method 'SystemUInt16CosmosHALBlockDeviceRegistersHBACommandHeaderget_PRDTL', ID = '3422'
Method 'SystemVoidCosmosHALBlockDeviceRegistersHBACommandTablectorSystemUInt32SystemUInt32', ID = '3423'
Method 'SystemVoidCosmosHALBlockDeviceRegistersHBAPRDTEntryset_DBASystemUInt32', ID = '3425'
Method 'SystemVoidCosmosHALBlockDeviceRegistersHBAPRDTEntryset_DBCSystemUInt32', ID = '3426'
Method 'SystemVoidCosmosHALBlockDeviceRegistersHBAPRDTEntryset_InterruptOnCompletionSystemByte', ID = '3427'
Method 'SystemUInt32CosmosHALBlockDeviceRegistersHBACommandTableget_CFIS', ID = '3428'
Method 'SystemVoidCosmosHALBlockDeviceRegistersFISRegisterH2DctorSystemUInt32', ID = '3429'
Method 'SystemVoidCosmosHALBlockDeviceRegistersFISRegisterH2Dset_FISTypeSystemByte', ID = '3430'
Method 'SystemVoidCosmosHALBlockDeviceRegistersFISRegisterH2Dset_IsCommandSystemByte', ID = '3431'
Method 'SystemVoidCosmosHALBlockDeviceRegistersFISRegisterH2Dset_CommandSystemByte', ID = '3432'
Method 'SystemVoidCosmosHALBlockDeviceRegistersFISRegisterH2Dset_DeviceSystemByte', ID = '3433'
Method 'SystemVoidCosmosHALBlockDeviceRegistersFISRegisterH2Dset_LBA0SystemByte', ID = '3434'
Method 'SystemVoidCosmosHALBlockDeviceRegistersFISRegisterH2Dset_LBA1SystemByte', ID = '3435'
Method 'SystemVoidCosmosHALBlockDeviceRegistersFISRegisterH2Dset_LBA2SystemByte', ID = '3436'
Method 'SystemVoidCosmosHALBlockDeviceRegistersFISRegisterH2Dset_CountLSystemByte', ID = '3437'
Method 'SystemVoidCosmosHALBlockDeviceRegistersPortRegistersset_CISystemUInt32', ID = '3439'
Method 'SystemUInt32CosmosHALBlockDeviceRegistersPortRegistersget_IS', ID = '3440'
Method 'SystemVoidSystemCollectionsGenericList1CosmosHALBlockDevicePortsStoragePortGrowSystemInt32', ID = '3441'
Method 'SystemStringSystemSpan1SystemCharToString', ID = '3442'
Method 'SystemBooleanSystemSpan1SystemCharEqualsSystemObject', ID = '3443'
Method 'SystemInt32SystemSpan1SystemCharGetHashCode', ID = '3444'
Method 'SystemVoidSystemBuffersArrayPool1SystemCharcctor', ID = '3445'
Method 'SystemVoidSystemThrowHelperThrowArrayTypeMismatchException', ID = '3449'
Method 'SystemVoidSystemArgumentOutOfRangeExceptionctor', ID = '3450'
Method 'SystemVoidSystemThrowHelperThrowArgumentException_DestinationTooShort', ID = '3451'
Method 'SystemUInt32SystemMathMinSystemUInt32SystemUInt32', ID = '3452'
Method 'SystemUInt32SystemMathMaxSystemUInt32SystemUInt32', ID = '3453'
Method 'SystemUInt32SystemMathClampSystemUInt32SystemUInt32SystemUInt32', ID = '3454'
Method 'SystemVoidSystemSpan1SystemCharCopyToSystemSpan1SystemChar', ID = '3455'
Method 'SystemVoidSystemRuntimeCompilerServicesDefaultInterpolatedStringHandlerAppendFormattedSystemInt32SystemInt32', ID = '3456'
Method 'SystemStringSystemPrivateCoreLibSystemSRget_NotSupported_CannotCallEqualsOnSpan', ID = '3457'
Method 'SystemStringSystemPrivateCoreLibSystemSRget_NotSupported_CannotCallGetHashCodeOnSpan', ID = '3458'
Method 'SystemBooleanSystemNumberTryFormatInt32SystemInt32SystemInt32SystemReadOnlySpan1SystemCharSystemIFormatProviderSystemSpan1SystemCharSystemInt32', ID = '3459'
Method 'SystemBooleanSystemNumberTryFormatUInt32SystemUInt32SystemReadOnlySpan1SystemCharSystemIFormatProviderSystemSpan1SystemCharSystemInt32', ID = '3460'
Method 'SystemGlobalizationNumberFormatInfoSystemGlobalizationNumberFormatInfoGetInstanceSystemIFormatProvider', ID = '3461'
Method 'SystemBooleanSystemNumberTryFormatDoubleSystemDoubleSystemReadOnlySpan1SystemCharSystemGlobalizationNumberFormatInfoSystemSpan1SystemCharSystemInt32', ID = '3462'
Method 'SystemBooleanSystemSpan1SystemCharget_IsEmpty', ID = '3463'
Method 'SystemBooleanSystemNumberTryFormatUInt64SystemUInt64SystemReadOnlySpan1SystemCharSystemIFormatProviderSystemSpan1SystemCharSystemInt32', ID = '3464'
Method 'SystemBooleanSystemNumberTryFormatInt64SystemInt64SystemReadOnlySpan1SystemCharSystemIFormatProviderSystemSpan1SystemCharSystemInt32', ID = '3465'
Method 'SystemBooleanSystemGuidTryFormatSystemSpan1SystemCharSystemInt32SystemReadOnlySpan1SystemChar', ID = '3466'
Method 'SystemBooleanSystemNumberTryFormatSingleSystemSingleSystemReadOnlySpan1SystemCharSystemGlobalizationNumberFormatInfoSystemSpan1SystemCharSystemInt32', ID = '3467'
Method 'SystemStringCosmosSystem_PlugsSystemInt32ImplToStringSystemStringSystemIFormatProvider', ID = '3468'
Method 'SystemStringCosmosSystem_PlugsSystemUInt32ImplToStringSystemStringSystemIFormatProvider', ID = '3469'
Method 'SystemStringCosmosSystem_PlugsSystemDoubleImplToStringSystemStringSystemIFormatProvider', ID = '3470'
Method 'SystemStringSystemNumberFormatUInt64SystemUInt64SystemStringSystemIFormatProvider', ID = '3471'
Method 'SystemStringCosmosSystem_PlugsSystemUInt16ImplToStringSystemStringSystemIFormatProvider', ID = '3473'
Method 'SystemStringCosmosSystem_PlugsSystemByteImplToStringSystemStringSystemIFormatProvider', ID = '3474'
Method 'SystemStringCosmosSystem_PlugsSystemInt64ImplToStringSystemStringSystemIFormatProvider', ID = '3475'
Method 'SystemVoidSystemTextStringBuilderctor', ID = '3476'
Method 'SystemStringSystemGlobalizationNumberFormatInfoget_NumberGroupSeparator', ID = '3477'
Method 'SystemTextStringBuilderSystemTextStringBuilderAppendSystemChar', ID = '3478'
Method 'SystemTextStringBuilderSystemTextStringBuilderAppendSystemString', ID = '3479'
Method 'SystemStringSystemPrivateCoreLibSystemSRget_Format_InvalidGuidFormatSpecification', ID = '3480'
Method 'SystemVoidSystemFormatExceptionctorSystemString', ID = '3481'
Method 'SystemReadOnlySpan1SystemCharSystemStringop_ImplicitSystemString', ID = '3482'
Method 'SystemStringCosmosSystem_PlugsSystemSByteImplToStringSystemStringSystemIFormatProvider', ID = '3483'
Method 'SystemStringCosmosSystem_PlugsSystemInt16ImplToStringSystemStringSystemIFormatProvider', ID = '3484'
Method 'SystemStringCosmosSystem_PlugsSystemSingleImplToStringSystemStringSystemIFormatProvider', ID = '3485'
Method 'SystemInt32SystemReadOnlySpan1SystemCharget_Length', ID = '3486'
Method 'SystemCharSystemReadOnlySpan1SystemCharget_ItemSystemInt32', ID = '3487'
Method 'SystemVoidSystemSZGenericArrayEnumerator1CosmosHALPCIBaseAddressBarcctor', ID = '3488'
Method 'SystemVoidSystemSZGenericArrayEnumerator1CosmosHALPCIBaseAddressBarDispose', ID = '3489'
Method 'SystemBooleanSystemRuntimeCompilerServicesRuntimeHelpersIsBitwiseEquatableCosmosHALPCIBaseAddressBar', ID = '3490'
Method 'SystemInt32InternalRuntimeCompilerServicesUnsafeSizeOfCosmosHALPCIBaseAddressBar', ID = '3491'
Method 'SystemByteInternalRuntimeCompilerServicesUnsafeAsCosmosHALPCIBaseAddressBarSystemByteCosmosHALPCIBaseAddressBar', ID = '3492'
Method 'SystemCharInternalRuntimeCompilerServicesUnsafeAsCosmosHALPCIBaseAddressBarSystemCharCosmosHALPCIBaseAddressBar', ID = '3493'
Method 'SystemInt32InternalRuntimeCompilerServicesUnsafeAsCosmosHALPCIBaseAddressBarSystemInt32CosmosHALPCIBaseAddressBar', ID = '3494'
Method 'SystemInt64InternalRuntimeCompilerServicesUnsafeAsCosmosHALPCIBaseAddressBarSystemInt64CosmosHALPCIBaseAddressBar', ID = '3495'
Method 'SystemCollectionsGenericEqualityComparer1CosmosHALPCIBaseAddressBarSystemCollectionsGenericEqualityComparer1CosmosHALPCIBaseAddressBarget_Default', ID = '3496'
Method 'SystemInt32SystemCollectionsGenericEqualityComparer1CosmosHALPCIBaseAddressBarIndexOfCosmosHALPCIBaseAddressBararrayCosmosHALPCIBaseAddressBarSystemInt32SystemInt32', ID = '3497'
Method 'SystemVoidCosmosIL2CPUSZArrayImpl1GetEnumeratord__0CosmosHALPCIBaseAddressBarctorSystemInt32', ID = '3498'
Method 'SystemVoidSystemSZGenericArrayEnumerator1SystemStringcctor', ID = '3500'
Method 'SystemVoidSystemSZGenericArrayEnumerator1SystemStringDispose', ID = '3501'
Method 'SystemBooleanSystemRuntimeCompilerServicesRuntimeHelpersIsBitwiseEquatableSystemString', ID = '3502'
Method 'SystemInt32InternalRuntimeCompilerServicesUnsafeSizeOfSystemString', ID = '3503'
Method 'SystemByteInternalRuntimeCompilerServicesUnsafeAsSystemStringSystemByteSystemString', ID = '3504'
Method 'SystemCharInternalRuntimeCompilerServicesUnsafeAsSystemStringSystemCharSystemString', ID = '3505'
Method 'SystemInt32InternalRuntimeCompilerServicesUnsafeAsSystemStringSystemInt32SystemString', ID = '3506'
Method 'SystemInt64InternalRuntimeCompilerServicesUnsafeAsSystemStringSystemInt64SystemString', ID = '3507'
Method 'SystemInt32SystemCollectionsGenericEqualityComparer1SystemStringIndexOfSystemStringarraySystemStringSystemInt32SystemInt32', ID = '3508'
Method 'SystemVoidCosmosIL2CPUSZArrayImpl1GetEnumeratord__0SystemStringctorSystemInt32', ID = '3509'
Method 'SystemCollectionsGenericIEnumerator1CosmosCoreManagedMemoryBlockSystemSZArrayHelperGetEnumeratorCosmosCoreManagedMemoryBlock', ID = '3511'
Method 'SystemVoidSystemSZArrayHelperCopyToCosmosCoreManagedMemoryBlockCosmosCoreManagedMemoryBlockarraySystemInt32', ID = '3512'
Method 'SystemInt32SystemSZArrayHelperget_CountCosmosCoreManagedMemoryBlock', ID = '3513'
Method 'CosmosCoreManagedMemoryBlockSystemSZArrayHelperget_ItemCosmosCoreManagedMemoryBlockSystemInt32', ID = '3514'
Method 'SystemVoidSystemSZArrayHelperset_ItemCosmosCoreManagedMemoryBlockSystemInt32CosmosCoreManagedMemoryBlock', ID = '3515'
Method 'SystemVoidSystemSZArrayHelperAddCosmosCoreManagedMemoryBlockCosmosCoreManagedMemoryBlock', ID = '3516'
Method 'SystemBooleanSystemSZArrayHelperContainsCosmosCoreManagedMemoryBlockCosmosCoreManagedMemoryBlock', ID = '3517'
Method 'SystemBooleanSystemSZArrayHelperget_IsReadOnlyCosmosCoreManagedMemoryBlock', ID = '3518'
Method 'SystemVoidSystemSZArrayHelperClearCosmosCoreManagedMemoryBlock', ID = '3519'
Method 'SystemInt32SystemSZArrayHelperIndexOfCosmosCoreManagedMemoryBlockCosmosCoreManagedMemoryBlock', ID = '3520'
Method 'SystemVoidSystemSZArrayHelperInsertCosmosCoreManagedMemoryBlockSystemInt32CosmosCoreManagedMemoryBlock', ID = '3521'
Method 'SystemBooleanSystemSZArrayHelperRemoveCosmosCoreManagedMemoryBlockCosmosCoreManagedMemoryBlock', ID = '3522'
Method 'SystemVoidSystemSZArrayHelperRemoveAtCosmosCoreManagedMemoryBlockSystemInt32', ID = '3523'
Method 'SystemCollectionsGenericIEnumerator1SystemBytearraySystemSZArrayHelperGetEnumeratorSystemBytearray', ID = '3525'
Method 'SystemVoidSystemSZArrayHelperCopyToSystemBytearraySystemBytearrayarraySystemInt32', ID = '3526'
Method 'SystemInt32SystemSZArrayHelperget_CountSystemBytearray', ID = '3527'
Method 'SystemBytearraySystemSZArrayHelperget_ItemSystemBytearraySystemInt32', ID = '3528'
Method 'SystemVoidSystemSZArrayHelperset_ItemSystemBytearraySystemInt32SystemBytearray', ID = '3529'
Method 'SystemVoidSystemSZArrayHelperAddSystemBytearraySystemBytearray', ID = '3530'
Method 'SystemBooleanSystemSZArrayHelperContainsSystemBytearraySystemBytearray', ID = '3531'
Method 'SystemBooleanSystemSZArrayHelperget_IsReadOnlySystemBytearray', ID = '3532'
Method 'SystemVoidSystemSZArrayHelperClearSystemBytearray', ID = '3533'
Method 'SystemInt32SystemSZArrayHelperIndexOfSystemBytearraySystemBytearray', ID = '3534'
Method 'SystemVoidSystemSZArrayHelperInsertSystemBytearraySystemInt32SystemBytearray', ID = '3535'
Method 'SystemBooleanSystemSZArrayHelperRemoveSystemBytearraySystemBytearray', ID = '3536'
Method 'SystemVoidSystemSZArrayHelperRemoveAtSystemBytearraySystemInt32', ID = '3537'
Method 'SystemVoidSystemCollectionsGenericList1CosmosHALNetworkDeviceGrowSystemInt32', ID = '3542'
Method 'SystemVoidSystemCollectionsGenericList1CosmosCoreManagedMemoryBlockset_CapacitySystemInt32', ID = '3543'
Method 'SystemVoidSystemArrayEmptyArray1SystemBytearraycctor', ID = '3544'
Method 'SystemBooleanCosmosCore_PlugsSystemRuntimeCompilerServicesRuntimeHelpersImplIsReferenceOrContainsReferencesSystemBytearray', ID = '3545'
Method 'SystemVoidSystemCollectionsGenericQueue1SystemBytearrayGrowSystemInt32', ID = '3546'
Method 'SystemStringCosmosCoreCosmosRuntimeTypeget_AssemblyQualifiedName', ID = '3547'
Method 'SystemStringSystemRuntimeTypeget_AssemblyQualifiedName', ID = '3548'
Method 'SystemBooleanCosmosHALDriversPCINetworkAMDPCNetIIget_Ready', ID = '3549'
Method 'SystemBooleanCosmosHALDriversPCINetworkRTL8139get_Ready', ID = '3550'
Method 'SystemUInt16CosmosCoreIOPortget_Word', ID = '3551'
Method 'CosmosHALNetworkDevicearrayInternalRuntimeCompilerServicesUnsafeAsCosmosHALNetworkDevicearraySystemObject', ID = '3553'
Method 'SystemVoidSystemSZGenericArrayEnumerator1CosmosHALNetworkDevicectorCosmosHALNetworkDevicearray', ID = '3554'
Method 'SystemInt32SystemArrayIndexOfCosmosHALNetworkDeviceCosmosHALNetworkDevicearrayCosmosHALNetworkDeviceSystemInt32SystemInt32', ID = '3557'
Method 'SystemCollectionsGenericIEnumerator1CosmosHALNetworkDeviceCosmosIL2CPUSZArrayImpl1CosmosHALNetworkDeviceGetEnumerator', ID = '3558'
Method 'SystemVoidCosmosIL2CPUSZArrayImpl1CosmosHALNetworkDeviceCopyToCosmosHALNetworkDevicearraySystemInt32', ID = '3559'
Method 'SystemInt32CosmosIL2CPUSZArrayImpl1CosmosHALNetworkDeviceget_Count', ID = '3560'
Method 'CosmosHALNetworkDeviceCosmosIL2CPUSZArrayImpl1CosmosHALNetworkDeviceget_ItemSystemInt32', ID = '3561'
Method 'SystemVoidCosmosIL2CPUSZArrayImpl1CosmosHALNetworkDeviceset_ItemSystemInt32CosmosHALNetworkDevice', ID = '3562'
Method 'SystemVoidCosmosIL2CPUSZArrayImpl1CosmosHALNetworkDeviceAddCosmosHALNetworkDevice', ID = '3563'
Method 'SystemBooleanCosmosIL2CPUSZArrayImpl1CosmosHALNetworkDeviceContainsCosmosHALNetworkDevice', ID = '3564'
Method 'SystemBooleanCosmosIL2CPUSZArrayImpl1CosmosHALNetworkDeviceget_IsReadOnly', ID = '3565'
Method 'SystemVoidCosmosIL2CPUSZArrayImpl1CosmosHALNetworkDeviceClear', ID = '3566'
Method 'SystemInt32CosmosIL2CPUSZArrayImpl1CosmosHALNetworkDeviceIndexOfCosmosHALNetworkDevice', ID = '3567'
Method 'SystemVoidCosmosIL2CPUSZArrayImpl1CosmosHALNetworkDeviceInsertSystemInt32CosmosHALNetworkDevice', ID = '3568'
Method 'SystemVoidCosmosIL2CPUSZArrayImpl1CosmosHALNetworkDeviceRemoveAtSystemInt32', ID = '3569'
Method 'SystemBooleanCosmosIL2CPUSZArrayImpl1CosmosHALNetworkDeviceget_IsFixedSize', ID = '3570'
Method 'SystemVoidCosmosIL2CPUSZArrayImpl1CosmosHALNetworkDeviceRemoveCosmosHALNetworkDevice', ID = '3571'
Method 'SystemObjectCosmosIL2CPUSZArrayImpl1CosmosHALNetworkDeviceget_SyncRoot', ID = '3572'
Method 'SystemBooleanCosmosIL2CPUSZArrayImpl1CosmosHALNetworkDeviceget_IsSynchronized', ID = '3573'
Method 'SystemVoidSystemSZGenericArrayEnumerator1SystemCollectionsGenericDictionary2EntrySystemUInt32CosmosHALNetworkDevicecctor', ID = '3574'
Method 'SystemVoidSystemSZGenericArrayEnumerator1SystemCollectionsGenericDictionary2EntrySystemUInt32CosmosHALNetworkDeviceDispose', ID = '3575'
Method 'SystemBooleanSystemRuntimeCompilerServicesRuntimeHelpersIsBitwiseEquatableSystemCollectionsGenericDictionary2EntrySystemUInt32CosmosHALNetworkDevice', ID = '3576'
Method 'SystemInt32InternalRuntimeCompilerServicesUnsafeSizeOfSystemCollectionsGenericDictionary2EntrySystemUInt32CosmosHALNetworkDevice', ID = '3577'
Method 'SystemByteInternalRuntimeCompilerServicesUnsafeAsSystemCollectionsGenericDictionary2EntrySystemUInt32CosmosHALNetworkDeviceSystemByteSystemCollectionsGenericDictionary205D898D486A40F9F7206E6448915C578', ID = '3578'
Method 'SystemCharInternalRuntimeCompilerServicesUnsafeAsSystemCollectionsGenericDictionary2EntrySystemUInt32CosmosHALNetworkDeviceSystemCharSystemCollectionsGenericDictionary2F71639AA7965C48F6EB6DC59FA47A531', ID = '3579'
Method 'SystemInt32InternalRuntimeCompilerServicesUnsafeAsSystemCollectionsGenericDictionary2EntrySystemUInt32CosmosHALNetworkDeviceSystemInt32SystemCollectionsGenericDictionar5A06013F0153FE686111D03482ECC1BB', ID = '3580'
Method 'SystemInt64InternalRuntimeCompilerServicesUnsafeAsSystemCollectionsGenericDictionary2EntrySystemUInt32CosmosHALNetworkDeviceSystemInt64SystemCollectionsGenericDictionarE584854DC17C57A854232AD9F3EB055E', ID = '3581'
Method 'SystemCollectionsGenericEqualityComparer1SystemCollectionsGenericDictionary2EntrySystemUInt32CosmosHALNetworkDeviceSystemCollectionsGenericEqualityComparer1SystemCollec593DA5C50FEF0A86BDC0A232CF1D2816', ID = '3582'
Method 'SystemInt32SystemCollectionsGenericEqualityComparer1SystemCollectionsGenericDictionary2EntrySystemUInt32CosmosHALNetworkDeviceIndexOfSystemCollectionsGenericDictionary2787F427FE64A9BCDDBA8B9E8379B7E98', ID = '3583'
Method 'SystemVoidCosmosIL2CPUSZArrayImpl1GetEnumeratord__0SystemCollectionsGenericDictionary2EntrySystemUInt32CosmosHALNetworkDevicectorSystemInt32', ID = '3584'
Method 'SystemCollectionsGenericKeyValuePair2SystemUInt32CosmosHALNetworkDevicearrayInternalRuntimeCompilerServicesUnsafeAsSystemCollectionsGenericKeyValuePair2SystemUInt32Cosm8EBFC16075198EF5B96A922017242DB2', ID = '3587'
Method 'SystemVoidSystemSZGenericArrayEnumerator1SystemCollectionsGenericKeyValuePair2SystemUInt32CosmosHALNetworkDevicectorSystemCollectionsGenericKeyValuePair2SystemUInt32CosmosHALNetworkDevicearray', ID = '3588'
Method 'SystemInt32SystemArrayIndexOfSystemCollectionsGenericKeyValuePair2SystemUInt32CosmosHALNetworkDeviceSystemCollectionsGenericKeyValuePair2SystemUInt32CosmosHALNetworkDev452B839084E6A75FF96E7264184D2A58', ID = '3592'
Method 'SystemCollectionsGenericIEnumerator1SystemCollectionsGenericKeyValuePair2SystemUInt32CosmosHALNetworkDeviceCosmosIL2CPUSZArrayImpl1SystemCollectionsGenericKeyValuePair25699B7D93FDE5AE4A5F8A422D1A4F7C2', ID = '3593'
Method 'SystemVoidCosmosIL2CPUSZArrayImpl1SystemCollectionsGenericKeyValuePair2SystemUInt32CosmosHALNetworkDeviceCopyToSystemCollectionsGenericKeyValuePair2SystemUInt32CosmosHALNetworkDevicearraySystemInt32', ID = '3594'
Method 'SystemInt32CosmosIL2CPUSZArrayImpl1SystemCollectionsGenericKeyValuePair2SystemUInt32CosmosHALNetworkDeviceget_Count', ID = '3595'
Method 'SystemCollectionsGenericKeyValuePair2SystemUInt32CosmosHALNetworkDeviceCosmosIL2CPUSZArrayImpl1SystemCollectionsGenericKeyValuePair2SystemUInt32CosmosHALNetworkDeviceget_ItemSystemInt32', ID = '3596'
Method 'SystemVoidCosmosIL2CPUSZArrayImpl1SystemCollectionsGenericKeyValuePair2SystemUInt32CosmosHALNetworkDeviceset_ItemSystemInt32SystemCollectionsGenericKeyValuePair2SystemUInt32CosmosHALNetworkDevice', ID = '3597'
Method 'SystemVoidCosmosIL2CPUSZArrayImpl1SystemCollectionsGenericKeyValuePair2SystemUInt32CosmosHALNetworkDeviceAddSystemCollectionsGenericKeyValuePair2SystemUInt32CosmosHALNetworkDevice', ID = '3598'
Method 'SystemBooleanCosmosIL2CPUSZArrayImpl1SystemCollectionsGenericKeyValuePair2SystemUInt32CosmosHALNetworkDeviceContainsSystemCollectionsGenericKeyValuePair2SystemUInt32CosmosHALNetworkDevice', ID = '3599'
Method 'SystemBooleanCosmosIL2CPUSZArrayImpl1SystemCollectionsGenericKeyValuePair2SystemUInt32CosmosHALNetworkDeviceget_IsReadOnly', ID = '3600'
Method 'SystemVoidCosmosIL2CPUSZArrayImpl1SystemCollectionsGenericKeyValuePair2SystemUInt32CosmosHALNetworkDeviceClear', ID = '3601'
Method 'SystemInt32CosmosIL2CPUSZArrayImpl1SystemCollectionsGenericKeyValuePair2SystemUInt32CosmosHALNetworkDeviceIndexOfSystemCollectionsGenericKeyValuePair2SystemUInt32CosmosHALNetworkDevice', ID = '3602'
Method 'SystemVoidCosmosIL2CPUSZArrayImpl1SystemCollectionsGenericKeyValuePair2SystemUInt32CosmosHALNetworkDeviceInsertSystemInt32SystemCollectionsGenericKeyValuePair2SystemUInt32CosmosHALNetworkDevice', ID = '3603'
Method 'SystemVoidCosmosIL2CPUSZArrayImpl1SystemCollectionsGenericKeyValuePair2SystemUInt32CosmosHALNetworkDeviceRemoveAtSystemInt32', ID = '3604'
Method 'SystemBooleanCosmosIL2CPUSZArrayImpl1SystemCollectionsGenericKeyValuePair2SystemUInt32CosmosHALNetworkDeviceget_IsFixedSize', ID = '3605'
Method 'SystemVoidCosmosIL2CPUSZArrayImpl1SystemCollectionsGenericKeyValuePair2SystemUInt32CosmosHALNetworkDeviceRemoveSystemCollectionsGenericKeyValuePair2SystemUInt32CosmosHALNetworkDevice', ID = '3606'
Method 'SystemObjectCosmosIL2CPUSZArrayImpl1SystemCollectionsGenericKeyValuePair2SystemUInt32CosmosHALNetworkDeviceget_SyncRoot', ID = '3607'
Method 'SystemBooleanCosmosIL2CPUSZArrayImpl1SystemCollectionsGenericKeyValuePair2SystemUInt32CosmosHALNetworkDeviceget_IsSynchronized', ID = '3608'
Method 'SystemVoidSystemCollectionsHashHelperscctor', ID = '3609'
Method 'SystemStringSystemRuntimeTypeToString', ID = '3613'
Method 'SystemBooleanSystemRuntimeTypeEqualsSystemObject', ID = '3614'
Method 'SystemInt32SystemRuntimeTypeGetHashCode', ID = '3615'
Method 'SystemTypeSystemRuntimeTypeget_UnderlyingSystemType', ID = '3616'
Method 'SystemVoidSystemCollectionsGenericNonRandomizedStringEqualityComparerOrdinalComparerctorSystemCollectionsGenericIEqualityComparer1SystemString', ID = '3619'
Method 'SystemVoidSystemCollectionsGenericNonRandomizedStringEqualityComparerOrdinalIgnoreCaseComparerctorSystemCollectionsGenericIEqualityComparer1SystemString', ID = '3620'
Method 'SystemVoidSystemOrdinalCaseSensitiveComparercctor', ID = '3624'
Method 'SystemBooleanSystemOrdinalComparerEqualsSystemObject', ID = '3625'
Method 'SystemInt32SystemOrdinalComparerGetHashCode', ID = '3626'
Method 'SystemVoidSystemOrdinalIgnoreCaseComparercctor', ID = '3627'
Method 'SystemVoidSystemCollectionsGenericList1CosmosHALKeyboardBasecctor', ID = '3628'
Method 'SystemVoidSystemCollectionsGenericList1CosmosHALKeyboardBaseAddWithResizeCosmosHALKeyboardBase', ID = '3639'
Method 'SystemVoidSystemCollectionsGenericList1EnumeratorCosmosHALKeyboardBasectorSystemCollectionsGenericList1CosmosHALKeyboardBase', ID = '3640'
Method 'SystemBooleanCosmosSystemScanMapBaseScanCodeMatchesKeySystemByteCosmosSystemConsoleKeyEx', ID = '3642'
Method 'SystemBooleanCosmosSystemKeyboardManagerget_CapsLock', ID = '3643'
Method 'SystemVoidCosmosSystemKeyboardManagerUpdateLeds', ID = '3644'
Method 'SystemBooleanCosmosSystemKeyboardManagerget_NumLock', ID = '3645'
Method 'SystemBooleanCosmosSystemKeyboardManagerget_ScrollLock', ID = '3646'
Method 'SystemVoidCosmosSystemKeyboardManagerset_ControlPressedSystemBoolean', ID = '3647'
Method 'SystemVoidCosmosSystemKeyboardManagerset_ShiftPressedSystemBoolean', ID = '3648'
Method 'SystemVoidCosmosSystemKeyboardManagerset_AltPressedSystemBoolean', ID = '3649'
Method 'SystemBooleanCosmosSystemKeyboardManagerGetKeySystemByteCosmosSystemKeyEvent', ID = '3650'
Method 'SystemVoidCosmosSystemKeyboardManagerEnqueueCosmosSystemKeyEvent', ID = '3651'
Method 'SystemVoidCosmosSystemFileSystemManagedPartitioncctor', ID = '3652'
Method 'SystemVoidSystemCollectionsGenericList1CosmosSystemFileSystemManagedPartitionGrowSystemInt32', ID = '3653'
Method 'SystemVoidSystemCollectionsGenericList1CosmosSystemFileSystemDiskset_CapacitySystemInt32', ID = '3654'
Method 'CosmosSystemFileSystemManagedPartitionSystemCollectionsGenericList1CosmosSystemFileSystemManagedPartitionget_ItemSystemInt32', ID = '3655'
Method 'SystemStringCosmosSystemFileSystemVFSVFSManagerGetNextFilesystemLetter', ID = '3656'
Method 'SystemCharCosmosSystemFileSystemVFSVFSBaseget_VolumeSeparatorChar', ID = '3657'
Method 'SystemCharCosmosSystemFileSystemVFSVFSBaseget_DirectorySeparatorChar', ID = '3658'
Method 'SystemStringSystemStringConcatSystemObjectSystemObjectSystemObject', ID = '3659'
Method 'SystemCollectionsGenericList1CosmosSystemFileSystemFileSystemFactoryCosmosSystemFileSystemVFSFileSystemManagerget_RegisteredFileSystems', ID = '3660'
Method 'SystemCollectionsGenericList1EnumeratorCosmosSystemFileSystemFileSystemFactorySystemCollectionsGenericList1CosmosSystemFileSystemFileSystemFactoryGetEnumerator', ID = '3661'
Method 'CosmosSystemFileSystemFileSystemFactorySystemCollectionsGenericList1EnumeratorCosmosSystemFileSystemFileSystemFactoryget_Current', ID = '3662'
Method 'SystemBooleanSystemCollectionsGenericList1EnumeratorCosmosSystemFileSystemFileSystemFactoryMoveNext', ID = '3665'
Method 'SystemStringCosmosSystemFileSystemFileSystemget_RootPath', ID = '3667'
Method 'CosmosHALPITPITTimerarrayInternalRuntimeCompilerServicesUnsafeAsCosmosHALPITPITTimerarraySystemObject', ID = '3669'
Method 'SystemVoidSystemSZGenericArrayEnumerator1CosmosHALPITPITTimerctorCosmosHALPITPITTimerarray', ID = '3670'
Method 'SystemInt32SystemArrayIndexOfCosmosHALPITPITTimerCosmosHALPITPITTimerarrayCosmosHALPITPITTimerSystemInt32SystemInt32', ID = '3673'
Method 'SystemCollectionsGenericIEnumerator1CosmosHALPITPITTimerCosmosIL2CPUSZArrayImpl1CosmosHALPITPITTimerGetEnumerator', ID = '3674'
Method 'SystemVoidCosmosIL2CPUSZArrayImpl1CosmosHALPITPITTimerCopyToCosmosHALPITPITTimerarraySystemInt32', ID = '3675'
Method 'SystemInt32CosmosIL2CPUSZArrayImpl1CosmosHALPITPITTimerget_Count', ID = '3676'
Method 'CosmosHALPITPITTimerCosmosIL2CPUSZArrayImpl1CosmosHALPITPITTimerget_ItemSystemInt32', ID = '3677'
Method 'SystemVoidCosmosIL2CPUSZArrayImpl1CosmosHALPITPITTimerset_ItemSystemInt32CosmosHALPITPITTimer', ID = '3678'
Method 'SystemVoidCosmosIL2CPUSZArrayImpl1CosmosHALPITPITTimerAddCosmosHALPITPITTimer', ID = '3679'
Method 'SystemBooleanCosmosIL2CPUSZArrayImpl1CosmosHALPITPITTimerContainsCosmosHALPITPITTimer', ID = '3680'
Method 'SystemBooleanCosmosIL2CPUSZArrayImpl1CosmosHALPITPITTimerget_IsReadOnly', ID = '3681'
Method 'SystemVoidCosmosIL2CPUSZArrayImpl1CosmosHALPITPITTimerClear', ID = '3682'
Method 'SystemInt32CosmosIL2CPUSZArrayImpl1CosmosHALPITPITTimerIndexOfCosmosHALPITPITTimer', ID = '3683'
Method 'SystemVoidCosmosIL2CPUSZArrayImpl1CosmosHALPITPITTimerInsertSystemInt32CosmosHALPITPITTimer', ID = '3684'
Method 'SystemVoidCosmosIL2CPUSZArrayImpl1CosmosHALPITPITTimerRemoveAtSystemInt32', ID = '3685'
Method 'SystemBooleanCosmosIL2CPUSZArrayImpl1CosmosHALPITPITTimerget_IsFixedSize', ID = '3686'
Method 'SystemVoidCosmosIL2CPUSZArrayImpl1CosmosHALPITPITTimerRemoveCosmosHALPITPITTimer', ID = '3687'
Method 'SystemObjectCosmosIL2CPUSZArrayImpl1CosmosHALPITPITTimerget_SyncRoot', ID = '3688'
Method 'SystemBooleanCosmosIL2CPUSZArrayImpl1CosmosHALPITPITTimerget_IsSynchronized', ID = '3689'
Method 'SystemBooleanCosmosCoreVTablesImplIsValueTypeSystemUInt32', ID = '3690'
Method 'SystemCollectionsGenericIEnumerator1CosmosSystemKeyEventSystemSZArrayHelperGetEnumeratorCosmosSystemKeyEvent', ID = '3691'
Method 'SystemVoidSystemSZArrayHelperCopyToCosmosSystemKeyEventCosmosSystemKeyEventarraySystemInt32', ID = '3692'
Method 'SystemInt32SystemSZArrayHelperget_CountCosmosSystemKeyEvent', ID = '3693'
Method 'CosmosSystemKeyEventSystemSZArrayHelperget_ItemCosmosSystemKeyEventSystemInt32', ID = '3694'
Method 'SystemVoidSystemSZArrayHelperset_ItemCosmosSystemKeyEventSystemInt32CosmosSystemKeyEvent', ID = '3695'
Method 'SystemVoidSystemSZArrayHelperAddCosmosSystemKeyEventCosmosSystemKeyEvent', ID = '3696'
Method 'SystemBooleanSystemSZArrayHelperContainsCosmosSystemKeyEventCosmosSystemKeyEvent', ID = '3697'
Method 'SystemBooleanSystemSZArrayHelperget_IsReadOnlyCosmosSystemKeyEvent', ID = '3698'
Method 'SystemVoidSystemSZArrayHelperClearCosmosSystemKeyEvent', ID = '3699'
Method 'SystemInt32SystemSZArrayHelperIndexOfCosmosSystemKeyEventCosmosSystemKeyEvent', ID = '3700'
Method 'SystemVoidSystemSZArrayHelperInsertCosmosSystemKeyEventSystemInt32CosmosSystemKeyEvent', ID = '3701'
Method 'SystemBooleanSystemSZArrayHelperRemoveCosmosSystemKeyEventCosmosSystemKeyEvent', ID = '3702'
Method 'SystemVoidSystemSZArrayHelperRemoveAtCosmosSystemKeyEventSystemInt32', ID = '3703'
Method 'SystemRuntimeCompilerServicesRawDataInternalRuntimeCompilerServicesUnsafeAsSystemRuntimeCompilerServicesRawDataSystemObject', ID = '3708'
Method 'SystemVoidSystemSZGenericArrayEnumerator1CosmosSystemFileSystemListingDirectoryEntrycctor', ID = '3710'
Method 'SystemVoidSystemSZGenericArrayEnumerator1CosmosSystemFileSystemListingDirectoryEntryDispose', ID = '3711'
Method 'SystemBooleanSystemSZGenericArrayEnumerator1CosmosSystemFileSystemListingDirectoryEntryMoveNext', ID = '3712'
Method 'SystemBooleanSystemRuntimeCompilerServicesRuntimeHelpersIsBitwiseEquatableCosmosSystemFileSystemListingDirectoryEntry', ID = '3713'
Method 'SystemInt32InternalRuntimeCompilerServicesUnsafeSizeOfCosmosSystemFileSystemListingDirectoryEntry', ID = '3714'
Method 'SystemByteInternalRuntimeCompilerServicesUnsafeAsCosmosSystemFileSystemListingDirectoryEntrySystemByteCosmosSystemFileSystemListingDirectoryEntry', ID = '3715'
Method 'SystemCharInternalRuntimeCompilerServicesUnsafeAsCosmosSystemFileSystemListingDirectoryEntrySystemCharCosmosSystemFileSystemListingDirectoryEntry', ID = '3716'
Method 'SystemInt32InternalRuntimeCompilerServicesUnsafeAsCosmosSystemFileSystemListingDirectoryEntrySystemInt32CosmosSystemFileSystemListingDirectoryEntry', ID = '3717'
Method 'SystemInt64InternalRuntimeCompilerServicesUnsafeAsCosmosSystemFileSystemListingDirectoryEntrySystemInt64CosmosSystemFileSystemListingDirectoryEntry', ID = '3718'
Method 'SystemCollectionsGenericEqualityComparer1CosmosSystemFileSystemListingDirectoryEntrySystemCollectionsGenericEqualityComparer1CosmosSystemFileSystemListingDirectoryEntryget_Default', ID = '3719'
Method 'SystemInt32SystemCollectionsGenericEqualityComparer1CosmosSystemFileSystemListingDirectoryEntryIndexOfCosmosSystemFileSystemListingDirectoryEntryarrayCosmosSystemFileSyE9AA1B58C53BFC1BE3C687F16ED2F7D3', ID = '3720'
Method 'SystemVoidCosmosIL2CPUSZArrayImpl1GetEnumeratord__0CosmosSystemFileSystemListingDirectoryEntryctorSystemInt32', ID = '3721'
Method 'SystemStringCosmosSystem_PlugsSystemIOPathImplGetPathRootSystemString', ID = '3723'
Method 'SystemCollectionsGenericList1EnumeratorCosmosSystemFileSystemManagedPartitionSystemCollectionsGenericList1CosmosSystemFileSystemManagedPartitionGetEnumerator', ID = '3724'
Method 'CosmosSystemFileSystemManagedPartitionSystemCollectionsGenericList1EnumeratorCosmosSystemFileSystemManagedPartitionget_Current', ID = '3725'
Method 'SystemBooleanSystemCollectionsGenericList1EnumeratorCosmosSystemFileSystemManagedPartitionMoveNext', ID = '3726'
Method 'SystemVoidSystemIOFileNotFoundExceptionctorSystemString', ID = '3728'
Method 'SystemChararrayCosmosSystemFileSystemVFSVFSManagerGetDirectorySeparators', ID = '3729'
Method 'SystemStringarraySystemStringSplitSystemChararraySystemStringSplitOptions', ID = '3730'
Method 'SystemVoidSystemTextValueStringBuilderAppendSystemReadOnlySpan1SystemChar', ID = '3732'
Method 'SystemStringCosmosCore_PlugsSystemStringImplFormatHelperSystemIFormatProviderSystemStringSystemObjectarray', ID = '3733'
Method 'SystemVoidSystemIOStreamNullStreamWriteSystemBytearraySystemInt32SystemInt32', ID = '3734'
Method 'SystemVoidSystemMarshalByRefObjectctor', ID = '3735'
Method 'SystemVoidSystemThreadingMonitorPulseAllSystemObject', ID = '3736'
Method 'SystemVoidSystemThreadingWaitHandleDisposeSystemBoolean', ID = '3739'
Method 'SystemVoidSystemThreadingTasksTask1SystemBooleancctor', ID = '3741'
Method 'SystemVoidSystemIOStreamNullStreamDisposeSystemBoolean', ID = '3752'
Method 'SystemChararrayCosmosSystemFileSystemVFSVFSManagerGetRealInvalidPathChars', ID = '3753'
Method 'SystemInt32SystemStringIndexOfSystemChar', ID = '3754'
Method 'SystemCharCosmosSystemFileSystemVFSVFSManagerGetAltDirectorySeparatorChar', ID = '3755'
Method 'SystemCharCosmosSystemFileSystemVFSVFSManagerGetDirectorySeparatorChar', ID = '3756'
Method 'SystemCharCosmosSystemFileSystemVFSVFSManagerGetVolumeSeparatorChar', ID = '3757'
Method 'SystemBooleanSystemTextUTF8EncodingEqualsSystemObject', ID = '3759'
Method 'SystemInt32SystemTextUTF8EncodingGetHashCode', ID = '3760'
Method 'SystemBytearraySystemTextUTF8EncodingUTF8EncodingSealedGetBytesSystemString', ID = '3761'
Method 'SystemInt32SystemTextUTF8EncodingGetByteCountSystemString', ID = '3762'
Method 'SystemInt32SystemTextUTF8EncodingGetBytesSystemStringSystemInt32SystemInt32SystemBytearraySystemInt32', ID = '3763'
Method 'SystemInt32SystemTextUTF8EncodingGetByteCountSystemChararraySystemInt32SystemInt32', ID = '3764'
Method 'SystemInt32SystemTextUTF8EncodingGetBytesSystemChararraySystemInt32SystemInt32SystemBytearraySystemInt32', ID = '3765'
Method 'SystemVoidSystemTextUTF8Encodingctor', ID = '3766'
Method 'SystemVoidSystemTextEncodingctorSystemInt32', ID = '3767'
Method 'SystemInt32SystemTextASCIIEncodingGetByteCountFastSystemCharpointerSystemInt32SystemTextEncoderFallbackSystemInt32', ID = '3768'
Method 'SystemInt32SystemTextUTF8EncodingGetByteCountFastSystemCharpointerSystemInt32SystemTextEncoderFallbackSystemInt32', ID = '3769'
Method 'SystemExceptionSystemNotImplementedget_ByDesign', ID = '3770'
Method 'SystemVoidSystemReadOnlySpan1SystemCharctorSystemVoidpointerSystemInt32', ID = '3771'
Method 'SystemReadOnlySpan1SystemCharSystemReadOnlySpan1SystemCharSliceSystemInt32', ID = '3772'
Method 'SystemInt32SystemTextEncodingGetByteCountWithFallbackSystemReadOnlySpan1SystemCharSystemInt32SystemTextEncoderNLS', ID = '3773'
Method 'SystemStringSystemPrivateCoreLibSystemSRget_Argument_ConversionOverflow', ID = '3774'
Method 'SystemInt32SystemTextASCIIEncodingGetBytesFastSystemCharpointerSystemInt32SystemBytepointerSystemInt32SystemInt32', ID = '3775'
Method 'SystemInt32SystemTextUTF8EncodingGetBytesFastSystemCharpointerSystemInt32SystemBytepointerSystemInt32SystemInt32', ID = '3776'
Method 'SystemVoidSystemSpan1SystemBytectorSystemVoidpointerSystemInt32', ID = '3777'
Method 'SystemSpan1SystemByteSystemSpan1SystemByteSliceSystemInt32', ID = '3778'
Method 'SystemInt32SystemTextEncodingGetBytesWithFallbackSystemReadOnlySpan1SystemCharSystemInt32SystemSpan1SystemByteSystemInt32SystemTextEncoderNLS', ID = '3779'
Method 'SystemVoidCosmosHALPCSpeakercctor', ID = '3780'
Method 'SystemVoidCosmosHALPCSpeakerEnableSound', ID = '3782'
Method 'SystemVoidCosmosHALPITSignalWaitCosmosCoreINTsIRQContext', ID = '3783'
Method 'SystemVoidCosmosCore_AsmDelegateImplCtorSystemObjectSystemIntPtr', ID = '1668'
Method 'SystemVoidCosmosHALPITPITTimerctorCosmosHALPITPITTimerOnTriggerSystemUInt64SystemBoolean', ID = '3785'
Method 'SystemInt32CosmosHALPITRegisterTimerCosmosHALPITPITTimer', ID = '3786'
Method 'SystemVoidCosmosCore_PlugsSystemBufferImplcctor', ID = '3787'
Method 'SystemVoidCosmosCore_PlugsMemoryOperationsMemoryOperationsImplCopyTinySystemBytepointerSystemBytepointerSystemInt32', ID = '3789'
Method 'SystemInt32SystemMathDivRemSystemInt32SystemInt32SystemInt32', ID = '3790'
Method 'SystemVoidCosmosCore_PlugsMemoryOperationsMemoryOperationsImplCopy128BlocksSystemBytepointerSystemBytepointerSystemInt32', ID = '3791'
Method 'SystemVoidCosmosCoreMemoryOperationsFillSystemUInt16pointerSystemUInt16SystemInt32', ID = '3793'
Method 'SystemBooleanSystemGuidEqualsCoreSystemGuidSystemGuid', ID = '3794'
Method 'SystemInt32InternalRuntimeCompilerServicesUnsafeAsRefSystemInt32SystemInt32', ID = '3795'
Method 'SystemBooleanSystemReflectionModulecompilergeneratedccctorb__62_0SystemTypeSystemObject', ID = '3798'
Method 'SystemVoidCosmosCore_AsmDelegateImplCtorSystemObjectSystemIntPtr', ID = '1668'
Method 'SystemBooleanSystemReflectionModulecompilergeneratedccctorb__62_1SystemTypeSystemObject', ID = '3801'
Method 'SystemStringCosmosCore_PlugsSystemReflectionModuleImplToString', ID = '3803'
Method 'SystemVoidSystemCollectionsGenericDictionary2SystemStringSystemReflectionAssemblyctor', ID = '3804'
Method 'SystemVoidSystemCollectionsGenericList1SystemStringctor', ID = '3806'
Method 'SystemStringSystemReflectionAssemblyget_FullName', ID = '3808'
Method 'SystemInt32SystemRuntimeIntrinsicsVector1281SystemDoubleget_Count', ID = '3810'
Method 'SystemDoubleSystemRuntimeIntrinsicsVector128GetElementSystemDoubleSystemRuntimeIntrinsicsVector1281SystemDoubleSystemInt32', ID = '3811'
Method 'SystemBooleanSystemRuntimeIntrinsicsVector1281SystemDoubleEqualsSystemRuntimeIntrinsicsVector1281SystemDouble', ID = '3812'
Method 'SystemInt32SystemRuntimeIntrinsicsVector1281SystemInt64get_Count', ID = '3813'
Method 'SystemInt64SystemRuntimeIntrinsicsVector128GetElementSystemInt64SystemRuntimeIntrinsicsVector1281SystemInt64SystemInt32', ID = '3814'
Method 'SystemBooleanSystemRuntimeIntrinsicsVector1281SystemInt64EqualsSystemRuntimeIntrinsicsVector1281SystemInt64', ID = '3815'
Method 'SystemVoidSystemThrowHelperThrowInvalidTypeWithPointersNotSupportedSystemType', ID = '3817'
Method 'SystemVoidSystemTextValueStringBuilderGrowAndAppendSystemChar', ID = '3820'
Method 'SystemByteInternalRuntimeCompilerServicesUnsafeAsSystemRuntimeIntrinsicsVector1281SystemByteSystemByteSystemRuntimeIntrinsicsVector1281SystemByte', ID = '3821'
Method 'SystemVoidSystemTextValueStringBuilderAppendSlowSystemString', ID = '3822'
Method 'SystemStringSystemTextValueStringBuilderToString', ID = '3823'
Method 'SystemBooleanSystemRuntimeIntrinsicsX86Sseget_IsSupported', ID = '3824'
Method 'SystemRuntimeIntrinsicsVector1281SystemSingleSystemRuntimeIntrinsicsVector128AsSingleSystemByteSystemRuntimeIntrinsicsVector1281SystemByte', ID = '3825'
Method 'SystemRuntimeIntrinsicsVector1281SystemSingleSystemRuntimeIntrinsicsX86SseCompareEqualSystemRuntimeIntrinsicsVector1281SystemSingleSystemRuntimeIntrinsicsVector1281SystemSingle', ID = '3826'
Method 'SystemInt32SystemRuntimeIntrinsicsX86SseMoveMaskSystemRuntimeIntrinsicsVector1281SystemSingle', ID = '3827'
Method 'SystemRuntimeIntrinsicsVector1281SystemDoubleSystemRuntimeIntrinsicsVector128AsDoubleSystemByteSystemRuntimeIntrinsicsVector1281SystemByte', ID = '3828'
Method 'SystemRuntimeIntrinsicsVector1281SystemDoubleSystemRuntimeIntrinsicsX86Sse2CompareEqualSystemRuntimeIntrinsicsVector1281SystemDoubleSystemRuntimeIntrinsicsVector1281SystemDouble', ID = '3829'
Method 'SystemInt32SystemRuntimeIntrinsicsX86Sse2MoveMaskSystemRuntimeIntrinsicsVector1281SystemDouble', ID = '3830'
Method 'SystemRuntimeIntrinsicsVector1281SystemByteSystemRuntimeIntrinsicsVector128AsByteSystemByteSystemRuntimeIntrinsicsVector1281SystemByte', ID = '3831'
Method 'SystemBooleanSystemRuntimeIntrinsicsVector1281SystemByteEqualsg__SoftwareFallbacksLine12_0SystemRuntimeIntrinsicsVector1281SystemByteSystemRuntimeIntrinsicsVector1281SystemByte', ID = '3832'
Method 'SystemVoidSystemHashCodecctor', ID = '3833'
Method 'SystemBooleanSystemHashCodeEqualsSystemObject', ID = '3834'
Method 'SystemInt32SystemHashCodeGetHashCode', ID = '3835'
Method 'SystemVoidSystemHashCodeAddSystemInt32', ID = '3836'
Method 'SystemUInt32SystemHashCodeMixStateSystemUInt32SystemUInt32SystemUInt32SystemUInt32', ID = '3837'
Method 'SystemUInt32SystemHashCodeMixEmptyState', ID = '3838'
Method 'SystemUInt32SystemHashCodeQueueRoundSystemUInt32SystemUInt32', ID = '3839'
Method 'SystemUInt32SystemHashCodeMixFinalSystemUInt32', ID = '3840'
Method 'SystemStringCosmosSystem_PlugsSystemSByteImplToString', ID = '3841'
Method 'SystemStringCosmosSystem_PlugsSystemInt16ImplToString', ID = '3842'
Method 'SystemStringCosmosSystem_PlugsSystemSingleImplToString', ID = '3843'
Method 'SystemBooleanSystemSingleIsNaNSystemSingle', ID = '3844'
Method 'SystemSingleInternalRuntimeCompilerServicesUnsafeAsRefSystemSingleSystemSingle', ID = '3845'
Method 'SystemInt32InternalRuntimeCompilerServicesUnsafeAsSystemSingleSystemInt32SystemSingle', ID = '3846'
Method 'SystemGlobalizationCultureInfoCosmosCore_PlugsSystemGlobalizationCultureInfoImplget_CurrentCulture', ID = '3847'
Method 'SystemByteInternalRuntimeCompilerServicesUnsafeAsSystemRuntimeIntrinsicsVector2561SystemByteSystemByteSystemRuntimeIntrinsicsVector2561SystemByte', ID = '3849'
Method 'SystemRuntimeIntrinsicsVector2561SystemSingleSystemRuntimeIntrinsicsVector256AsSingleSystemByteSystemRuntimeIntrinsicsVector2561SystemByte', ID = '3850'
Method 'SystemRuntimeIntrinsicsVector2561SystemSingleSystemRuntimeIntrinsicsX86AvxCompareSystemRuntimeIntrinsicsVector2561SystemSingleSystemRuntimeIntrinsicsVector2561SystemSin194B7C9CFC0435A9CFC4A99C60700255', ID = '3851'
Method 'SystemInt32SystemRuntimeIntrinsicsX86AvxMoveMaskSystemRuntimeIntrinsicsVector2561SystemSingle', ID = '3852'
Method 'SystemRuntimeIntrinsicsVector2561SystemDoubleSystemRuntimeIntrinsicsVector256AsDoubleSystemByteSystemRuntimeIntrinsicsVector2561SystemByte', ID = '3853'
Method 'SystemRuntimeIntrinsicsVector2561SystemDoubleSystemRuntimeIntrinsicsX86AvxCompareSystemRuntimeIntrinsicsVector2561SystemDoubleSystemRuntimeIntrinsicsVector2561SystemDou3C1677C47297F50B2DF9627913CB49DE', ID = '3854'
Method 'SystemInt32SystemRuntimeIntrinsicsX86AvxMoveMaskSystemRuntimeIntrinsicsVector2561SystemDouble', ID = '3855'
Method 'SystemRuntimeIntrinsicsVector2561SystemByteSystemRuntimeIntrinsicsVector256AsByteSystemByteSystemRuntimeIntrinsicsVector2561SystemByte', ID = '3856'
Method 'SystemBooleanSystemRuntimeIntrinsicsVector2561SystemByteEqualsg__SoftwareFallbacksLine14_0SystemRuntimeIntrinsicsVector2561SystemByteSystemRuntimeIntrinsicsVector2561SystemByte', ID = '3857'
Method 'SystemStringSystemReadOnlySpan1SystemByteToString', ID = '3861'
Method 'SystemBooleanSystemReadOnlySpan1SystemByteEqualsSystemObject', ID = '3862'
Method 'SystemInt32SystemReadOnlySpan1SystemByteGetHashCode', ID = '3863'
Method 'SystemVoidSystemByReference1SystemBytectorSystemByte', ID = '3865'
Method 'SystemRuntimeIntrinsicsVector1281SystemInt32SystemRuntimeIntrinsicsVector128CreateScalarUnsafeSystemInt32', ID = '3866'
Method 'SystemRuntimeIntrinsicsVector1281SystemSingleSystemRuntimeIntrinsicsVector128AsSingleSystemInt32SystemRuntimeIntrinsicsVector1281SystemInt32', ID = '3867'
Method 'SystemSingleSystemRuntimeIntrinsicsVector128ToScalarSystemSingleSystemRuntimeIntrinsicsVector1281SystemSingle', ID = '3868'
Method 'SystemRuntimeIntrinsicsVector1281SystemInt64SystemRuntimeIntrinsicsVector128CreateScalarUnsafeSystemInt64', ID = '3869'
Method 'SystemRuntimeIntrinsicsVector1281SystemDoubleSystemRuntimeIntrinsicsVector128AsDoubleSystemInt64SystemRuntimeIntrinsicsVector1281SystemInt64', ID = '3870'
Method 'SystemDoubleSystemRuntimeIntrinsicsVector128ToScalarSystemDoubleSystemRuntimeIntrinsicsVector1281SystemDouble', ID = '3871'
Method 'SystemUIntPtrSystemUIntPtrop_ExplicitSystemUInt64', ID = '3872'
Method 'SystemBooleanSystemNumericsVector1SystemUInt64EqualsSystemNumericsVector1SystemUInt64', ID = '3873'
Method 'SystemVoidSystemHashCodeAddSystemUInt64SystemUInt64', ID = '3874'
Method 'SystemBooleanCosmosCore_PlugsRuntimeIntrinsicsX86X64X86BaseImplget_IsSupported', ID = '3877'
Method 'SystemUInt16InternalRuntimeCompilerServicesUnsafeAsSystemRuntimeIntrinsicsVector1281SystemUInt16SystemUInt16SystemRuntimeIntrinsicsVector1281SystemUInt16', ID = '3878'
Method 'SystemUInt16InternalRuntimeCompilerServicesUnsafeAddSystemUInt16SystemUInt16SystemInt32', ID = '3879'
Method 'SystemRuntimeIntrinsicsVector1281SystemSingleSystemRuntimeIntrinsicsVector128AsSingleSystemUInt16SystemRuntimeIntrinsicsVector1281SystemUInt16', ID = '3880'
Method 'SystemRuntimeIntrinsicsVector1281SystemDoubleSystemRuntimeIntrinsicsVector128AsDoubleSystemUInt16SystemRuntimeIntrinsicsVector1281SystemUInt16', ID = '3881'
Method 'SystemBooleanSystemRuntimeIntrinsicsVector1281SystemUInt16Equalsg__SoftwareFallbacksLine12_0SystemRuntimeIntrinsicsVector1281SystemUInt16SystemRuntimeIntrinsicsVector1281SystemUInt16', ID = '3882'
Method 'SystemUInt16InternalRuntimeCompilerServicesUnsafeAsSystemRuntimeIntrinsicsVector2561SystemUInt16SystemUInt16SystemRuntimeIntrinsicsVector2561SystemUInt16', ID = '3883'
Method 'SystemRuntimeIntrinsicsVector2561SystemSingleSystemRuntimeIntrinsicsVector256AsSingleSystemUInt16SystemRuntimeIntrinsicsVector2561SystemUInt16', ID = '3884'
Method 'SystemRuntimeIntrinsicsVector2561SystemDoubleSystemRuntimeIntrinsicsVector256AsDoubleSystemUInt16SystemRuntimeIntrinsicsVector2561SystemUInt16', ID = '3885'
Method 'SystemBooleanSystemRuntimeIntrinsicsVector2561SystemUInt16Equalsg__SoftwareFallbacksLine14_0SystemRuntimeIntrinsicsVector2561SystemUInt16SystemRuntimeIntrinsicsVector2561SystemUInt16', ID = '3886'
Method 'SystemVoidCosmosIL2CPUSZArrayImpl1GetEnumeratord__0SystemInt32SystemIDisposableDispose', ID = '3890'
Method 'SystemBooleanCosmosIL2CPUSZArrayImpl1GetEnumeratord__0SystemInt32MoveNext', ID = '3891'
Method 'SystemVoidCosmosIL2CPUSZArrayImpl1GetEnumeratord__0SystemInt64SystemIDisposableDispose', ID = '3895'
Method 'SystemBooleanCosmosIL2CPUSZArrayImpl1GetEnumeratord__0SystemInt64MoveNext', ID = '3896'
Method 'SystemVoidCosmosCore_PlugsSystemCollectionsGenericByteEqualityComparerctor', ID = '3898'
Method 'SystemVoidCosmosCore_PlugsSystemCollectionsGenericSByteEqualityComparerctor', ID = '3899'
Method 'SystemVoidCosmosCore_PlugsSystemCollectionsGenericStringEqualityComparerctor', ID = '3900'
Method 'SystemVoidCosmosCore_PlugsSystemCollectionsGenericInt32EqualityComparerctor', ID = '3901'
Method 'SystemVoidCosmosCore_PlugsSystemCollectionsGenericUInt32EqualityComparerctor', ID = '3902'
Method 'SystemVoidCosmosCore_PlugsSystemCollectionsGenericInt64EqualityComparerctor', ID = '3903'
Method 'SystemVoidCosmosCore_PlugsSystemCollectionsGenericUInt64EqualityComparerctor', ID = '3904'
Method 'SystemVoidCosmosCore_PlugsSystemCollectionsGenericCharEqualityComparerctor', ID = '3905'
Method 'SystemVoidCosmosCore_PlugsSystemCollectionsGenericInt16EqualityComparerctor', ID = '3906'
Method 'SystemVoidCosmosCore_PlugsSystemCollectionsGenericUInt16EqualityComparerctor', ID = '3907'
Method 'SystemVoidCosmosCore_PlugsSystemCollectionsGenericGuidEqualityComparerctor', ID = '3908'
Method 'SystemVoidCosmosCore_PlugsSystemCollectionsGenericObjectEqualityComparerctor', ID = '3909'
Method 'SystemUInt64CosmosCore_PlugsSystemMarvinImplGenerateSeed', ID = '3910'
Method 'SystemCollectionsGenericIEnumerator1SystemCollectionsGenericDictionary2EntrySystemStringSystemBooleanSystemSZArrayHelperGetEnumeratorSystemCollectionsGenericDictionary2EntrySystemStringSystemBoolean', ID = '3911'
Method 'SystemVoidSystemSZArrayHelperCopyToSystemCollectionsGenericDictionary2EntrySystemStringSystemBooleanSystemCollectionsGenericDictionary2EntrySystemStringSystemBooleanarraySystemInt32', ID = '3912'
Method 'SystemInt32SystemSZArrayHelperget_CountSystemCollectionsGenericDictionary2EntrySystemStringSystemBoolean', ID = '3913'
Method 'SystemCollectionsGenericDictionary2EntrySystemStringSystemBooleanSystemSZArrayHelperget_ItemSystemCollectionsGenericDictionary2EntrySystemStringSystemBooleanSystemInt32', ID = '3914'
Method 'SystemVoidSystemSZArrayHelperset_ItemSystemCollectionsGenericDictionary2EntrySystemStringSystemBooleanSystemInt32SystemCollectionsGenericDictionary2EntrySystemStringSystemBoolean', ID = '3915'
Method 'SystemVoidSystemSZArrayHelperAddSystemCollectionsGenericDictionary2EntrySystemStringSystemBooleanSystemCollectionsGenericDictionary2EntrySystemStringSystemBoolean', ID = '3916'
Method 'SystemBooleanSystemSZArrayHelperContainsSystemCollectionsGenericDictionary2EntrySystemStringSystemBooleanSystemCollectionsGenericDictionary2EntrySystemStringSystemBoolean', ID = '3917'
Method 'SystemBooleanSystemSZArrayHelperget_IsReadOnlySystemCollectionsGenericDictionary2EntrySystemStringSystemBoolean', ID = '3918'
Method 'SystemVoidSystemSZArrayHelperClearSystemCollectionsGenericDictionary2EntrySystemStringSystemBoolean', ID = '3919'
Method 'SystemInt32SystemSZArrayHelperIndexOfSystemCollectionsGenericDictionary2EntrySystemStringSystemBooleanSystemCollectionsGenericDictionary2EntrySystemStringSystemBoolean', ID = '3920'
Method 'SystemVoidSystemSZArrayHelperInsertSystemCollectionsGenericDictionary2EntrySystemStringSystemBooleanSystemInt32SystemCollectionsGenericDictionary2EntrySystemStringSystemBoolean', ID = '3921'
Method 'SystemBooleanSystemSZArrayHelperRemoveSystemCollectionsGenericDictionary2EntrySystemStringSystemBooleanSystemCollectionsGenericDictionary2EntrySystemStringSystemBoolean', ID = '3922'
Method 'SystemVoidSystemSZArrayHelperRemoveAtSystemCollectionsGenericDictionary2EntrySystemStringSystemBooleanSystemInt32', ID = '3923'
Method 'SystemUInt32SystemCollectionsHashHelpersFastModSystemUInt32SystemUInt32SystemUInt64', ID = '3935'
Method 'SystemBooleanSystemTypeIsValueTypeImpl', ID = '3936'
Method 'SystemInt32SystemCollectionsGenericNonRandomizedStringEqualityComparerGetHashCodeSystemString', ID = '3939'
Method 'SystemInt32SystemOrdinalCaseSensitiveComparerGetHashCodeSystemString', ID = '3941'
Method 'SystemInt32SystemOrdinalIgnoreCaseComparerGetHashCodeSystemString', ID = '3942'
Method 'SystemInt32SystemOrdinalComparerGetHashCodeSystemString', ID = '3943'
Method 'SystemBooleanSystemCollectionsGenericNonRandomizedStringEqualityComparerEqualsSystemStringSystemString', ID = '3945'
Method 'SystemBooleanSystemOrdinalCaseSensitiveComparerEqualsSystemStringSystemString', ID = '3947'
Method 'SystemBooleanSystemOrdinalIgnoreCaseComparerEqualsSystemStringSystemString', ID = '3948'
Method 'SystemBooleanSystemOrdinalComparerEqualsSystemStringSystemString', ID = '3949'
Method 'SystemStringSystemPrivateCoreLibSystemSRget_InvalidOperation_ConcurrentOperationsNotSupported', ID = '3950'
Method 'SystemCollectionsGenericDictionary2EntrySystemStringSystemObjectInternalRuntimeCompilerServicesUnsafeNullRefSystemCollectionsGenericDictionary2EntrySystemStringSystemObject', ID = '3959'
Method 'SystemInt32SystemCollectionsGenericDictionary2SystemStringSystemObjectGetBucketSystemUInt32', ID = '3960'
Method 'SystemObjectInternalRuntimeCompilerServicesUnsafeNullRefSystemObject', ID = '3962'
Method 'SystemBooleanSystemCharIsWhiteSpaceSystemChar', ID = '3963'
Method 'SystemReadOnlySpan1SystemCharSystemReadOnlySpan1SystemCharSliceSystemInt32SystemInt32', ID = '3964'
Method 'CosmosSystemFileSystemManagedPartitionarrayInternalRuntimeCompilerServicesUnsafeAsCosmosSystemFileSystemManagedPartitionarraySystemObject', ID = '3966'
Method 'SystemVoidSystemSZGenericArrayEnumerator1CosmosSystemFileSystemManagedPartitionctorCosmosSystemFileSystemManagedPartitionarray', ID = '3967'
Method 'SystemInt32SystemArrayIndexOfCosmosSystemFileSystemManagedPartitionCosmosSystemFileSystemManagedPartitionarrayCosmosSystemFileSystemManagedPartitionSystemInt32SystemInt32', ID = '3970'
Method 'SystemCollectionsGenericIEnumerator1CosmosSystemFileSystemManagedPartitionCosmosIL2CPUSZArrayImpl1CosmosSystemFileSystemManagedPartitionGetEnumerator', ID = '3971'
Method 'SystemVoidCosmosIL2CPUSZArrayImpl1CosmosSystemFileSystemManagedPartitionCopyToCosmosSystemFileSystemManagedPartitionarraySystemInt32', ID = '3972'
Method 'SystemInt32CosmosIL2CPUSZArrayImpl1CosmosSystemFileSystemManagedPartitionget_Count', ID = '3973'
Method 'CosmosSystemFileSystemManagedPartitionCosmosIL2CPUSZArrayImpl1CosmosSystemFileSystemManagedPartitionget_ItemSystemInt32', ID = '3974'
Method 'SystemVoidCosmosIL2CPUSZArrayImpl1CosmosSystemFileSystemManagedPartitionset_ItemSystemInt32CosmosSystemFileSystemManagedPartition', ID = '3975'
Method 'SystemVoidCosmosIL2CPUSZArrayImpl1CosmosSystemFileSystemManagedPartitionAddCosmosSystemFileSystemManagedPartition', ID = '3976'
Method 'SystemBooleanCosmosIL2CPUSZArrayImpl1CosmosSystemFileSystemManagedPartitionContainsCosmosSystemFileSystemManagedPartition', ID = '3977'
Method 'SystemBooleanCosmosIL2CPUSZArrayImpl1CosmosSystemFileSystemManagedPartitionget_IsReadOnly', ID = '3978'
Method 'SystemVoidCosmosIL2CPUSZArrayImpl1CosmosSystemFileSystemManagedPartitionClear', ID = '3979'
Method 'SystemInt32CosmosIL2CPUSZArrayImpl1CosmosSystemFileSystemManagedPartitionIndexOfCosmosSystemFileSystemManagedPartition', ID = '3980'
Method 'SystemVoidCosmosIL2CPUSZArrayImpl1CosmosSystemFileSystemManagedPartitionInsertSystemInt32CosmosSystemFileSystemManagedPartition', ID = '3981'
Method 'SystemVoidCosmosIL2CPUSZArrayImpl1CosmosSystemFileSystemManagedPartitionRemoveAtSystemInt32', ID = '3982'
Method 'SystemBooleanCosmosIL2CPUSZArrayImpl1CosmosSystemFileSystemManagedPartitionget_IsFixedSize', ID = '3983'
Method 'SystemVoidCosmosIL2CPUSZArrayImpl1CosmosSystemFileSystemManagedPartitionRemoveCosmosSystemFileSystemManagedPartition', ID = '3984'
Method 'SystemObjectCosmosIL2CPUSZArrayImpl1CosmosSystemFileSystemManagedPartitionget_SyncRoot', ID = '3985'
Method 'SystemBooleanCosmosIL2CPUSZArrayImpl1CosmosSystemFileSystemManagedPartitionget_IsSynchronized', ID = '3986'
Method 'SystemVoidSystemSZGenericArrayEnumerator1CosmosSystemFileSystemFileSystemcctor', ID = '3987'
Method 'SystemVoidSystemSZGenericArrayEnumerator1CosmosSystemFileSystemFileSystemDispose', ID = '3988'
Method 'SystemBooleanSystemSZGenericArrayEnumerator1CosmosSystemFileSystemFileSystemMoveNext', ID = '3989'
Method 'SystemBooleanSystemRuntimeCompilerServicesRuntimeHelpersIsBitwiseEquatableCosmosSystemFileSystemFileSystem', ID = '3990'
Method 'SystemInt32InternalRuntimeCompilerServicesUnsafeSizeOfCosmosSystemFileSystemFileSystem', ID = '3991'
Method 'SystemByteInternalRuntimeCompilerServicesUnsafeAsCosmosSystemFileSystemFileSystemSystemByteCosmosSystemFileSystemFileSystem', ID = '3992'
Method 'SystemCharInternalRuntimeCompilerServicesUnsafeAsCosmosSystemFileSystemFileSystemSystemCharCosmosSystemFileSystemFileSystem', ID = '3993'
Method 'SystemInt32InternalRuntimeCompilerServicesUnsafeAsCosmosSystemFileSystemFileSystemSystemInt32CosmosSystemFileSystemFileSystem', ID = '3994'
Method 'SystemInt64InternalRuntimeCompilerServicesUnsafeAsCosmosSystemFileSystemFileSystemSystemInt64CosmosSystemFileSystemFileSystem', ID = '3995'
Method 'SystemCollectionsGenericEqualityComparer1CosmosSystemFileSystemFileSystemSystemCollectionsGenericEqualityComparer1CosmosSystemFileSystemFileSystemget_Default', ID = '3996'
Method 'SystemInt32SystemCollectionsGenericEqualityComparer1CosmosSystemFileSystemFileSystemIndexOfCosmosSystemFileSystemFileSystemarrayCosmosSystemFileSystemFileSystemSystemInt32SystemInt32', ID = '3997'
Method 'SystemVoidCosmosIL2CPUSZArrayImpl1GetEnumeratord__0CosmosSystemFileSystemFileSystemctorSystemInt32', ID = '3998'
Method 'SystemVoidSystemCollectionsGenericEqualityComparer1CosmosSystemFileSystemDiskcctor', ID = '4000'
Method 'SystemVoidSystemSZGenericArrayEnumerator1CosmosHALPCIDevicecctor', ID = '4002'
Method 'SystemVoidSystemSZGenericArrayEnumerator1CosmosHALPCIDeviceDispose', ID = '4003'
Method 'SystemBooleanSystemSZGenericArrayEnumerator1CosmosHALPCIDeviceMoveNext', ID = '4004'
Method 'SystemBooleanSystemRuntimeCompilerServicesRuntimeHelpersIsBitwiseEquatableCosmosHALPCIDevice', ID = '4005'
Method 'SystemInt32InternalRuntimeCompilerServicesUnsafeSizeOfCosmosHALPCIDevice', ID = '4006'
Method 'SystemByteInternalRuntimeCompilerServicesUnsafeAsCosmosHALPCIDeviceSystemByteCosmosHALPCIDevice', ID = '4007'
Method 'SystemCharInternalRuntimeCompilerServicesUnsafeAsCosmosHALPCIDeviceSystemCharCosmosHALPCIDevice', ID = '4008'
Method 'SystemInt32InternalRuntimeCompilerServicesUnsafeAsCosmosHALPCIDeviceSystemInt32CosmosHALPCIDevice', ID = '4009'
Method 'SystemInt64InternalRuntimeCompilerServicesUnsafeAsCosmosHALPCIDeviceSystemInt64CosmosHALPCIDevice', ID = '4010'
Method 'SystemCollectionsGenericEqualityComparer1CosmosHALPCIDeviceSystemCollectionsGenericEqualityComparer1CosmosHALPCIDeviceget_Default', ID = '4011'
Method 'SystemInt32SystemCollectionsGenericEqualityComparer1CosmosHALPCIDeviceIndexOfCosmosHALPCIDevicearrayCosmosHALPCIDeviceSystemInt32SystemInt32', ID = '4012'
Method 'SystemVoidCosmosIL2CPUSZArrayImpl1GetEnumeratord__0CosmosHALPCIDevicectorSystemInt32', ID = '4013'
Method 'SystemVoidSystemCollectionsGenericList1CosmosHALPCIDeviceset_CapacitySystemInt32', ID = '4015'
Method 'SystemCollectionsGenericIEnumerator1SystemUInt16SystemSZArrayHelperGetEnumeratorSystemUInt16', ID = '4016'
Method 'SystemVoidSystemSZArrayHelperCopyToSystemUInt16SystemUInt16arraySystemInt32', ID = '4017'
Method 'SystemInt32SystemSZArrayHelperget_CountSystemUInt16', ID = '4018'
Method 'SystemUInt16SystemSZArrayHelperget_ItemSystemUInt16SystemInt32', ID = '4019'
Method 'SystemVoidSystemSZArrayHelperset_ItemSystemUInt16SystemInt32SystemUInt16', ID = '4020'
Method 'SystemVoidSystemSZArrayHelperAddSystemUInt16SystemUInt16', ID = '4021'
Method 'SystemBooleanSystemSZArrayHelperContainsSystemUInt16SystemUInt16', ID = '4022'
Method 'SystemBooleanSystemSZArrayHelperget_IsReadOnlySystemUInt16', ID = '4023'
Method 'SystemVoidSystemSZArrayHelperClearSystemUInt16', ID = '4024'
Method 'SystemInt32SystemSZArrayHelperIndexOfSystemUInt16SystemUInt16', ID = '4025'
Method 'SystemVoidSystemSZArrayHelperInsertSystemUInt16SystemInt32SystemUInt16', ID = '4026'
Method 'SystemBooleanSystemSZArrayHelperRemoveSystemUInt16SystemUInt16', ID = '4027'
Method 'SystemVoidSystemSZArrayHelperRemoveAtSystemUInt16SystemInt32', ID = '4028'
Method 'SystemUInt16CosmosCore_AsmIOPortImplRead16SystemUInt16', ID = '4035'
Method 'SystemUInt16InternalRuntimeCompilerServicesUnsafeAsSystemByteSystemUInt16SystemByte', ID = '4036'
Method 'SystemStringSystemTextUTF8EncodingUTF8EncodingSealedGetStringSystemBytearray', ID = '4037'
Method 'SystemStringSystemTextEncodingGetStringSystemBytearraySystemInt32SystemInt32', ID = '4038'
Method 'SystemVoidSystemThrowHelperThrowArgumentExceptionSystemExceptionResourceSystemExceptionArgument', ID = '4039'
Method 'SystemInt64InternalRuntimeCompilerServicesUnsafeReadUnalignedSystemInt64SystemByte', ID = '4040'
Method 'SystemVoidSystemReadOnlySpan1SystemBytectorSystemBytearray', ID = '4041'
Method 'SystemVoidSystemGuidctorSystemReadOnlySpan1SystemByte', ID = '4042'
Method 'SystemVoidSystemCollectionsGenericList1CosmosHALBlockDeviceGPTGPartInfoAddWithResizeCosmosHALBlockDeviceGPTGPartInfo', ID = '4043'
Method 'SystemCollectionsGenericIEnumerator1CosmosHALBlockDeviceGPTGPartInfoSystemSZArrayHelperGetEnumeratorCosmosHALBlockDeviceGPTGPartInfo', ID = '4044'
Method 'SystemVoidSystemSZArrayHelperCopyToCosmosHALBlockDeviceGPTGPartInfoCosmosHALBlockDeviceGPTGPartInfoarraySystemInt32', ID = '4045'
Method 'SystemInt32SystemSZArrayHelperget_CountCosmosHALBlockDeviceGPTGPartInfo', ID = '4046'
Method 'CosmosHALBlockDeviceGPTGPartInfoSystemSZArrayHelperget_ItemCosmosHALBlockDeviceGPTGPartInfoSystemInt32', ID = '4047'
Method 'SystemVoidSystemSZArrayHelperset_ItemCosmosHALBlockDeviceGPTGPartInfoSystemInt32CosmosHALBlockDeviceGPTGPartInfo', ID = '4048'
Method 'SystemVoidSystemSZArrayHelperAddCosmosHALBlockDeviceGPTGPartInfoCosmosHALBlockDeviceGPTGPartInfo', ID = '4049'
Method 'SystemBooleanSystemSZArrayHelperContainsCosmosHALBlockDeviceGPTGPartInfoCosmosHALBlockDeviceGPTGPartInfo', ID = '4050'
Method 'SystemBooleanSystemSZArrayHelperget_IsReadOnlyCosmosHALBlockDeviceGPTGPartInfo', ID = '4051'
Method 'SystemVoidSystemSZArrayHelperClearCosmosHALBlockDeviceGPTGPartInfo', ID = '4052'
Method 'SystemInt32SystemSZArrayHelperIndexOfCosmosHALBlockDeviceGPTGPartInfoCosmosHALBlockDeviceGPTGPartInfo', ID = '4053'
Method 'SystemVoidSystemSZArrayHelperInsertCosmosHALBlockDeviceGPTGPartInfoSystemInt32CosmosHALBlockDeviceGPTGPartInfo', ID = '4054'
Method 'SystemBooleanSystemSZArrayHelperRemoveCosmosHALBlockDeviceGPTGPartInfoCosmosHALBlockDeviceGPTGPartInfo', ID = '4055'
Method 'SystemVoidSystemSZArrayHelperRemoveAtCosmosHALBlockDeviceGPTGPartInfoSystemInt32', ID = '4056'
Method 'SystemVoidSystemCollectionsGenericList1CosmosHALBlockDeviceMBRPartInfoAddWithResizeCosmosHALBlockDeviceMBRPartInfo', ID = '4058'
Method 'SystemCollectionsGenericIEnumerator1CosmosHALBlockDeviceMBRPartInfoSystemSZArrayHelperGetEnumeratorCosmosHALBlockDeviceMBRPartInfo', ID = '4059'
Method 'SystemVoidSystemSZArrayHelperCopyToCosmosHALBlockDeviceMBRPartInfoCosmosHALBlockDeviceMBRPartInfoarraySystemInt32', ID = '4060'
Method 'SystemInt32SystemSZArrayHelperget_CountCosmosHALBlockDeviceMBRPartInfo', ID = '4061'
Method 'CosmosHALBlockDeviceMBRPartInfoSystemSZArrayHelperget_ItemCosmosHALBlockDeviceMBRPartInfoSystemInt32', ID = '4062'
Method 'SystemVoidSystemSZArrayHelperset_ItemCosmosHALBlockDeviceMBRPartInfoSystemInt32CosmosHALBlockDeviceMBRPartInfo', ID = '4063'
Method 'SystemVoidSystemSZArrayHelperAddCosmosHALBlockDeviceMBRPartInfoCosmosHALBlockDeviceMBRPartInfo', ID = '4064'
Method 'SystemBooleanSystemSZArrayHelperContainsCosmosHALBlockDeviceMBRPartInfoCosmosHALBlockDeviceMBRPartInfo', ID = '4065'
Method 'SystemBooleanSystemSZArrayHelperget_IsReadOnlyCosmosHALBlockDeviceMBRPartInfo', ID = '4066'
Method 'SystemVoidSystemSZArrayHelperClearCosmosHALBlockDeviceMBRPartInfo', ID = '4067'
Method 'SystemInt32SystemSZArrayHelperIndexOfCosmosHALBlockDeviceMBRPartInfoCosmosHALBlockDeviceMBRPartInfo', ID = '4068'
Method 'SystemVoidSystemSZArrayHelperInsertCosmosHALBlockDeviceMBRPartInfoSystemInt32CosmosHALBlockDeviceMBRPartInfo', ID = '4069'
Method 'SystemBooleanSystemSZArrayHelperRemoveCosmosHALBlockDeviceMBRPartInfoCosmosHALBlockDeviceMBRPartInfo', ID = '4070'
Method 'SystemVoidSystemSZArrayHelperRemoveAtCosmosHALBlockDeviceMBRPartInfoSystemInt32', ID = '4071'
Method 'SystemUInt16SystemBitConverterToUInt16SystemBytearraySystemInt32', ID = '4074'
Method 'SystemVoidSystemCollectionsGenericList1CosmosHALBlockDeviceEBRPartInfoAddWithResizeCosmosHALBlockDeviceEBRPartInfo', ID = '4076'
Method 'SystemCollectionsGenericIEnumerator1CosmosHALBlockDeviceEBRPartInfoSystemSZArrayHelperGetEnumeratorCosmosHALBlockDeviceEBRPartInfo', ID = '4077'
Method 'SystemVoidSystemSZArrayHelperCopyToCosmosHALBlockDeviceEBRPartInfoCosmosHALBlockDeviceEBRPartInfoarraySystemInt32', ID = '4078'
Method 'SystemInt32SystemSZArrayHelperget_CountCosmosHALBlockDeviceEBRPartInfo', ID = '4079'
Method 'CosmosHALBlockDeviceEBRPartInfoSystemSZArrayHelperget_ItemCosmosHALBlockDeviceEBRPartInfoSystemInt32', ID = '4080'
Method 'SystemVoidSystemSZArrayHelperset_ItemCosmosHALBlockDeviceEBRPartInfoSystemInt32CosmosHALBlockDeviceEBRPartInfo', ID = '4081'
Method 'SystemVoidSystemSZArrayHelperAddCosmosHALBlockDeviceEBRPartInfoCosmosHALBlockDeviceEBRPartInfo', ID = '4082'
Method 'SystemBooleanSystemSZArrayHelperContainsCosmosHALBlockDeviceEBRPartInfoCosmosHALBlockDeviceEBRPartInfo', ID = '4083'
Method 'SystemBooleanSystemSZArrayHelperget_IsReadOnlyCosmosHALBlockDeviceEBRPartInfo', ID = '4084'
Method 'SystemVoidSystemSZArrayHelperClearCosmosHALBlockDeviceEBRPartInfo', ID = '4085'
Method 'SystemInt32SystemSZArrayHelperIndexOfCosmosHALBlockDeviceEBRPartInfoCosmosHALBlockDeviceEBRPartInfo', ID = '4086'
Method 'SystemVoidSystemSZArrayHelperInsertCosmosHALBlockDeviceEBRPartInfoSystemInt32CosmosHALBlockDeviceEBRPartInfo', ID = '4087'
Method 'SystemBooleanSystemSZArrayHelperRemoveCosmosHALBlockDeviceEBRPartInfoCosmosHALBlockDeviceEBRPartInfo', ID = '4088'
Method 'SystemVoidSystemSZArrayHelperRemoveAtCosmosHALBlockDeviceEBRPartInfoSystemInt32', ID = '4089'
Method 'SystemVoidSystemSZGenericArrayEnumerator1CosmosHALBlockDeviceBlockDevicecctor', ID = '4091'
Method 'SystemVoidSystemSZGenericArrayEnumerator1CosmosHALBlockDeviceBlockDeviceDispose', ID = '4092'
Method 'SystemBooleanSystemSZGenericArrayEnumerator1CosmosHALBlockDeviceBlockDeviceMoveNext', ID = '4093'
Method 'SystemBooleanSystemRuntimeCompilerServicesRuntimeHelpersIsBitwiseEquatableCosmosHALBlockDeviceBlockDevice', ID = '4094'
Method 'SystemInt32InternalRuntimeCompilerServicesUnsafeSizeOfCosmosHALBlockDeviceBlockDevice', ID = '4095'
Method 'SystemByteInternalRuntimeCompilerServicesUnsafeAsCosmosHALBlockDeviceBlockDeviceSystemByteCosmosHALBlockDeviceBlockDevice', ID = '4096'
Method 'SystemCharInternalRuntimeCompilerServicesUnsafeAsCosmosHALBlockDeviceBlockDeviceSystemCharCosmosHALBlockDeviceBlockDevice', ID = '4097'
Method 'SystemInt32InternalRuntimeCompilerServicesUnsafeAsCosmosHALBlockDeviceBlockDeviceSystemInt32CosmosHALBlockDeviceBlockDevice', ID = '4098'
Method 'SystemInt64InternalRuntimeCompilerServicesUnsafeAsCosmosHALBlockDeviceBlockDeviceSystemInt64CosmosHALBlockDeviceBlockDevice', ID = '4099'
Method 'SystemCollectionsGenericEqualityComparer1CosmosHALBlockDeviceBlockDeviceSystemCollectionsGenericEqualityComparer1CosmosHALBlockDeviceBlockDeviceget_Default', ID = '4100'
Method 'SystemInt32SystemCollectionsGenericEqualityComparer1CosmosHALBlockDeviceBlockDeviceIndexOfCosmosHALBlockDeviceBlockDevicearrayCosmosHALBlockDeviceBlockDeviceSystemInt32SystemInt32', ID = '4101'
Method 'SystemVoidCosmosIL2CPUSZArrayImpl1GetEnumeratord__0CosmosHALBlockDeviceBlockDevicectorSystemInt32', ID = '4102'
Method 'SystemVoidSystemSZGenericArrayEnumerator1CosmosHALBlockDevicePartitioncctor', ID = '4104'
Method 'SystemVoidSystemSZGenericArrayEnumerator1CosmosHALBlockDevicePartitionDispose', ID = '4105'
Method 'SystemBooleanSystemSZGenericArrayEnumerator1CosmosHALBlockDevicePartitionMoveNext', ID = '4106'
Method 'SystemBooleanSystemRuntimeCompilerServicesRuntimeHelpersIsBitwiseEquatableCosmosHALBlockDevicePartition', ID = '4107'
Method 'SystemInt32InternalRuntimeCompilerServicesUnsafeSizeOfCosmosHALBlockDevicePartition', ID = '4108'
Method 'SystemByteInternalRuntimeCompilerServicesUnsafeAsCosmosHALBlockDevicePartitionSystemByteCosmosHALBlockDevicePartition', ID = '4109'
Method 'SystemCharInternalRuntimeCompilerServicesUnsafeAsCosmosHALBlockDevicePartitionSystemCharCosmosHALBlockDevicePartition', ID = '4110'
Method 'SystemInt32InternalRuntimeCompilerServicesUnsafeAsCosmosHALBlockDevicePartitionSystemInt32CosmosHALBlockDevicePartition', ID = '4111'
Method 'SystemInt64InternalRuntimeCompilerServicesUnsafeAsCosmosHALBlockDevicePartitionSystemInt64CosmosHALBlockDevicePartition', ID = '4112'
Method 'SystemCollectionsGenericEqualityComparer1CosmosHALBlockDevicePartitionSystemCollectionsGenericEqualityComparer1CosmosHALBlockDevicePartitionget_Default', ID = '4113'
Method 'SystemInt32SystemCollectionsGenericEqualityComparer1CosmosHALBlockDevicePartitionIndexOfCosmosHALBlockDevicePartitionarrayCosmosHALBlockDevicePartitionSystemInt32SystemInt32', ID = '4114'
Method 'SystemVoidCosmosIL2CPUSZArrayImpl1GetEnumeratord__0CosmosHALBlockDevicePartitionctorSystemInt32', ID = '4115'
Method 'CosmosHALBlockDevicePortsStoragePortarrayInternalRuntimeCompilerServicesUnsafeAsCosmosHALBlockDevicePortsStoragePortarraySystemObject', ID = '4117'
Method 'SystemVoidSystemSZGenericArrayEnumerator1CosmosHALBlockDevicePortsStoragePortctorCosmosHALBlockDevicePortsStoragePortarray', ID = '4118'
Method 'SystemInt32SystemArrayIndexOfCosmosHALBlockDevicePortsStoragePortCosmosHALBlockDevicePortsStoragePortarrayCosmosHALBlockDevicePortsStoragePortSystemInt32SystemInt32', ID = '4121'
Method 'SystemCollectionsGenericIEnumerator1CosmosHALBlockDevicePortsStoragePortCosmosIL2CPUSZArrayImpl1CosmosHALBlockDevicePortsStoragePortGetEnumerator', ID = '4122'
Method 'SystemVoidCosmosIL2CPUSZArrayImpl1CosmosHALBlockDevicePortsStoragePortCopyToCosmosHALBlockDevicePortsStoragePortarraySystemInt32', ID = '4123'
Method 'SystemInt32CosmosIL2CPUSZArrayImpl1CosmosHALBlockDevicePortsStoragePortget_Count', ID = '4124'
Method 'CosmosHALBlockDevicePortsStoragePortCosmosIL2CPUSZArrayImpl1CosmosHALBlockDevicePortsStoragePortget_ItemSystemInt32', ID = '4125'
Method 'SystemVoidCosmosIL2CPUSZArrayImpl1CosmosHALBlockDevicePortsStoragePortset_ItemSystemInt32CosmosHALBlockDevicePortsStoragePort', ID = '4126'
Method 'SystemVoidCosmosIL2CPUSZArrayImpl1CosmosHALBlockDevicePortsStoragePortAddCosmosHALBlockDevicePortsStoragePort', ID = '4127'
Method 'SystemBooleanCosmosIL2CPUSZArrayImpl1CosmosHALBlockDevicePortsStoragePortContainsCosmosHALBlockDevicePortsStoragePort', ID = '4128'
Method 'SystemBooleanCosmosIL2CPUSZArrayImpl1CosmosHALBlockDevicePortsStoragePortget_IsReadOnly', ID = '4129'
Method 'SystemVoidCosmosIL2CPUSZArrayImpl1CosmosHALBlockDevicePortsStoragePortClear', ID = '4130'
Method 'SystemInt32CosmosIL2CPUSZArrayImpl1CosmosHALBlockDevicePortsStoragePortIndexOfCosmosHALBlockDevicePortsStoragePort', ID = '4131'
Method 'SystemVoidCosmosIL2CPUSZArrayImpl1CosmosHALBlockDevicePortsStoragePortInsertSystemInt32CosmosHALBlockDevicePortsStoragePort', ID = '4132'
Method 'SystemVoidCosmosIL2CPUSZArrayImpl1CosmosHALBlockDevicePortsStoragePortRemoveAtSystemInt32', ID = '4133'
Method 'SystemBooleanCosmosIL2CPUSZArrayImpl1CosmosHALBlockDevicePortsStoragePortget_IsFixedSize', ID = '4134'
Method 'SystemVoidCosmosIL2CPUSZArrayImpl1CosmosHALBlockDevicePortsStoragePortRemoveCosmosHALBlockDevicePortsStoragePort', ID = '4135'
Method 'SystemObjectCosmosIL2CPUSZArrayImpl1CosmosHALBlockDevicePortsStoragePortget_SyncRoot', ID = '4136'
Method 'SystemBooleanCosmosIL2CPUSZArrayImpl1CosmosHALBlockDevicePortsStoragePortget_IsSynchronized', ID = '4137'
Method 'SystemBooleanSystemNumericsBitOperationsIsPow2SystemInt32', ID = '4138'
Method 'SystemUInt16InternalRuntimeCompilerServicesUnsafeAsSystemCharSystemUInt16SystemChar', ID = '4139'
Method 'SystemNumericsVector1SystemByteSystemNumericsVector1SystemUInt16op_ExplicitSystemNumericsVector1SystemUInt16', ID = '4140'
Method 'SystemUInt32InternalRuntimeCompilerServicesUnsafeAsSystemCharSystemUInt32SystemChar', ID = '4141'
Method 'SystemVoidSystemNumericsVector1SystemUInt32ctorSystemUInt32', ID = '4142'
Method 'SystemNumericsVector1SystemByteSystemNumericsVector1SystemUInt32op_ExplicitSystemNumericsVector1SystemUInt32', ID = '4143'
Method 'SystemVoidSystemNumericsVector1SystemSinglectorSystemSingle', ID = '4144'
Method 'SystemNumericsVector1SystemByteSystemNumericsVector1SystemSingleop_ExplicitSystemNumericsVector1SystemSingle', ID = '4145'
Method 'SystemUInt64InternalRuntimeCompilerServicesUnsafeAsSystemCharSystemUInt64SystemChar', ID = '4146'
Method 'SystemVoidSystemNumericsVector1SystemUInt64ctorSystemUInt64', ID = '4147'
Method 'SystemNumericsVector1SystemByteSystemNumericsVector1SystemUInt64op_ExplicitSystemNumericsVector1SystemUInt64', ID = '4148'
Method 'SystemVoidSystemNumericsVector1SystemDoublectorSystemDouble', ID = '4149'
Method 'SystemNumericsVector1SystemByteSystemNumericsVector1SystemDoubleop_ExplicitSystemNumericsVector1SystemDouble', ID = '4150'
Method 'SystemRuntimeIntrinsicsVector1281SystemByteInternalRuntimeCompilerServicesUnsafeAsSystemCharSystemRuntimeIntrinsicsVector1281SystemByteSystemChar', ID = '4151'
Method 'SystemNumericsVector1SystemByteSystemRuntimeIntrinsicsVector128AsVectorSystemByteSystemRuntimeIntrinsicsVector1281SystemByte', ID = '4152'
Method 'SystemRuntimeIntrinsicsVector2561SystemByteSystemRuntimeIntrinsicsVector256CreateSystemRuntimeIntrinsicsVector1281SystemByteSystemRuntimeIntrinsicsVector1281SystemByte', ID = '4153'
Method 'SystemNumericsVector1SystemByteSystemRuntimeIntrinsicsVector256AsVectorSystemByteSystemRuntimeIntrinsicsVector2561SystemByte', ID = '4154'
Method 'SystemRuntimeIntrinsicsVector2561SystemByteInternalRuntimeCompilerServicesUnsafeAsSystemCharSystemRuntimeIntrinsicsVector2561SystemByteSystemChar', ID = '4155'
Method 'SystemVoidInternalRuntimeCompilerServicesUnsafeWriteUnalignedSystemNumericsVector1SystemByteSystemByteSystemNumericsVector1SystemByte', ID = '4156'
Method 'SystemVoidCosmosCoreMemoryOperationsFillSystemBytepointerSystemByteSystemInt32', ID = '4157'
Method 'SystemCollectionsGenericIEnumerator1CosmosHALBlockDeviceRegistersHBACommandHeaderSystemSZArrayHelperGetEnumeratorCosmosHALBlockDeviceRegistersHBACommandHeader', ID = '4158'
Method 'SystemVoidSystemSZArrayHelperCopyToCosmosHALBlockDeviceRegistersHBACommandHeaderCosmosHALBlockDeviceRegistersHBACommandHeaderarraySystemInt32', ID = '4159'
Method 'SystemInt32SystemSZArrayHelperget_CountCosmosHALBlockDeviceRegistersHBACommandHeader', ID = '4160'
Method 'CosmosHALBlockDeviceRegistersHBACommandHeaderSystemSZArrayHelperget_ItemCosmosHALBlockDeviceRegistersHBACommandHeaderSystemInt32', ID = '4161'
Method 'SystemVoidSystemSZArrayHelperset_ItemCosmosHALBlockDeviceRegistersHBACommandHeaderSystemInt32CosmosHALBlockDeviceRegistersHBACommandHeader', ID = '4162'
Method 'SystemVoidSystemSZArrayHelperAddCosmosHALBlockDeviceRegistersHBACommandHeaderCosmosHALBlockDeviceRegistersHBACommandHeader', ID = '4163'
Method 'SystemBooleanSystemSZArrayHelperContainsCosmosHALBlockDeviceRegistersHBACommandHeaderCosmosHALBlockDeviceRegistersHBACommandHeader', ID = '4164'
Method 'SystemBooleanSystemSZArrayHelperget_IsReadOnlyCosmosHALBlockDeviceRegistersHBACommandHeader', ID = '4165'
Method 'SystemVoidSystemSZArrayHelperClearCosmosHALBlockDeviceRegistersHBACommandHeader', ID = '4166'
Method 'SystemInt32SystemSZArrayHelperIndexOfCosmosHALBlockDeviceRegistersHBACommandHeaderCosmosHALBlockDeviceRegistersHBACommandHeader', ID = '4167'
Method 'SystemVoidSystemSZArrayHelperInsertCosmosHALBlockDeviceRegistersHBACommandHeaderSystemInt32CosmosHALBlockDeviceRegistersHBACommandHeader', ID = '4168'
Method 'SystemBooleanSystemSZArrayHelperRemoveCosmosHALBlockDeviceRegistersHBACommandHeaderCosmosHALBlockDeviceRegistersHBACommandHeader', ID = '4169'
Method 'SystemVoidSystemSZArrayHelperRemoveAtCosmosHALBlockDeviceRegistersHBACommandHeaderSystemInt32', ID = '4170'
Method 'SystemVoidCosmosCoreMemoryBlock16set_ItemSystemUInt32SystemUInt16', ID = '4177'
Method 'SystemVoidCosmosHALBlockDevicePortsSATASendSATA48CommandCosmosHALBlockDeviceRegistersATACommandsSystemUInt64SystemUInt32', ID = '4178'
Method 'SystemVoidCosmosCoreMemoryBlockRead8SystemBytearray', ID = '4179'
Method 'SystemUInt32CosmosHALBlockDeviceRegistersPortRegistersget_SACT', ID = '4180'
Method 'SystemByteCosmosCoreMemoryBlock08get_ItemSystemUInt32', ID = '4181'
Method 'SystemUInt16CosmosCoreMemoryBlock16get_ItemSystemUInt32', ID = '4182'
Method 'SystemVoidCosmosHALBlockDeviceRegistersHBAPRDTEntryctorSystemUInt32SystemUInt32', ID = '4184'
Method 'SystemVoidCosmosCore_PlugsSystemBuffersArrayPoolImpl1SystemCharcctor', ID = '4187'
Method 'SystemVoidSystemMathcctor', ID = '4188'
Method 'SystemVoidSystemArrayTypeMismatchExceptionctor', ID = '4189'
Method 'SystemStringSystemPrivateCoreLibSystemSRget_Argument_DestinationTooShort', ID = '4190'
Method 'SystemVoidSystemMathThrowMinMaxExceptionSystemUInt32SystemUInt32SystemUInt32', ID = '4191'
Method 'SystemVoidSystemRuntimeCompilerServicesDefaultInterpolatedStringHandlerAppendCustomFormatterSystemInt32SystemInt32SystemString', ID = '4192'
Method 'SystemStringSystemGlobalizationNumberFormatInfoget_NegativeSign', ID = '4194'
Method 'SystemBooleanSystemNumberTryNegativeInt32ToDecStrSystemInt32SystemInt32SystemStringSystemSpan1SystemCharSystemInt32', ID = '4195'
Method 'SystemBooleanSystemNumberTryUInt32ToDecStrSystemUInt32SystemInt32SystemSpan1SystemCharSystemInt32', ID = '4196'
Method 'SystemBooleanSystemNumberTryFormatInt32g__TryFormatInt32SlowsLine41_0SystemInt32SystemInt32SystemReadOnlySpan1SystemCharSystemIFormatProviderSystemSpan1SystemCharSystemInt32', ID = '4197'
Method 'SystemBooleanSystemNumberTryFormatUInt32g__TryFormatUInt32SlowsLine43_0SystemUInt32SystemReadOnlySpan1SystemCharSystemIFormatProviderSystemSpan1SystemCharSystemInt32', ID = '4198'
Method 'SystemGlobalizationNumberFormatInfoSystemGlobalizationNumberFormatInfoGetInstanceg__GetProviderNonNullsLine45_0SystemIFormatProvider', ID = '4200'
Method 'SystemGlobalizationNumberFormatInfoSystemGlobalizationNumberFormatInfoget_CurrentInfo', ID = '4201'
Method 'SystemStringSystemNumberFormatDoubleSystemTextValueStringBuilderSystemDoubleSystemReadOnlySpan1SystemCharSystemGlobalizationNumberFormatInfo', ID = '4202'
Method 'SystemBooleanSystemTextValueStringBuilderTryCopyToSystemSpan1SystemCharSystemInt32', ID = '4203'
Method 'SystemBooleanSystemNumberTryCopyToSystemStringSystemSpan1SystemCharSystemInt32', ID = '4204'
Method 'SystemBooleanSystemNumberTryUInt64ToDecStrSystemUInt64SystemInt32SystemSpan1SystemCharSystemInt32', ID = '4205'
Method 'SystemBooleanSystemNumberTryFormatUInt64g__TryFormatUInt64SlowsLine47_0SystemUInt64SystemReadOnlySpan1SystemCharSystemIFormatProviderSystemSpan1SystemCharSystemInt32', ID = '4206'
Method 'SystemBooleanSystemNumberTryNegativeInt64ToDecStrSystemInt64SystemInt32SystemStringSystemSpan1SystemCharSystemInt32', ID = '4207'
Method 'SystemBooleanSystemNumberTryFormatInt64g__TryFormatInt64SlowsLine45_0SystemInt64SystemReadOnlySpan1SystemCharSystemIFormatProviderSystemSpan1SystemCharSystemInt32', ID = '4208'
Method 'SystemInt32SystemGuidHexsToCharsSystemCharpointerSystemInt32SystemInt32', ID = '4209'
Method 'SystemInt32SystemGuidHexsToCharsHexOutputSystemCharpointerSystemInt32SystemInt32', ID = '4210'
Method 'SystemStringSystemNumberFormatSingleSystemTextValueStringBuilderSystemSingleSystemReadOnlySpan1SystemCharSystemGlobalizationNumberFormatInfo', ID = '4211'
Method 'SystemStringCosmosSystem_PlugsSystemInt32ImplToStringSystemString', ID = '4212'
Method 'SystemStringSystemNumberUInt64ToDecStrSystemUInt64SystemInt32', ID = '4213'
Method 'SystemStringSystemNumberFormatUInt64g__FormatUInt64SlowsLine46_0SystemUInt64SystemStringSystemIFormatProvider', ID = '4214'
Method 'SystemStringCosmosSystem_PlugsSystemEnumImplToStringSystemString', ID = '4215'
Method 'SystemTextStringBuilderSystemTextStringBuilderAppendSystemCharSystemInt32', ID = '4217'
Method 'SystemVoidSystemTextStringBuilderAppendHelperSystemString', ID = '4218'
Method 'SystemVoidCosmosIL2CPUSZArrayImpl1GetEnumeratord__0CosmosHALPCIBaseAddressBarSystemIDisposableDispose', ID = '4230'
Method 'SystemBooleanCosmosIL2CPUSZArrayImpl1GetEnumeratord__0CosmosHALPCIBaseAddressBarMoveNext', ID = '4231'
Method 'SystemVoidCosmosIL2CPUSZArrayImpl1GetEnumeratord__0SystemStringSystemIDisposableDispose', ID = '4232'
Method 'SystemBooleanCosmosIL2CPUSZArrayImpl1GetEnumeratord__0SystemStringMoveNext', ID = '4233'
Method 'CosmosCoreManagedMemoryBlockarrayInternalRuntimeCompilerServicesUnsafeAsCosmosCoreManagedMemoryBlockarraySystemObject', ID = '4235'
Method 'SystemVoidSystemSZGenericArrayEnumerator1CosmosCoreManagedMemoryBlockctorCosmosCoreManagedMemoryBlockarray', ID = '4236'
Method 'SystemInt32SystemArrayIndexOfCosmosCoreManagedMemoryBlockCosmosCoreManagedMemoryBlockarrayCosmosCoreManagedMemoryBlockSystemInt32SystemInt32', ID = '4239'
Method 'SystemCollectionsGenericIEnumerator1CosmosCoreManagedMemoryBlockCosmosIL2CPUSZArrayImpl1CosmosCoreManagedMemoryBlockGetEnumerator', ID = '4240'
Method 'SystemVoidCosmosIL2CPUSZArrayImpl1CosmosCoreManagedMemoryBlockCopyToCosmosCoreManagedMemoryBlockarraySystemInt32', ID = '4241'
Method 'SystemInt32CosmosIL2CPUSZArrayImpl1CosmosCoreManagedMemoryBlockget_Count', ID = '4242'
Method 'CosmosCoreManagedMemoryBlockCosmosIL2CPUSZArrayImpl1CosmosCoreManagedMemoryBlockget_ItemSystemInt32', ID = '4243'
Method 'SystemVoidCosmosIL2CPUSZArrayImpl1CosmosCoreManagedMemoryBlockset_ItemSystemInt32CosmosCoreManagedMemoryBlock', ID = '4244'
Method 'SystemVoidCosmosIL2CPUSZArrayImpl1CosmosCoreManagedMemoryBlockAddCosmosCoreManagedMemoryBlock', ID = '4245'
Method 'SystemBooleanCosmosIL2CPUSZArrayImpl1CosmosCoreManagedMemoryBlockContainsCosmosCoreManagedMemoryBlock', ID = '4246'
Method 'SystemBooleanCosmosIL2CPUSZArrayImpl1CosmosCoreManagedMemoryBlockget_IsReadOnly', ID = '4247'
Method 'SystemVoidCosmosIL2CPUSZArrayImpl1CosmosCoreManagedMemoryBlockClear', ID = '4248'
Method 'SystemInt32CosmosIL2CPUSZArrayImpl1CosmosCoreManagedMemoryBlockIndexOfCosmosCoreManagedMemoryBlock', ID = '4249'
Method 'SystemVoidCosmosIL2CPUSZArrayImpl1CosmosCoreManagedMemoryBlockInsertSystemInt32CosmosCoreManagedMemoryBlock', ID = '4250'
Method 'SystemVoidCosmosIL2CPUSZArrayImpl1CosmosCoreManagedMemoryBlockRemoveAtSystemInt32', ID = '4251'
Method 'SystemBooleanCosmosIL2CPUSZArrayImpl1CosmosCoreManagedMemoryBlockget_IsFixedSize', ID = '4252'
Method 'SystemVoidCosmosIL2CPUSZArrayImpl1CosmosCoreManagedMemoryBlockRemoveCosmosCoreManagedMemoryBlock', ID = '4253'
Method 'SystemObjectCosmosIL2CPUSZArrayImpl1CosmosCoreManagedMemoryBlockget_SyncRoot', ID = '4254'
Method 'SystemBooleanCosmosIL2CPUSZArrayImpl1CosmosCoreManagedMemoryBlockget_IsSynchronized', ID = '4255'
Method 'SystemBytearrayarrayInternalRuntimeCompilerServicesUnsafeAsSystemBytearrayarraySystemObject', ID = '4257'
Method 'SystemVoidSystemSZGenericArrayEnumerator1SystemBytearrayctorSystemBytearrayarray', ID = '4258'
Method 'SystemInt32SystemArrayIndexOfSystemBytearraySystemBytearrayarraySystemBytearraySystemInt32SystemInt32', ID = '4261'
Method 'SystemCollectionsGenericIEnumerator1SystemBytearrayCosmosIL2CPUSZArrayImpl1SystemBytearrayGetEnumerator', ID = '4262'
Method 'SystemVoidCosmosIL2CPUSZArrayImpl1SystemBytearrayCopyToSystemBytearrayarraySystemInt32', ID = '4263'
Method 'SystemInt32CosmosIL2CPUSZArrayImpl1SystemBytearrayget_Count', ID = '4264'
Method 'SystemBytearrayCosmosIL2CPUSZArrayImpl1SystemBytearrayget_ItemSystemInt32', ID = '4265'
Method 'SystemVoidCosmosIL2CPUSZArrayImpl1SystemBytearrayset_ItemSystemInt32SystemBytearray', ID = '4266'
Method 'SystemVoidCosmosIL2CPUSZArrayImpl1SystemBytearrayAddSystemBytearray', ID = '4267'
Method 'SystemBooleanCosmosIL2CPUSZArrayImpl1SystemBytearrayContainsSystemBytearray', ID = '4268'
Method 'SystemBooleanCosmosIL2CPUSZArrayImpl1SystemBytearrayget_IsReadOnly', ID = '4269'
Method 'SystemVoidCosmosIL2CPUSZArrayImpl1SystemBytearrayClear', ID = '4270'
Method 'SystemInt32CosmosIL2CPUSZArrayImpl1SystemBytearrayIndexOfSystemBytearray', ID = '4271'
Method 'SystemVoidCosmosIL2CPUSZArrayImpl1SystemBytearrayInsertSystemInt32SystemBytearray', ID = '4272'
Method 'SystemVoidCosmosIL2CPUSZArrayImpl1SystemBytearrayRemoveAtSystemInt32', ID = '4273'
Method 'SystemBooleanCosmosIL2CPUSZArrayImpl1SystemBytearrayget_IsFixedSize', ID = '4274'
Method 'SystemVoidCosmosIL2CPUSZArrayImpl1SystemBytearrayRemoveSystemBytearray', ID = '4275'
Method 'SystemObjectCosmosIL2CPUSZArrayImpl1SystemBytearrayget_SyncRoot', ID = '4276'
Method 'SystemBooleanCosmosIL2CPUSZArrayImpl1SystemBytearrayget_IsSynchronized', ID = '4277'
Method 'SystemVoidSystemCollectionsGenericList1CosmosHALNetworkDeviceset_CapacitySystemInt32', ID = '4278'
Method 'SystemVoidSystemCollectionsGenericQueue1SystemBytearraySetCapacitySystemInt32', ID = '4279'
Method 'SystemStringSystemReflectionAssemblyCreateQualifiedNameSystemStringSystemString', ID = '4282'
Method 'SystemByteCosmosHALDriversPCINetworkRTL8139get_Config1Register', ID = '4283'
Method 'SystemVoidSystemSZGenericArrayEnumerator1CosmosHALNetworkDevicecctor', ID = '4284'
Method 'SystemVoidSystemSZGenericArrayEnumerator1CosmosHALNetworkDeviceDispose', ID = '4285'
Method 'SystemBooleanSystemSZGenericArrayEnumerator1CosmosHALNetworkDeviceMoveNext', ID = '4286'
Method 'SystemBooleanSystemRuntimeCompilerServicesRuntimeHelpersIsBitwiseEquatableCosmosHALNetworkDevice', ID = '4287'
Method 'SystemInt32InternalRuntimeCompilerServicesUnsafeSizeOfCosmosHALNetworkDevice', ID = '4288'
Method 'SystemByteInternalRuntimeCompilerServicesUnsafeAsCosmosHALNetworkDeviceSystemByteCosmosHALNetworkDevice', ID = '4289'
Method 'SystemCharInternalRuntimeCompilerServicesUnsafeAsCosmosHALNetworkDeviceSystemCharCosmosHALNetworkDevice', ID = '4290'
Method 'SystemInt32InternalRuntimeCompilerServicesUnsafeAsCosmosHALNetworkDeviceSystemInt32CosmosHALNetworkDevice', ID = '4291'
Method 'SystemInt64InternalRuntimeCompilerServicesUnsafeAsCosmosHALNetworkDeviceSystemInt64CosmosHALNetworkDevice', ID = '4292'
Method 'SystemCollectionsGenericEqualityComparer1CosmosHALNetworkDeviceSystemCollectionsGenericEqualityComparer1CosmosHALNetworkDeviceget_Default', ID = '4293'
Method 'SystemInt32SystemCollectionsGenericEqualityComparer1CosmosHALNetworkDeviceIndexOfCosmosHALNetworkDevicearrayCosmosHALNetworkDeviceSystemInt32SystemInt32', ID = '4294'
Method 'SystemVoidCosmosIL2CPUSZArrayImpl1GetEnumeratord__0CosmosHALNetworkDevicectorSystemInt32', ID = '4295'
Method 'SystemVoidCosmosIL2CPUSZArrayImpl1GetEnumeratord__0SystemCollectionsGenericDictionary2EntrySystemUInt32CosmosHALNetworkDeviceSystemIDisposableDispose', ID = '4301'
Method 'SystemBooleanCosmosIL2CPUSZArrayImpl1GetEnumeratord__0SystemCollectionsGenericDictionary2EntrySystemUInt32CosmosHALNetworkDeviceMoveNext', ID = '4302'
Method 'SystemVoidSystemSZGenericArrayEnumerator1SystemCollectionsGenericKeyValuePair2SystemUInt32CosmosHALNetworkDevicecctor', ID = '4303'
Method 'SystemVoidSystemSZGenericArrayEnumerator1SystemCollectionsGenericKeyValuePair2SystemUInt32CosmosHALNetworkDeviceDispose', ID = '4304'
Method 'SystemBooleanSystemSZGenericArrayEnumerator1SystemCollectionsGenericKeyValuePair2SystemUInt32CosmosHALNetworkDeviceMoveNext', ID = '4305'
Method 'SystemStringSystemCollectionsGenericKeyValuePair2SystemUInt32CosmosHALNetworkDeviceToString', ID = '4306'
Method 'SystemBooleanSystemRuntimeCompilerServicesRuntimeHelpersIsBitwiseEquatableSystemCollectionsGenericKeyValuePair2SystemUInt32CosmosHALNetworkDevice', ID = '4307'
Method 'SystemInt32InternalRuntimeCompilerServicesUnsafeSizeOfSystemCollectionsGenericKeyValuePair2SystemUInt32CosmosHALNetworkDevice', ID = '4308'
Method 'SystemByteInternalRuntimeCompilerServicesUnsafeAsSystemCollectionsGenericKeyValuePair2SystemUInt32CosmosHALNetworkDeviceSystemByteSystemCollectionsGenericKeyValuePair2SA1DF097FC1C175168C28CAAC542F126F', ID = '4309'
Method 'SystemCharInternalRuntimeCompilerServicesUnsafeAsSystemCollectionsGenericKeyValuePair2SystemUInt32CosmosHALNetworkDeviceSystemCharSystemCollectionsGenericKeyValuePair2S760DCC5F3F01B3DCDE6D993C5B0EE7EE', ID = '4310'
Method 'SystemInt32InternalRuntimeCompilerServicesUnsafeAsSystemCollectionsGenericKeyValuePair2SystemUInt32CosmosHALNetworkDeviceSystemInt32SystemCollectionsGenericKeyValuePair198AAED7B8853634CFE2D16EBFE82D0B', ID = '4311'
Method 'SystemInt64InternalRuntimeCompilerServicesUnsafeAsSystemCollectionsGenericKeyValuePair2SystemUInt32CosmosHALNetworkDeviceSystemInt64SystemCollectionsGenericKeyValuePair91B9753D1D6F83B8CDD6A75D31C934F8', ID = '4312'
Method 'SystemCollectionsGenericEqualityComparer1SystemCollectionsGenericKeyValuePair2SystemUInt32CosmosHALNetworkDeviceSystemCollectionsGenericEqualityComparer1SystemCollectio5120DE966ED42F4859301EF16A9C0D65', ID = '4313'
Method 'SystemInt32SystemCollectionsGenericEqualityComparer1SystemCollectionsGenericKeyValuePair2SystemUInt32CosmosHALNetworkDeviceIndexOfSystemCollectionsGenericKeyValuePair2S828045C2AFF7B809CA07003AF5F02F33', ID = '4314'
Method 'SystemVoidCosmosIL2CPUSZArrayImpl1GetEnumeratord__0SystemCollectionsGenericKeyValuePair2SystemUInt32CosmosHALNetworkDevicectorSystemInt32', ID = '4315'
Method 'SystemVoidCosmosCore_AsmRuntimeHelpersImplInitializeArraySystemArraySystemRuntimeFieldHandle', ID = '4318'
Method 'SystemDoubleCosmosSystem_PlugsSystemMathImplSqrtSystemDouble', ID = '4319'
Method 'SystemVoidCosmosCore_PlugsSystemRuntimeTypeImplCCtor', ID = '4320'
Method 'SystemStringSystemRuntimeTypeGetCachedNameSystemTypeNameKind', ID = '4321'
Method 'SystemStringCosmosCore_PlugsSystemRuntimeTypeImplget_Name', ID = '4322'
Method 'SystemVoidSystemCollectionsGenericNonRandomizedStringEqualityComparerctorSystemCollectionsGenericIEqualityComparer1SystemString', ID = '4324'
Method 'SystemVoidSystemOrdinalCaseSensitiveComparerctor', ID = '4326'
Method 'SystemVoidSystemOrdinalIgnoreCaseComparerctor', ID = '4327'
Method 'SystemCollectionsGenericIEnumerator1CosmosHALKeyboardBaseSystemSZArrayHelperGetEnumeratorCosmosHALKeyboardBase', ID = '4328'
Method 'SystemVoidSystemSZArrayHelperCopyToCosmosHALKeyboardBaseCosmosHALKeyboardBasearraySystemInt32', ID = '4329'
Method 'SystemInt32SystemSZArrayHelperget_CountCosmosHALKeyboardBase', ID = '4330'
Method 'CosmosHALKeyboardBaseSystemSZArrayHelperget_ItemCosmosHALKeyboardBaseSystemInt32', ID = '4331'
Method 'SystemVoidSystemSZArrayHelperset_ItemCosmosHALKeyboardBaseSystemInt32CosmosHALKeyboardBase', ID = '4332'
Method 'SystemVoidSystemSZArrayHelperAddCosmosHALKeyboardBaseCosmosHALKeyboardBase', ID = '4333'
Method 'SystemBooleanSystemSZArrayHelperContainsCosmosHALKeyboardBaseCosmosHALKeyboardBase', ID = '4334'
Method 'SystemBooleanSystemSZArrayHelperget_IsReadOnlyCosmosHALKeyboardBase', ID = '4335'
Method 'SystemVoidSystemSZArrayHelperClearCosmosHALKeyboardBase', ID = '4336'
Method 'SystemInt32SystemSZArrayHelperIndexOfCosmosHALKeyboardBaseCosmosHALKeyboardBase', ID = '4337'
Method 'SystemVoidSystemSZArrayHelperInsertCosmosHALKeyboardBaseSystemInt32CosmosHALKeyboardBase', ID = '4338'
Method 'SystemBooleanSystemSZArrayHelperRemoveCosmosHALKeyboardBaseCosmosHALKeyboardBase', ID = '4339'
Method 'SystemVoidSystemSZArrayHelperRemoveAtCosmosHALKeyboardBaseSystemInt32', ID = '4340'
Method 'SystemVoidSystemCollectionsGenericList1CosmosSystemKeyMappingcctor', ID = '4342'
Method 'SystemVoidCosmosSystemScanMapsUS_StandardInitKeys', ID = '4349'
Method 'SystemVoidSystemArrayEmptyArray1CosmosSystemKeyEventcctor', ID = '4350'
Method 'SystemVoidSystemCollectionsGenericList1CosmosHALKeyboardBaseGrowSystemInt32', ID = '4351'
Method 'SystemVoidSystemCollectionsGenericList1EnumeratorCosmosHALKeyboardBaseDispose', ID = '4352'
Method 'CosmosHALKeyboardBaseSystemCollectionsGenericList1EnumeratorCosmosHALKeyboardBaseget_Current', ID = '4353'
Method 'SystemBooleanSystemCollectionsGenericList1EnumeratorCosmosHALKeyboardBaseMoveNext', ID = '4354'
Method 'CosmosSystemKeyMappingSystemCollectionsGenericList1CosmosSystemKeyMappingget_ItemSystemInt32', ID = '4355'
Method 'SystemInt32SystemCollectionsGenericList1CosmosSystemKeyMappingget_Count', ID = '4357'
Method 'SystemCollectionsGenericList1EnumeratorCosmosHALKeyboardBaseSystemCollectionsGenericList1CosmosHALKeyboardBaseGetEnumerator', ID = '4358'
Method 'SystemBooleanCosmosSystemKeyboardManagerget_ControlPressed', ID = '4363'
Method 'SystemBooleanCosmosSystemKeyboardManagerget_ShiftPressed', ID = '4364'
Method 'SystemBooleanCosmosSystemKeyboardManagerget_AltPressed', ID = '4365'
Method 'CosmosSystemKeyEventCosmosSystemScanMapBaseConvertScanCodeSystemByteSystemBooleanSystemBooleanSystemBooleanSystemBooleanSystemBooleanSystemBoolean', ID = '4366'
Method 'SystemVoidSystemCollectionsGenericQueue1CosmosSystemKeyEventEnqueueCosmosSystemKeyEvent', ID = '4367'
Method 'SystemVoidSystemCollectionsGenericList1CosmosSystemFileSystemManagedPartitionset_CapacitySystemInt32', ID = '4369'
Method 'SystemVoidSystemCollectionsGenericList1EnumeratorCosmosSystemFileSystemFileSystemFactoryctorSystemCollectionsGenericList1CosmosSystemFileSystemFileSystemFactory', ID = '4374'
Method 'SystemBooleanSystemCollectionsGenericList1EnumeratorCosmosSystemFileSystemFileSystemFactoryMoveNextRare', ID = '4376'
Method 'SystemVoidSystemCollectionsGenericList1EnumeratorCosmosSystemFileSystemFileSystemFactoryDispose', ID = '4377'
Method 'SystemVoidSystemSZGenericArrayEnumerator1CosmosHALPITPITTimercctor', ID = '4379'
Method 'SystemVoidSystemSZGenericArrayEnumerator1CosmosHALPITPITTimerDispose', ID = '4380'
Method 'SystemBooleanSystemSZGenericArrayEnumerator1CosmosHALPITPITTimerMoveNext', ID = '4381'
Method 'SystemBooleanSystemRuntimeCompilerServicesRuntimeHelpersIsBitwiseEquatableCosmosHALPITPITTimer', ID = '4382'
Method 'SystemInt32InternalRuntimeCompilerServicesUnsafeSizeOfCosmosHALPITPITTimer', ID = '4383'
Method 'SystemByteInternalRuntimeCompilerServicesUnsafeAsCosmosHALPITPITTimerSystemByteCosmosHALPITPITTimer', ID = '4384'
Method 'SystemCharInternalRuntimeCompilerServicesUnsafeAsCosmosHALPITPITTimerSystemCharCosmosHALPITPITTimer', ID = '4385'
Method 'SystemInt32InternalRuntimeCompilerServicesUnsafeAsCosmosHALPITPITTimerSystemInt32CosmosHALPITPITTimer', ID = '4386'
Method 'SystemInt64InternalRuntimeCompilerServicesUnsafeAsCosmosHALPITPITTimerSystemInt64CosmosHALPITPITTimer', ID = '4387'
Method 'SystemCollectionsGenericEqualityComparer1CosmosHALPITPITTimerSystemCollectionsGenericEqualityComparer1CosmosHALPITPITTimerget_Default', ID = '4388'
Method 'SystemInt32SystemCollectionsGenericEqualityComparer1CosmosHALPITPITTimerIndexOfCosmosHALPITPITTimerarrayCosmosHALPITPITTimerSystemInt32SystemInt32', ID = '4389'
Method 'SystemVoidCosmosIL2CPUSZArrayImpl1GetEnumeratord__0CosmosHALPITPITTimerctorSystemInt32', ID = '4390'
Method 'CosmosSystemKeyEventarrayInternalRuntimeCompilerServicesUnsafeAsCosmosSystemKeyEventarraySystemObject', ID = '4393'
Method 'SystemVoidSystemSZGenericArrayEnumerator1CosmosSystemKeyEventctorCosmosSystemKeyEventarray', ID = '4394'
Method 'SystemInt32SystemArrayIndexOfCosmosSystemKeyEventCosmosSystemKeyEventarrayCosmosSystemKeyEventSystemInt32SystemInt32', ID = '4397'
Method 'SystemCollectionsGenericIEnumerator1CosmosSystemKeyEventCosmosIL2CPUSZArrayImpl1CosmosSystemKeyEventGetEnumerator', ID = '4398'
Method 'SystemVoidCosmosIL2CPUSZArrayImpl1CosmosSystemKeyEventCopyToCosmosSystemKeyEventarraySystemInt32', ID = '4399'
Method 'SystemInt32CosmosIL2CPUSZArrayImpl1CosmosSystemKeyEventget_Count', ID = '4400'
Method 'CosmosSystemKeyEventCosmosIL2CPUSZArrayImpl1CosmosSystemKeyEventget_ItemSystemInt32', ID = '4401'
Method 'SystemVoidCosmosIL2CPUSZArrayImpl1CosmosSystemKeyEventset_ItemSystemInt32CosmosSystemKeyEvent', ID = '4402'
Method 'SystemVoidCosmosIL2CPUSZArrayImpl1CosmosSystemKeyEventAddCosmosSystemKeyEvent', ID = '4403'
Method 'SystemBooleanCosmosIL2CPUSZArrayImpl1CosmosSystemKeyEventContainsCosmosSystemKeyEvent', ID = '4404'
Method 'SystemBooleanCosmosIL2CPUSZArrayImpl1CosmosSystemKeyEventget_IsReadOnly', ID = '4405'
Method 'SystemVoidCosmosIL2CPUSZArrayImpl1CosmosSystemKeyEventClear', ID = '4406'
Method 'SystemInt32CosmosIL2CPUSZArrayImpl1CosmosSystemKeyEventIndexOfCosmosSystemKeyEvent', ID = '4407'
Method 'SystemVoidCosmosIL2CPUSZArrayImpl1CosmosSystemKeyEventInsertSystemInt32CosmosSystemKeyEvent', ID = '4408'
Method 'SystemVoidCosmosIL2CPUSZArrayImpl1CosmosSystemKeyEventRemoveAtSystemInt32', ID = '4409'
Method 'SystemBooleanCosmosIL2CPUSZArrayImpl1CosmosSystemKeyEventget_IsFixedSize', ID = '4410'
Method 'SystemVoidCosmosIL2CPUSZArrayImpl1CosmosSystemKeyEventRemoveCosmosSystemKeyEvent', ID = '4411'
Method 'SystemObjectCosmosIL2CPUSZArrayImpl1CosmosSystemKeyEventget_SyncRoot', ID = '4412'
Method 'SystemBooleanCosmosIL2CPUSZArrayImpl1CosmosSystemKeyEventget_IsSynchronized', ID = '4413'
Method 'SystemVoidCosmosIL2CPUSZArrayImpl1GetEnumeratord__0CosmosSystemFileSystemListingDirectoryEntrySystemIDisposableDispose', ID = '4418'
Method 'SystemBooleanCosmosIL2CPUSZArrayImpl1GetEnumeratord__0CosmosSystemFileSystemListingDirectoryEntryMoveNext', ID = '4419'
Method 'SystemStringCosmosSystem_PlugsSystemIOPathImplNormalizePathSystemStringSystemBoolean', ID = '4420'
Method 'SystemInt32CosmosSystem_PlugsSystemIOPathImplGetRootLengthSystemString', ID = '4421'
Method 'SystemStringSystemStringConcatSystemObjectSystemObject', ID = '4422'
Method 'SystemVoidSystemCollectionsGenericList1EnumeratorCosmosSystemFileSystemManagedPartitionctorSystemCollectionsGenericList1CosmosSystemFileSystemManagedPartition', ID = '4423'
Method 'SystemBooleanSystemCollectionsGenericList1EnumeratorCosmosSystemFileSystemManagedPartitionMoveNextRare', ID = '4424'
Method 'SystemVoidSystemCollectionsGenericList1EnumeratorCosmosSystemFileSystemManagedPartitionDispose', ID = '4425'
Method 'SystemVoidSystemIOIOExceptionctorSystemString', ID = '4427'
Method 'SystemReadOnlySpan1SystemCharSystemReadOnlySpan1SystemCharop_ImplicitSystemChararray', ID = '4429'
Method 'SystemStringarraySystemStringSplitInternalSystemReadOnlySpan1SystemCharSystemInt32SystemStringSplitOptions', ID = '4430'
Method 'SystemVoidSystemTextValueStringBuilderGrowSystemInt32', ID = '4431'
Method 'SystemVoidSystemReadOnlySpan1SystemCharCopyToSystemSpan1SystemChar', ID = '4432'
Method 'SystemInt32CosmosCommonStringHelperGetStringToNumberSystemString', ID = '4433'
Method 'SystemBooleanSystemCharIsDigitSystemChar', ID = '4434'
Method 'SystemVoidSystemThreadingWaitHandlecctor', ID = '4436'
Method 'SystemVoidSystemRuntimeInteropServicesSafeHandleClose', ID = '4438'
Method 'SystemThreadingTasksTask1SystemBooleanSystemThreadingTasksTaskCacheCreateCacheableTaskSystemBooleanSystemBoolean', ID = '4440'
Method 'SystemVoidCosmosCore_PlugsSystemThreadingTasksTaskSchedulerImplcctor', ID = '4442'
Method 'SystemVoidSystemThreadingExecutionContextcctor', ID = '4443'
Method 'SystemVoidSystemThreadingExecutionContextDispose', ID = '4446'
Method 'SystemVoidSystemThreadingManualResetEventSlimcctor', ID = '4447'
Method 'SystemVoidSystemThreadingManualResetEventSlimDispose', ID = '4448'
Method 'SystemBooleanSystemThreadingCancellationTokenEqualsSystemObject', ID = '4452'
Method 'SystemInt32SystemThreadingCancellationTokenGetHashCode', ID = '4453'
Method 'SystemVoidSystemCollectionsGenericList1SystemThreadingTasksTaskcctor', ID = '4455'
Method 'SystemVoidCosmosCore_PlugsSystemThreadingTasksTaskImplDisposeSystemBoolean', ID = '4462'
Method 'SystemVoidCosmosCore_PlugsSystemGCImpl_SuppressFinalizeSystemObject', ID = '4463'
Method 'SystemVoidSystemTextUTF8Encodingcctor', ID = '4466'
Method 'SystemBytearraySystemTextUTF8EncodingUTF8EncodingSealedGetBytesForSmallInputSystemString', ID = '4467'
Method 'SystemInt32SystemTextUTF8EncodingGetByteCountCommonSystemCharpointerSystemInt32', ID = '4468'
Method 'SystemInt32SystemTextUTF8EncodingGetBytesCommonSystemCharpointerSystemInt32SystemBytepointerSystemInt32', ID = '4469'
Method 'SystemVoidSystemTextEncodingSetDefaultFallbacks', ID = '4470'
Method 'SystemStringSystemTextEncoderReplacementFallbackget_DefaultString', ID = '4473'
Method 'SystemUIntPtrSystemTextASCIIUtilityGetIndexOfFirstNonAsciiCharSystemCharpointerSystemUIntPtr', ID = '4474'
Method 'SystemCharpointerSystemTextUnicodeUtf16UtilityGetPointerToFirstInvalidCharSystemCharpointerSystemInt32SystemInt64SystemInt32', ID = '4475'
Method 'SystemCharSystemRuntimeInteropServicesMemoryMarshalGetReferenceSystemCharSystemReadOnlySpan1SystemChar', ID = '4478'
Method 'SystemTextEncoderFallbackBufferSystemTextEncoderFallbackBufferCreateAndInitializeSystemTextEncodingSystemTextEncoderNLSSystemInt32', ID = '4479'
Method 'SystemBuffersOperationStatusSystemTextRuneDecodeFromUtf16SystemReadOnlySpan1SystemCharSystemTextRuneSystemInt32', ID = '4480'
Method 'SystemBooleanSystemTextEncoderNLSget_MustFlush', ID = '4481'
Method 'SystemInt32SystemTextEncoderFallbackBufferInternalFallbackGetByteCountSystemReadOnlySpan1SystemCharSystemInt32', ID = '4482'
Method 'SystemBooleanSystemReadOnlySpan1SystemCharget_IsEmpty', ID = '4483'
Method 'SystemInt32SystemMathMinSystemInt32SystemInt32', ID = '4484'
Method 'SystemUIntPtrSystemTextASCIIUtilityNarrowUtf16ToAsciiSystemCharpointerSystemBytepointerSystemUIntPtr', ID = '4485'
Method 'SystemBuffersOperationStatusSystemTextUnicodeUtf8UtilityTranscodeToUtf8SystemCharpointerSystemInt32SystemBytepointerSystemInt32SystemCharpointerSystemBytepointer', ID = '4486'
Method 'SystemVoidSystemSpan1SystemBytectorSystemByteSystemInt32', ID = '4488'
Method 'SystemInt32SystemTextASCIIEncodingGetBytesWithFallbackSystemReadOnlySpan1SystemCharSystemInt32SystemSpan1SystemByteSystemInt32SystemTextEncoderNLS', ID = '4489'
Method 'SystemByteSystemRuntimeInteropServicesMemoryMarshalGetReferenceSystemByteSystemSpan1SystemByte', ID = '4490'
Method 'SystemReadOnlySpan1SystemCharSystemReadOnlySpan1SystemCharget_Empty', ID = '4491'
Method 'SystemBuffersOperationStatusSystemTextEncodingEncodeRuneSystemTextRuneSystemSpan1SystemByteSystemInt32', ID = '4492'
Method 'SystemBooleanSystemTextEncoderFallbackBufferTryInternalFallbackGetBytesSystemReadOnlySpan1SystemCharSystemSpan1SystemByteSystemInt32SystemInt32', ID = '4493'
Method 'SystemInt32SystemSpan1SystemByteget_Length', ID = '4494'
Method 'SystemVoidSystemTextEncodingThrowBytesOverflowSystemTextEncoderNLSSystemBoolean', ID = '4496'
Method 'SystemVoidSystemCollectionsGenericList1CosmosHALPITPITTimerAddCosmosHALPITPITTimer', ID = '4497'
Method 'SystemVoidCosmosCore_PlugsMemoryOperationsMemoryOperationsImplCopy64BytesSystemBytepointerSystemBytepointer', ID = '4499'
Method 'SystemVoidCosmosCore_PlugsMemoryOperationsMemoryOperationsImplCopy16BytesSystemBytepointerSystemBytepointer', ID = '4500'
Method 'SystemVoidCosmosCore_PlugsMemoryOperationsMemoryOperationsImplCopy32BytesSystemBytepointerSystemBytepointer', ID = '4501'
Method 'SystemVoidCosmosCore_PlugsMemoryOperationsMemoryOperationsImplCopy128BytesSystemBytepointerSystemBytepointer', ID = '4502'
Method 'SystemVoidSystemReflectionModulecompilergeneratedccctor', ID = '4506'
Method 'SystemBooleanSystemReflectionModuleFilterTypeNameImplSystemTypeSystemObjectSystemStringComparison', ID = '4507'
Method 'SystemVoidSystemCollectionsGenericDictionary2SystemStringSystemReflectionAssemblyctorSystemInt32SystemCollectionsGenericIEqualityComparer1SystemString', ID = '4511'
Method 'SystemInt32InternalRuntimeCompilerServicesUnsafeSizeOfSystemDouble', ID = '4514'
Method 'SystemDoubleInternalRuntimeCompilerServicesUnsafeAsSystemRuntimeIntrinsicsVector1281SystemDoubleSystemDoubleSystemRuntimeIntrinsicsVector1281SystemDouble', ID = '4515'
Method 'SystemDoubleInternalRuntimeCompilerServicesUnsafeAddSystemDoubleSystemDoubleSystemInt32', ID = '4516'
Method 'SystemRuntimeIntrinsicsVector1281SystemSingleSystemRuntimeIntrinsicsVector128AsSingleSystemDoubleSystemRuntimeIntrinsicsVector1281SystemDouble', ID = '4517'
Method 'SystemRuntimeIntrinsicsVector1281SystemDoubleSystemRuntimeIntrinsicsVector128AsDoubleSystemDoubleSystemRuntimeIntrinsicsVector1281SystemDouble', ID = '4518'
Method 'SystemRuntimeIntrinsicsVector1281SystemByteSystemRuntimeIntrinsicsVector128AsByteSystemDoubleSystemRuntimeIntrinsicsVector1281SystemDouble', ID = '4519'
Method 'SystemBooleanSystemRuntimeIntrinsicsVector1281SystemDoubleEqualsg__SoftwareFallbacksLine12_0SystemRuntimeIntrinsicsVector1281SystemDoubleSystemRuntimeIntrinsicsVector1281SystemDouble', ID = '4520'
Method 'SystemInt64InternalRuntimeCompilerServicesUnsafeAsSystemRuntimeIntrinsicsVector1281SystemInt64SystemInt64SystemRuntimeIntrinsicsVector1281SystemInt64', ID = '4521'
Method 'SystemRuntimeIntrinsicsVector1281SystemSingleSystemRuntimeIntrinsicsVector128AsSingleSystemInt64SystemRuntimeIntrinsicsVector1281SystemInt64', ID = '4522'
Method 'SystemRuntimeIntrinsicsVector1281SystemByteSystemRuntimeIntrinsicsVector128AsByteSystemInt64SystemRuntimeIntrinsicsVector1281SystemInt64', ID = '4523'
Method 'SystemBooleanSystemRuntimeIntrinsicsVector1281SystemInt64Equalsg__SoftwareFallbacksLine12_0SystemRuntimeIntrinsicsVector1281SystemInt64SystemRuntimeIntrinsicsVector1281SystemInt64', ID = '4524'
Method 'SystemStringSystemPrivateCoreLibSystemSRget_Argument_InvalidTypeWithPointersNotSupported', ID = '4525'
Method 'SystemVoidSystemGlobalizationCultureInfocctor', ID = '4526'
Method 'SystemStringSystemGlobalizationCultureInfoToString', ID = '4532'
Method 'SystemObjectSystemGlobalizationCultureInfoGetFormatSystemType', ID = '4535'
Method 'SystemVoidSystemTextValueStringBuilderDispose', ID = '4536'
Method 'SystemRuntimeIntrinsicsVector1281SystemSingleSystemRuntimeIntrinsicsVector128AsSystemByteSystemSingleSystemRuntimeIntrinsicsVector1281SystemByte', ID = '4538'
Method 'SystemRuntimeIntrinsicsVector1281SystemDoubleSystemRuntimeIntrinsicsVector128AsSystemByteSystemDoubleSystemRuntimeIntrinsicsVector1281SystemByte', ID = '4539'
Method 'SystemRuntimeIntrinsicsVector1281SystemByteSystemRuntimeIntrinsicsVector128AsSystemByteSystemByteSystemRuntimeIntrinsicsVector1281SystemByte', ID = '4540'
Method 'SystemStringSystemPrivateCoreLibSystemSRget_HashCode_EqualityNotSupported', ID = '4544'
Method 'SystemStringSystemPrivateCoreLibSystemSRget_HashCode_HashCodeNotSupported', ID = '4545'
Method 'SystemVoidSystemHashCodeInitializeSystemUInt32SystemUInt32SystemUInt32SystemUInt32', ID = '4546'
Method 'SystemUInt32SystemHashCodeRoundSystemUInt32SystemUInt32', ID = '4547'
Method 'SystemStringCosmosCommonStringHelperGetNumberStringSystemSingle', ID = '4548'
Method 'SystemRuntimeIntrinsicsVector2561SystemSingleSystemRuntimeIntrinsicsVector256AsSystemByteSystemSingleSystemRuntimeIntrinsicsVector2561SystemByte', ID = '4552'
Method 'SystemRuntimeIntrinsicsVector2561SystemDoubleSystemRuntimeIntrinsicsVector256AsSystemByteSystemDoubleSystemRuntimeIntrinsicsVector2561SystemByte', ID = '4555'
Method 'SystemRuntimeIntrinsicsVector2561SystemByteSystemRuntimeIntrinsicsVector256AsSystemByteSystemByteSystemRuntimeIntrinsicsVector2561SystemByte', ID = '4556'
Method 'SystemBooleanCosmosCore_PlugsSystemRuntimeCompilerServicesRuntimeHelpersImplIsReferenceOrContainsReferencesSystemByte', ID = '4557'
Method 'SystemRuntimeIntrinsicsVector1281SystemInt32InternalRuntimeCompilerServicesUnsafeAsRefSystemRuntimeIntrinsicsVector1281SystemInt32SystemVoidpointer', ID = '4559'
Method 'SystemRuntimeIntrinsicsVector1281SystemSingleSystemRuntimeIntrinsicsVector128AsSystemInt32SystemSingleSystemRuntimeIntrinsicsVector1281SystemInt32', ID = '4560'
Method 'SystemVoidSystemThrowHelperThrowForUnsupportedIntrinsicsVectorBaseTypeSystemSingle', ID = '4561'
Method 'SystemSingleInternalRuntimeCompilerServicesUnsafeAsSystemRuntimeIntrinsicsVector1281SystemSingleSystemSingleSystemRuntimeIntrinsicsVector1281SystemSingle', ID = '4562'
Method 'SystemRuntimeIntrinsicsVector1281SystemInt64InternalRuntimeCompilerServicesUnsafeAsRefSystemRuntimeIntrinsicsVector1281SystemInt64SystemVoidpointer', ID = '4563'
Method 'SystemRuntimeIntrinsicsVector1281SystemDoubleSystemRuntimeIntrinsicsVector128AsSystemInt64SystemDoubleSystemRuntimeIntrinsicsVector1281SystemInt64', ID = '4564'
Method 'SystemVoidSystemUIntPtrctorSystemUInt64', ID = '4565'
Method 'SystemBooleanSystemNumericsVector1SystemUInt64op_EqualitySystemNumericsVector1SystemUInt64SystemNumericsVector1SystemUInt64', ID = '4566'
Method 'SystemRuntimeIntrinsicsVector1281SystemSingleSystemRuntimeIntrinsicsVector128AsSystemUInt16SystemSingleSystemRuntimeIntrinsicsVector1281SystemUInt16', ID = '4568'
Method 'SystemRuntimeIntrinsicsVector1281SystemDoubleSystemRuntimeIntrinsicsVector128AsSystemUInt16SystemDoubleSystemRuntimeIntrinsicsVector1281SystemUInt16', ID = '4569'
Method 'SystemRuntimeIntrinsicsVector2561SystemSingleSystemRuntimeIntrinsicsVector256AsSystemUInt16SystemSingleSystemRuntimeIntrinsicsVector2561SystemUInt16', ID = '4571'
Method 'SystemRuntimeIntrinsicsVector2561SystemDoubleSystemRuntimeIntrinsicsVector256AsSystemUInt16SystemDoubleSystemRuntimeIntrinsicsVector2561SystemUInt16', ID = '4572'
Method 'SystemVoidSystemCollectionsGenericEqualityComparer1SystemInt32cctor', ID = '4573'
Method 'SystemVoidSystemCollectionsGenericEqualityComparer1SystemInt64cctor', ID = '4575'
Method 'SystemVoidCosmosCore_PlugsSystemCollectionsGenericComparerHelpersImplcctor', ID = '4577'
Method 'SystemVoidSystemCollectionsGenericEqualityComparer1SystemBytector', ID = '4579'
Method 'SystemVoidSystemCollectionsGenericEqualityComparer1SystemSBytector', ID = '4581'
Method 'SystemVoidSystemCollectionsGenericEqualityComparer1SystemStringctor', ID = '4583'
Method 'SystemVoidSystemCollectionsGenericEqualityComparer1SystemInt32ctor', ID = '4585'
Method 'SystemVoidSystemCollectionsGenericEqualityComparer1SystemUInt32ctor', ID = '4587'
Method 'SystemVoidSystemCollectionsGenericEqualityComparer1SystemInt64ctor', ID = '4589'
Method 'SystemVoidSystemCollectionsGenericEqualityComparer1SystemUInt64ctor', ID = '4591'
Method 'SystemVoidSystemCollectionsGenericEqualityComparer1SystemCharctor', ID = '4593'
Method 'SystemVoidSystemCollectionsGenericEqualityComparer1SystemInt16ctor', ID = '4595'
Method 'SystemVoidSystemCollectionsGenericEqualityComparer1SystemUInt16ctor', ID = '4597'
Method 'SystemVoidSystemCollectionsGenericEqualityComparer1SystemGuidctor', ID = '4599'
Method 'SystemVoidSystemCollectionsGenericEqualityComparer1SystemObjectctor', ID = '4601'
Method 'SystemCollectionsGenericDictionary2EntrySystemStringSystemBooleanarrayInternalRuntimeCompilerServicesUnsafeAsSystemCollectionsGenericDictionary2EntrySystemStringSystemBooleanarraySystemObject', ID = '4606'
Method 'SystemVoidSystemSZGenericArrayEnumerator1SystemCollectionsGenericDictionary2EntrySystemStringSystemBooleanctorSystemCollectionsGenericDictionary2EntrySystemStringSystemBooleanarray', ID = '4607'
Method 'SystemInt32SystemArrayIndexOfSystemCollectionsGenericDictionary2EntrySystemStringSystemBooleanSystemCollectionsGenericDictionary2EntrySystemStringSystemBooleanarraySyst850112951AD1070441071376ABAB1405', ID = '4610'
Method 'SystemCollectionsGenericIEnumerator1SystemCollectionsGenericDictionary2EntrySystemStringSystemBooleanCosmosIL2CPUSZArrayImpl1SystemCollectionsGenericDictionary2EntrySysC2555DEBCCDC6ACE8B17011CBA8DF165', ID = '4611'
Method 'SystemVoidCosmosIL2CPUSZArrayImpl1SystemCollectionsGenericDictionary2EntrySystemStringSystemBooleanCopyToSystemCollectionsGenericDictionary2EntrySystemStringSystemBooleanarraySystemInt32', ID = '4612'
Method 'SystemInt32CosmosIL2CPUSZArrayImpl1SystemCollectionsGenericDictionary2EntrySystemStringSystemBooleanget_Count', ID = '4613'
Method 'SystemCollectionsGenericDictionary2EntrySystemStringSystemBooleanCosmosIL2CPUSZArrayImpl1SystemCollectionsGenericDictionary2EntrySystemStringSystemBooleanget_ItemSystemInt32', ID = '4614'
Method 'SystemVoidCosmosIL2CPUSZArrayImpl1SystemCollectionsGenericDictionary2EntrySystemStringSystemBooleanset_ItemSystemInt32SystemCollectionsGenericDictionary2EntrySystemStringSystemBoolean', ID = '4615'
Method 'SystemVoidCosmosIL2CPUSZArrayImpl1SystemCollectionsGenericDictionary2EntrySystemStringSystemBooleanAddSystemCollectionsGenericDictionary2EntrySystemStringSystemBoolean', ID = '4616'
Method 'SystemBooleanCosmosIL2CPUSZArrayImpl1SystemCollectionsGenericDictionary2EntrySystemStringSystemBooleanContainsSystemCollectionsGenericDictionary2EntrySystemStringSystemBoolean', ID = '4617'
Method 'SystemBooleanCosmosIL2CPUSZArrayImpl1SystemCollectionsGenericDictionary2EntrySystemStringSystemBooleanget_IsReadOnly', ID = '4618'
Method 'SystemVoidCosmosIL2CPUSZArrayImpl1SystemCollectionsGenericDictionary2EntrySystemStringSystemBooleanClear', ID = '4619'
Method 'SystemInt32CosmosIL2CPUSZArrayImpl1SystemCollectionsGenericDictionary2EntrySystemStringSystemBooleanIndexOfSystemCollectionsGenericDictionary2EntrySystemStringSystemBoolean', ID = '4620'
Method 'SystemVoidCosmosIL2CPUSZArrayImpl1SystemCollectionsGenericDictionary2EntrySystemStringSystemBooleanInsertSystemInt32SystemCollectionsGenericDictionary2EntrySystemStringSystemBoolean', ID = '4621'
Method 'SystemVoidCosmosIL2CPUSZArrayImpl1SystemCollectionsGenericDictionary2EntrySystemStringSystemBooleanRemoveAtSystemInt32', ID = '4622'
Method 'SystemBooleanCosmosIL2CPUSZArrayImpl1SystemCollectionsGenericDictionary2EntrySystemStringSystemBooleanget_IsFixedSize', ID = '4623'
Method 'SystemVoidCosmosIL2CPUSZArrayImpl1SystemCollectionsGenericDictionary2EntrySystemStringSystemBooleanRemoveSystemCollectionsGenericDictionary2EntrySystemStringSystemBoolean', ID = '4624'
Method 'SystemObjectCosmosIL2CPUSZArrayImpl1SystemCollectionsGenericDictionary2EntrySystemStringSystemBooleanget_SyncRoot', ID = '4625'
Method 'SystemBooleanCosmosIL2CPUSZArrayImpl1SystemCollectionsGenericDictionary2EntrySystemStringSystemBooleanget_IsSynchronized', ID = '4626'
Method 'SystemCollectionsGenericIEnumerator1SystemCollectionsGenericKeyValuePair2SystemStringSystemBooleanSystemSZArrayHelperGetEnumeratorSystemCollectionsGenericKeyValuePair2SystemStringSystemBoolean', ID = '4628'
Method 'SystemVoidSystemSZArrayHelperCopyToSystemCollectionsGenericKeyValuePair2SystemStringSystemBooleanSystemCollectionsGenericKeyValuePair2SystemStringSystemBooleanarraySystemInt32', ID = '4629'
Method 'SystemInt32SystemSZArrayHelperget_CountSystemCollectionsGenericKeyValuePair2SystemStringSystemBoolean', ID = '4630'
Method 'SystemCollectionsGenericKeyValuePair2SystemStringSystemBooleanSystemSZArrayHelperget_ItemSystemCollectionsGenericKeyValuePair2SystemStringSystemBooleanSystemInt32', ID = '4631'
Method 'SystemVoidSystemSZArrayHelperset_ItemSystemCollectionsGenericKeyValuePair2SystemStringSystemBooleanSystemInt32SystemCollectionsGenericKeyValuePair2SystemStringSystemBoolean', ID = '4632'
Method 'SystemVoidSystemSZArrayHelperAddSystemCollectionsGenericKeyValuePair2SystemStringSystemBooleanSystemCollectionsGenericKeyValuePair2SystemStringSystemBoolean', ID = '4633'
Method 'SystemBooleanSystemSZArrayHelperContainsSystemCollectionsGenericKeyValuePair2SystemStringSystemBooleanSystemCollectionsGenericKeyValuePair2SystemStringSystemBoolean', ID = '4634'
Method 'SystemBooleanSystemSZArrayHelperget_IsReadOnlySystemCollectionsGenericKeyValuePair2SystemStringSystemBoolean', ID = '4635'
Method 'SystemVoidSystemSZArrayHelperClearSystemCollectionsGenericKeyValuePair2SystemStringSystemBoolean', ID = '4636'
Method 'SystemInt32SystemSZArrayHelperIndexOfSystemCollectionsGenericKeyValuePair2SystemStringSystemBooleanSystemCollectionsGenericKeyValuePair2SystemStringSystemBoolean', ID = '4637'
Method 'SystemVoidSystemSZArrayHelperInsertSystemCollectionsGenericKeyValuePair2SystemStringSystemBooleanSystemInt32SystemCollectionsGenericKeyValuePair2SystemStringSystemBoolean', ID = '4638'
Method 'SystemBooleanSystemSZArrayHelperRemoveSystemCollectionsGenericKeyValuePair2SystemStringSystemBooleanSystemCollectionsGenericKeyValuePair2SystemStringSystemBoolean', ID = '4639'
Method 'SystemVoidSystemSZArrayHelperRemoveAtSystemCollectionsGenericKeyValuePair2SystemStringSystemBooleanSystemInt32', ID = '4640'
Method 'SystemBooleanSystemRuntimeTypeIsValueTypeImpl', ID = '4644'
Method 'SystemBooleanSystemTypeIsSubclassOfSystemType', ID = '4645'
Method 'SystemVoidSystemCollectionsGenericEqualityComparer1SystemStringcctor', ID = '4646'
Method 'SystemInt32SystemCollectionsGenericNonRandomizedStringEqualityComparerOrdinalComparerGetHashCodeSystemString', ID = '4647'
Method 'SystemInt32SystemCollectionsGenericNonRandomizedStringEqualityComparerOrdinalIgnoreCaseComparerGetHashCodeSystemString', ID = '4648'
Method 'SystemInt32SystemStringGetHashCodeOrdinalIgnoreCase', ID = '4650'
Method 'SystemInt32CosmosCore_PlugsSystemCollectionsGenericStringEqualityComparerGetHashCodeSystemString', ID = '4651'
Method 'SystemBooleanSystemCollectionsGenericNonRandomizedStringEqualityComparerOrdinalComparerEqualsSystemStringSystemString', ID = '4652'
Method 'SystemBooleanSystemCollectionsGenericNonRandomizedStringEqualityComparerOrdinalIgnoreCaseComparerEqualsSystemStringSystemString', ID = '4653'
Method 'SystemBooleanSystemGlobalizationOrdinalEqualsIgnoreCaseSystemCharSystemCharSystemInt32', ID = '4654'
Method 'SystemBooleanSystemStringEqualsSystemString', ID = '4655'
Method 'SystemCollectionsGenericIEnumerator1SystemCollectionsGenericDictionary2EntrySystemStringSystemObjectSystemSZArrayHelperGetEnumeratorSystemCollectionsGenericDictionary2EntrySystemStringSystemObject', ID = '4656'
Method 'SystemVoidSystemSZArrayHelperCopyToSystemCollectionsGenericDictionary2EntrySystemStringSystemObjectSystemCollectionsGenericDictionary2EntrySystemStringSystemObjectarraySystemInt32', ID = '4657'
Method 'SystemInt32SystemSZArrayHelperget_CountSystemCollectionsGenericDictionary2EntrySystemStringSystemObject', ID = '4658'
Method 'SystemCollectionsGenericDictionary2EntrySystemStringSystemObjectSystemSZArrayHelperget_ItemSystemCollectionsGenericDictionary2EntrySystemStringSystemObjectSystemInt32', ID = '4659'
Method 'SystemVoidSystemSZArrayHelperset_ItemSystemCollectionsGenericDictionary2EntrySystemStringSystemObjectSystemInt32SystemCollectionsGenericDictionary2EntrySystemStringSystemObject', ID = '4660'
Method 'SystemVoidSystemSZArrayHelperAddSystemCollectionsGenericDictionary2EntrySystemStringSystemObjectSystemCollectionsGenericDictionary2EntrySystemStringSystemObject', ID = '4661'
Method 'SystemBooleanSystemSZArrayHelperContainsSystemCollectionsGenericDictionary2EntrySystemStringSystemObjectSystemCollectionsGenericDictionary2EntrySystemStringSystemObject', ID = '4662'
Method 'SystemBooleanSystemSZArrayHelperget_IsReadOnlySystemCollectionsGenericDictionary2EntrySystemStringSystemObject', ID = '4663'
Method 'SystemVoidSystemSZArrayHelperClearSystemCollectionsGenericDictionary2EntrySystemStringSystemObject', ID = '4664'
Method 'SystemInt32SystemSZArrayHelperIndexOfSystemCollectionsGenericDictionary2EntrySystemStringSystemObjectSystemCollectionsGenericDictionary2EntrySystemStringSystemObject', ID = '4665'
Method 'SystemVoidSystemSZArrayHelperInsertSystemCollectionsGenericDictionary2EntrySystemStringSystemObjectSystemInt32SystemCollectionsGenericDictionary2EntrySystemStringSystemObject', ID = '4666'
Method 'SystemBooleanSystemSZArrayHelperRemoveSystemCollectionsGenericDictionary2EntrySystemStringSystemObjectSystemCollectionsGenericDictionary2EntrySystemStringSystemObject', ID = '4667'
Method 'SystemVoidSystemSZArrayHelperRemoveAtSystemCollectionsGenericDictionary2EntrySystemStringSystemObjectSystemInt32', ID = '4668'
Method 'SystemBooleanSystemCharIsLatin1SystemChar', ID = '4677'
Method 'SystemBooleanSystemCharIsWhiteSpaceLatin1SystemChar', ID = '4678'
Method 'SystemBooleanSystemGlobalizationCharUnicodeInfoGetIsWhiteSpaceSystemChar', ID = '4679'
Method 'SystemVoidSystemSZGenericArrayEnumerator1CosmosSystemFileSystemManagedPartitioncctor', ID = '4680'
Method 'SystemVoidSystemSZGenericArrayEnumerator1CosmosSystemFileSystemManagedPartitionDispose', ID = '4681'
Method 'SystemBooleanSystemSZGenericArrayEnumerator1CosmosSystemFileSystemManagedPartitionMoveNext', ID = '4682'
Method 'SystemBooleanSystemRuntimeCompilerServicesRuntimeHelpersIsBitwiseEquatableCosmosSystemFileSystemManagedPartition', ID = '4683'
Method 'SystemInt32InternalRuntimeCompilerServicesUnsafeSizeOfCosmosSystemFileSystemManagedPartition', ID = '4684'
Method 'SystemByteInternalRuntimeCompilerServicesUnsafeAsCosmosSystemFileSystemManagedPartitionSystemByteCosmosSystemFileSystemManagedPartition', ID = '4685'
Method 'SystemCharInternalRuntimeCompilerServicesUnsafeAsCosmosSystemFileSystemManagedPartitionSystemCharCosmosSystemFileSystemManagedPartition', ID = '4686'
Method 'SystemInt32InternalRuntimeCompilerServicesUnsafeAsCosmosSystemFileSystemManagedPartitionSystemInt32CosmosSystemFileSystemManagedPartition', ID = '4687'
Method 'SystemInt64InternalRuntimeCompilerServicesUnsafeAsCosmosSystemFileSystemManagedPartitionSystemInt64CosmosSystemFileSystemManagedPartition', ID = '4688'
Method 'SystemCollectionsGenericEqualityComparer1CosmosSystemFileSystemManagedPartitionSystemCollectionsGenericEqualityComparer1CosmosSystemFileSystemManagedPartitionget_Default', ID = '4689'
Method 'SystemInt32SystemCollectionsGenericEqualityComparer1CosmosSystemFileSystemManagedPartitionIndexOfCosmosSystemFileSystemManagedPartitionarrayCosmosSystemFileSystemManagedPartitionSystemInt32SystemInt32', ID = '4690'
Method 'SystemVoidCosmosIL2CPUSZArrayImpl1GetEnumeratord__0CosmosSystemFileSystemManagedPartitionctorSystemInt32', ID = '4691'
Method 'SystemVoidCosmosIL2CPUSZArrayImpl1GetEnumeratord__0CosmosSystemFileSystemFileSystemSystemIDisposableDispose', ID = '4697'
Method 'SystemBooleanCosmosIL2CPUSZArrayImpl1GetEnumeratord__0CosmosSystemFileSystemFileSystemMoveNext', ID = '4698'
Method 'SystemVoidCosmosIL2CPUSZArrayImpl1GetEnumeratord__0CosmosHALPCIDeviceSystemIDisposableDispose', ID = '4703'
Method 'SystemBooleanCosmosIL2CPUSZArrayImpl1GetEnumeratord__0CosmosHALPCIDeviceMoveNext', ID = '4704'
Method 'SystemUInt16arrayInternalRuntimeCompilerServicesUnsafeAsSystemUInt16arraySystemObject', ID = '4706'
Method 'SystemVoidSystemSZGenericArrayEnumerator1SystemUInt16ctorSystemUInt16array', ID = '4707'
Method 'SystemInt32SystemArrayIndexOfSystemUInt16SystemUInt16arraySystemUInt16SystemInt32SystemInt32', ID = '4710'
Method 'SystemCollectionsGenericIEnumerator1SystemUInt16CosmosIL2CPUSZArrayImpl1SystemUInt16GetEnumerator', ID = '4711'
Method 'SystemVoidCosmosIL2CPUSZArrayImpl1SystemUInt16CopyToSystemUInt16arraySystemInt32', ID = '4712'
Method 'SystemInt32CosmosIL2CPUSZArrayImpl1SystemUInt16get_Count', ID = '4713'
Method 'SystemUInt16CosmosIL2CPUSZArrayImpl1SystemUInt16get_ItemSystemInt32', ID = '4714'
Method 'SystemVoidCosmosIL2CPUSZArrayImpl1SystemUInt16set_ItemSystemInt32SystemUInt16', ID = '4715'
Method 'SystemVoidCosmosIL2CPUSZArrayImpl1SystemUInt16AddSystemUInt16', ID = '4716'
Method 'SystemBooleanCosmosIL2CPUSZArrayImpl1SystemUInt16ContainsSystemUInt16', ID = '4717'
Method 'SystemBooleanCosmosIL2CPUSZArrayImpl1SystemUInt16get_IsReadOnly', ID = '4718'
Method 'SystemVoidCosmosIL2CPUSZArrayImpl1SystemUInt16Clear', ID = '4719'
Method 'SystemInt32CosmosIL2CPUSZArrayImpl1SystemUInt16IndexOfSystemUInt16', ID = '4720'
Method 'SystemVoidCosmosIL2CPUSZArrayImpl1SystemUInt16InsertSystemInt32SystemUInt16', ID = '4721'
Method 'SystemVoidCosmosIL2CPUSZArrayImpl1SystemUInt16RemoveAtSystemInt32', ID = '4722'
Method 'SystemBooleanCosmosIL2CPUSZArrayImpl1SystemUInt16get_IsFixedSize', ID = '4723'
Method 'SystemVoidCosmosIL2CPUSZArrayImpl1SystemUInt16RemoveSystemUInt16', ID = '4724'
Method 'SystemObjectCosmosIL2CPUSZArrayImpl1SystemUInt16get_SyncRoot', ID = '4725'
Method 'SystemBooleanCosmosIL2CPUSZArrayImpl1SystemUInt16get_IsSynchronized', ID = '4726'
Method 'SystemStringSystemTextUTF8EncodingUTF8EncodingSealedGetStringForSmallInputSystemBytearray', ID = '4727'
Method 'SystemStringSystemTextASCIIEncodingGetStringSystemBytearraySystemInt32SystemInt32', ID = '4728'
Method 'SystemStringSystemTextUTF8EncodingGetStringSystemBytearraySystemInt32SystemInt32', ID = '4729'
Method 'SystemChararraySystemTextEncodingGetCharsSystemBytearraySystemInt32SystemInt32', ID = '4730'
Method 'SystemArgumentExceptionSystemThrowHelperGetArgumentExceptionSystemExceptionResourceSystemExceptionArgument', ID = '4731'
Method 'SystemInt32SystemReadOnlySpan1SystemByteget_Length', ID = '4732'
Method 'SystemStringSystemPrivateCoreLibSystemSRget_Arg_GuidArrayCtor', ID = '4733'
Method 'SystemGuidSystemRuntimeInteropServicesMemoryMarshalReadSystemGuidSystemReadOnlySpan1SystemByte', ID = '4734'
Method 'SystemVoidSystemCollectionsGenericList1CosmosHALBlockDeviceGPTGPartInfoGrowSystemInt32', ID = '4735'
Method 'CosmosHALBlockDeviceGPTGPartInfoarrayInternalRuntimeCompilerServicesUnsafeAsCosmosHALBlockDeviceGPTGPartInfoarraySystemObject', ID = '4736'
Method 'SystemVoidSystemSZGenericArrayEnumerator1CosmosHALBlockDeviceGPTGPartInfoctorCosmosHALBlockDeviceGPTGPartInfoarray', ID = '4737'
Method 'SystemInt32SystemArrayIndexOfCosmosHALBlockDeviceGPTGPartInfoCosmosHALBlockDeviceGPTGPartInfoarrayCosmosHALBlockDeviceGPTGPartInfoSystemInt32SystemInt32', ID = '4740'
Method 'SystemCollectionsGenericIEnumerator1CosmosHALBlockDeviceGPTGPartInfoCosmosIL2CPUSZArrayImpl1CosmosHALBlockDeviceGPTGPartInfoGetEnumerator', ID = '4741'
Method 'SystemVoidCosmosIL2CPUSZArrayImpl1CosmosHALBlockDeviceGPTGPartInfoCopyToCosmosHALBlockDeviceGPTGPartInfoarraySystemInt32', ID = '4742'
Method 'SystemInt32CosmosIL2CPUSZArrayImpl1CosmosHALBlockDeviceGPTGPartInfoget_Count', ID = '4743'
Method 'CosmosHALBlockDeviceGPTGPartInfoCosmosIL2CPUSZArrayImpl1CosmosHALBlockDeviceGPTGPartInfoget_ItemSystemInt32', ID = '4744'
Method 'SystemVoidCosmosIL2CPUSZArrayImpl1CosmosHALBlockDeviceGPTGPartInfoset_ItemSystemInt32CosmosHALBlockDeviceGPTGPartInfo', ID = '4745'
Method 'SystemVoidCosmosIL2CPUSZArrayImpl1CosmosHALBlockDeviceGPTGPartInfoAddCosmosHALBlockDeviceGPTGPartInfo', ID = '4746'
Method 'SystemBooleanCosmosIL2CPUSZArrayImpl1CosmosHALBlockDeviceGPTGPartInfoContainsCosmosHALBlockDeviceGPTGPartInfo', ID = '4747'
Method 'SystemBooleanCosmosIL2CPUSZArrayImpl1CosmosHALBlockDeviceGPTGPartInfoget_IsReadOnly', ID = '4748'
Method 'SystemVoidCosmosIL2CPUSZArrayImpl1CosmosHALBlockDeviceGPTGPartInfoClear', ID = '4749'
Method 'SystemInt32CosmosIL2CPUSZArrayImpl1CosmosHALBlockDeviceGPTGPartInfoIndexOfCosmosHALBlockDeviceGPTGPartInfo', ID = '4750'
Method 'SystemVoidCosmosIL2CPUSZArrayImpl1CosmosHALBlockDeviceGPTGPartInfoInsertSystemInt32CosmosHALBlockDeviceGPTGPartInfo', ID = '4751'
Method 'SystemVoidCosmosIL2CPUSZArrayImpl1CosmosHALBlockDeviceGPTGPartInfoRemoveAtSystemInt32', ID = '4752'
Method 'SystemBooleanCosmosIL2CPUSZArrayImpl1CosmosHALBlockDeviceGPTGPartInfoget_IsFixedSize', ID = '4753'
Method 'SystemVoidCosmosIL2CPUSZArrayImpl1CosmosHALBlockDeviceGPTGPartInfoRemoveCosmosHALBlockDeviceGPTGPartInfo', ID = '4754'
Method 'SystemObjectCosmosIL2CPUSZArrayImpl1CosmosHALBlockDeviceGPTGPartInfoget_SyncRoot', ID = '4755'
Method 'SystemBooleanCosmosIL2CPUSZArrayImpl1CosmosHALBlockDeviceGPTGPartInfoget_IsSynchronized', ID = '4756'
Method 'SystemVoidSystemCollectionsGenericList1CosmosHALBlockDeviceMBRPartInfoGrowSystemInt32', ID = '4757'
Method 'CosmosHALBlockDeviceMBRPartInfoarrayInternalRuntimeCompilerServicesUnsafeAsCosmosHALBlockDeviceMBRPartInfoarraySystemObject', ID = '4758'
Method 'SystemVoidSystemSZGenericArrayEnumerator1CosmosHALBlockDeviceMBRPartInfoctorCosmosHALBlockDeviceMBRPartInfoarray', ID = '4759'
Method 'SystemInt32SystemArrayIndexOfCosmosHALBlockDeviceMBRPartInfoCosmosHALBlockDeviceMBRPartInfoarrayCosmosHALBlockDeviceMBRPartInfoSystemInt32SystemInt32', ID = '4762'
Method 'SystemCollectionsGenericIEnumerator1CosmosHALBlockDeviceMBRPartInfoCosmosIL2CPUSZArrayImpl1CosmosHALBlockDeviceMBRPartInfoGetEnumerator', ID = '4763'
Method 'SystemVoidCosmosIL2CPUSZArrayImpl1CosmosHALBlockDeviceMBRPartInfoCopyToCosmosHALBlockDeviceMBRPartInfoarraySystemInt32', ID = '4764'
Method 'SystemInt32CosmosIL2CPUSZArrayImpl1CosmosHALBlockDeviceMBRPartInfoget_Count', ID = '4765'
Method 'CosmosHALBlockDeviceMBRPartInfoCosmosIL2CPUSZArrayImpl1CosmosHALBlockDeviceMBRPartInfoget_ItemSystemInt32', ID = '4766'
Method 'SystemVoidCosmosIL2CPUSZArrayImpl1CosmosHALBlockDeviceMBRPartInfoset_ItemSystemInt32CosmosHALBlockDeviceMBRPartInfo', ID = '4767'
Method 'SystemVoidCosmosIL2CPUSZArrayImpl1CosmosHALBlockDeviceMBRPartInfoAddCosmosHALBlockDeviceMBRPartInfo', ID = '4768'
Method 'SystemBooleanCosmosIL2CPUSZArrayImpl1CosmosHALBlockDeviceMBRPartInfoContainsCosmosHALBlockDeviceMBRPartInfo', ID = '4769'
Method 'SystemBooleanCosmosIL2CPUSZArrayImpl1CosmosHALBlockDeviceMBRPartInfoget_IsReadOnly', ID = '4770'
Method 'SystemVoidCosmosIL2CPUSZArrayImpl1CosmosHALBlockDeviceMBRPartInfoClear', ID = '4771'
Method 'SystemInt32CosmosIL2CPUSZArrayImpl1CosmosHALBlockDeviceMBRPartInfoIndexOfCosmosHALBlockDeviceMBRPartInfo', ID = '4772'
Method 'SystemVoidCosmosIL2CPUSZArrayImpl1CosmosHALBlockDeviceMBRPartInfoInsertSystemInt32CosmosHALBlockDeviceMBRPartInfo', ID = '4773'
Method 'SystemVoidCosmosIL2CPUSZArrayImpl1CosmosHALBlockDeviceMBRPartInfoRemoveAtSystemInt32', ID = '4774'
Method 'SystemBooleanCosmosIL2CPUSZArrayImpl1CosmosHALBlockDeviceMBRPartInfoget_IsFixedSize', ID = '4775'
Method 'SystemVoidCosmosIL2CPUSZArrayImpl1CosmosHALBlockDeviceMBRPartInfoRemoveCosmosHALBlockDeviceMBRPartInfo', ID = '4776'
Method 'SystemObjectCosmosIL2CPUSZArrayImpl1CosmosHALBlockDeviceMBRPartInfoget_SyncRoot', ID = '4777'
Method 'SystemBooleanCosmosIL2CPUSZArrayImpl1CosmosHALBlockDeviceMBRPartInfoget_IsSynchronized', ID = '4778'
Method 'SystemInt16SystemBitConverterToInt16SystemBytearraySystemInt32', ID = '4779'
Method 'SystemVoidSystemCollectionsGenericList1CosmosHALBlockDeviceEBRPartInfoGrowSystemInt32', ID = '4780'
Method 'CosmosHALBlockDeviceEBRPartInfoarrayInternalRuntimeCompilerServicesUnsafeAsCosmosHALBlockDeviceEBRPartInfoarraySystemObject', ID = '4782'
Method 'SystemVoidSystemSZGenericArrayEnumerator1CosmosHALBlockDeviceEBRPartInfoctorCosmosHALBlockDeviceEBRPartInfoarray', ID = '4783'
Method 'SystemInt32SystemArrayIndexOfCosmosHALBlockDeviceEBRPartInfoCosmosHALBlockDeviceEBRPartInfoarrayCosmosHALBlockDeviceEBRPartInfoSystemInt32SystemInt32', ID = '4786'
Method 'SystemCollectionsGenericIEnumerator1CosmosHALBlockDeviceEBRPartInfoCosmosIL2CPUSZArrayImpl1CosmosHALBlockDeviceEBRPartInfoGetEnumerator', ID = '4787'
Method 'SystemVoidCosmosIL2CPUSZArrayImpl1CosmosHALBlockDeviceEBRPartInfoCopyToCosmosHALBlockDeviceEBRPartInfoarraySystemInt32', ID = '4788'
Method 'SystemInt32CosmosIL2CPUSZArrayImpl1CosmosHALBlockDeviceEBRPartInfoget_Count', ID = '4789'
Method 'CosmosHALBlockDeviceEBRPartInfoCosmosIL2CPUSZArrayImpl1CosmosHALBlockDeviceEBRPartInfoget_ItemSystemInt32', ID = '4790'
Method 'SystemVoidCosmosIL2CPUSZArrayImpl1CosmosHALBlockDeviceEBRPartInfoset_ItemSystemInt32CosmosHALBlockDeviceEBRPartInfo', ID = '4791'
Method 'SystemVoidCosmosIL2CPUSZArrayImpl1CosmosHALBlockDeviceEBRPartInfoAddCosmosHALBlockDeviceEBRPartInfo', ID = '4792'
Method 'SystemBooleanCosmosIL2CPUSZArrayImpl1CosmosHALBlockDeviceEBRPartInfoContainsCosmosHALBlockDeviceEBRPartInfo', ID = '4793'
Method 'SystemBooleanCosmosIL2CPUSZArrayImpl1CosmosHALBlockDeviceEBRPartInfoget_IsReadOnly', ID = '4794'
Method 'SystemVoidCosmosIL2CPUSZArrayImpl1CosmosHALBlockDeviceEBRPartInfoClear', ID = '4795'
Method 'SystemInt32CosmosIL2CPUSZArrayImpl1CosmosHALBlockDeviceEBRPartInfoIndexOfCosmosHALBlockDeviceEBRPartInfo', ID = '4796'
Method 'SystemVoidCosmosIL2CPUSZArrayImpl1CosmosHALBlockDeviceEBRPartInfoInsertSystemInt32CosmosHALBlockDeviceEBRPartInfo', ID = '4797'
Method 'SystemVoidCosmosIL2CPUSZArrayImpl1CosmosHALBlockDeviceEBRPartInfoRemoveAtSystemInt32', ID = '4798'
Method 'SystemBooleanCosmosIL2CPUSZArrayImpl1CosmosHALBlockDeviceEBRPartInfoget_IsFixedSize', ID = '4799'
Method 'SystemVoidCosmosIL2CPUSZArrayImpl1CosmosHALBlockDeviceEBRPartInfoRemoveCosmosHALBlockDeviceEBRPartInfo', ID = '4800'
Method 'SystemObjectCosmosIL2CPUSZArrayImpl1CosmosHALBlockDeviceEBRPartInfoget_SyncRoot', ID = '4801'
Method 'SystemBooleanCosmosIL2CPUSZArrayImpl1CosmosHALBlockDeviceEBRPartInfoget_IsSynchronized', ID = '4802'
Method 'SystemVoidCosmosIL2CPUSZArrayImpl1GetEnumeratord__0CosmosHALBlockDeviceBlockDeviceSystemIDisposableDispose', ID = '4807'
Method 'SystemBooleanCosmosIL2CPUSZArrayImpl1GetEnumeratord__0CosmosHALBlockDeviceBlockDeviceMoveNext', ID = '4808'
Method 'SystemVoidCosmosIL2CPUSZArrayImpl1GetEnumeratord__0CosmosHALBlockDevicePartitionSystemIDisposableDispose', ID = '4813'
Method 'SystemBooleanCosmosIL2CPUSZArrayImpl1GetEnumeratord__0CosmosHALBlockDevicePartitionMoveNext', ID = '4814'
Method 'SystemVoidSystemSZGenericArrayEnumerator1CosmosHALBlockDevicePortsStoragePortcctor', ID = '4815'
Method 'SystemVoidSystemSZGenericArrayEnumerator1CosmosHALBlockDevicePortsStoragePortDispose', ID = '4816'
Method 'SystemBooleanSystemSZGenericArrayEnumerator1CosmosHALBlockDevicePortsStoragePortMoveNext', ID = '4817'
Method 'SystemBooleanSystemRuntimeCompilerServicesRuntimeHelpersIsBitwiseEquatableCosmosHALBlockDevicePortsStoragePort', ID = '4818'
Method 'SystemInt32InternalRuntimeCompilerServicesUnsafeSizeOfCosmosHALBlockDevicePortsStoragePort', ID = '4819'
Method 'SystemByteInternalRuntimeCompilerServicesUnsafeAsCosmosHALBlockDevicePortsStoragePortSystemByteCosmosHALBlockDevicePortsStoragePort', ID = '4820'
Method 'SystemCharInternalRuntimeCompilerServicesUnsafeAsCosmosHALBlockDevicePortsStoragePortSystemCharCosmosHALBlockDevicePortsStoragePort', ID = '4821'
Method 'SystemInt32InternalRuntimeCompilerServicesUnsafeAsCosmosHALBlockDevicePortsStoragePortSystemInt32CosmosHALBlockDevicePortsStoragePort', ID = '4822'
Method 'SystemInt64InternalRuntimeCompilerServicesUnsafeAsCosmosHALBlockDevicePortsStoragePortSystemInt64CosmosHALBlockDevicePortsStoragePort', ID = '4823'
Method 'SystemCollectionsGenericEqualityComparer1CosmosHALBlockDevicePortsStoragePortSystemCollectionsGenericEqualityComparer1CosmosHALBlockDevicePortsStoragePortget_Default', ID = '4824'
Method 'SystemInt32SystemCollectionsGenericEqualityComparer1CosmosHALBlockDevicePortsStoragePortIndexOfCosmosHALBlockDevicePortsStoragePortarrayCosmosHALBlockDevicePortsStoragePortSystemInt32SystemInt32', ID = '4825'
Method 'SystemVoidCosmosIL2CPUSZArrayImpl1GetEnumeratord__0CosmosHALBlockDevicePortsStoragePortctorSystemInt32', ID = '4826'
Method 'SystemNumericsVector1SystemByteInternalRuntimeCompilerServicesUnsafeAsSystemNumericsVector1SystemUInt16SystemNumericsVector1SystemByteSystemNumericsVector1SystemUInt16', ID = '4828'
Method 'SystemVoidSystemThrowHelperThrowForUnsupportedNumericsVectorBaseTypeSystemUInt32', ID = '4830'
Method 'SystemVoidInternalRuntimeCompilerServicesUnsafeSkipInitSystemNumericsVector1SystemUInt32SystemNumericsVector1SystemUInt32', ID = '4831'
Method 'SystemVoidSystemNumericsVector1SystemUInt32SetElementSystemIntPtrSystemUInt32', ID = '4832'
Method 'SystemInt32SystemNumericsVector1SystemUInt32get_Count', ID = '4833'
Method 'SystemNumericsVector1SystemByteInternalRuntimeCompilerServicesUnsafeAsSystemNumericsVector1SystemUInt32SystemNumericsVector1SystemByteSystemNumericsVector1SystemUInt32', ID = '4834'
Method 'SystemVoidSystemThrowHelperThrowForUnsupportedNumericsVectorBaseTypeSystemSingle', ID = '4836'
Method 'SystemVoidInternalRuntimeCompilerServicesUnsafeSkipInitSystemNumericsVector1SystemSingleSystemNumericsVector1SystemSingle', ID = '4837'
Method 'SystemVoidSystemNumericsVector1SystemSingleSetElementSystemIntPtrSystemSingle', ID = '4838'
Method 'SystemInt32SystemNumericsVector1SystemSingleget_Count', ID = '4839'
Method 'SystemNumericsVector1SystemByteInternalRuntimeCompilerServicesUnsafeAsSystemNumericsVector1SystemSingleSystemNumericsVector1SystemByteSystemNumericsVector1SystemSingle', ID = '4840'
Method 'SystemVoidInternalRuntimeCompilerServicesUnsafeSkipInitSystemNumericsVector1SystemUInt64SystemNumericsVector1SystemUInt64', ID = '4841'
Method 'SystemVoidSystemNumericsVector1SystemUInt64SetElementSystemIntPtrSystemUInt64', ID = '4842'
Method 'SystemNumericsVector1SystemByteInternalRuntimeCompilerServicesUnsafeAsSystemNumericsVector1SystemUInt64SystemNumericsVector1SystemByteSystemNumericsVector1SystemUInt64', ID = '4843'
Method 'SystemVoidSystemThrowHelperThrowForUnsupportedNumericsVectorBaseTypeSystemDouble', ID = '4845'
Method 'SystemVoidInternalRuntimeCompilerServicesUnsafeSkipInitSystemNumericsVector1SystemDoubleSystemNumericsVector1SystemDouble', ID = '4846'
Method 'SystemVoidSystemNumericsVector1SystemDoubleSetElementSystemIntPtrSystemDouble', ID = '4847'
Method 'SystemInt32SystemNumericsVector1SystemDoubleget_Count', ID = '4848'
Method 'SystemNumericsVector1SystemByteInternalRuntimeCompilerServicesUnsafeAsSystemNumericsVector1SystemDoubleSystemNumericsVector1SystemByteSystemNumericsVector1SystemDouble', ID = '4849'
Method 'SystemVoidInternalRuntimeCompilerServicesUnsafeWriteUnalignedSystemRuntimeIntrinsicsVector1281SystemByteSystemByteSystemRuntimeIntrinsicsVector1281SystemByte', ID = '4850'
Method 'SystemRuntimeIntrinsicsVector2561SystemByteSystemRuntimeIntrinsicsVector128ToVector256UnsafeSystemByteSystemRuntimeIntrinsicsVector1281SystemByte', ID = '4851'
Method 'SystemRuntimeIntrinsicsVector2561SystemByteSystemRuntimeIntrinsicsVector256WithUpperSystemByteSystemRuntimeIntrinsicsVector2561SystemByteSystemRuntimeIntrinsicsVector1281SystemByte', ID = '4852'
Method 'SystemRuntimeIntrinsicsVector2561SystemByteSystemRuntimeIntrinsicsVector256Createg__SoftwareFallbacksLine34_0SystemRuntimeIntrinsicsVector1281SystemByteSystemRuntimeIntrinsicsVector1281SystemByte', ID = '4853'
Method 'SystemNumericsVector1SystemByteInternalRuntimeCompilerServicesUnsafeAsSystemRuntimeIntrinsicsVector2561SystemByteSystemNumericsVector1SystemByteSystemRuntimeIntrinsicsVector2561SystemByte', ID = '4854'
Method 'CosmosHALBlockDeviceRegistersHBACommandHeaderarrayInternalRuntimeCompilerServicesUnsafeAsCosmosHALBlockDeviceRegistersHBACommandHeaderarraySystemObject', ID = '4856'
Method 'SystemVoidSystemSZGenericArrayEnumerator1CosmosHALBlockDeviceRegistersHBACommandHeaderctorCosmosHALBlockDeviceRegistersHBACommandHeaderarray', ID = '4857'
Method 'SystemInt32SystemArrayIndexOfCosmosHALBlockDeviceRegistersHBACommandHeaderCosmosHALBlockDeviceRegistersHBACommandHeaderarrayCosmosHALBlockDeviceRegistersHBACommandHeaderSystemInt32SystemInt32', ID = '4860'
Method 'SystemCollectionsGenericIEnumerator1CosmosHALBlockDeviceRegistersHBACommandHeaderCosmosIL2CPUSZArrayImpl1CosmosHALBlockDeviceRegistersHBACommandHeaderGetEnumerator', ID = '4861'
Method 'SystemVoidCosmosIL2CPUSZArrayImpl1CosmosHALBlockDeviceRegistersHBACommandHeaderCopyToCosmosHALBlockDeviceRegistersHBACommandHeaderarraySystemInt32', ID = '4862'
Method 'SystemInt32CosmosIL2CPUSZArrayImpl1CosmosHALBlockDeviceRegistersHBACommandHeaderget_Count', ID = '4863'
Method 'CosmosHALBlockDeviceRegistersHBACommandHeaderCosmosIL2CPUSZArrayImpl1CosmosHALBlockDeviceRegistersHBACommandHeaderget_ItemSystemInt32', ID = '4864'
Method 'SystemVoidCosmosIL2CPUSZArrayImpl1CosmosHALBlockDeviceRegistersHBACommandHeaderset_ItemSystemInt32CosmosHALBlockDeviceRegistersHBACommandHeader', ID = '4865'
Method 'SystemVoidCosmosIL2CPUSZArrayImpl1CosmosHALBlockDeviceRegistersHBACommandHeaderAddCosmosHALBlockDeviceRegistersHBACommandHeader', ID = '4866'
Method 'SystemBooleanCosmosIL2CPUSZArrayImpl1CosmosHALBlockDeviceRegistersHBACommandHeaderContainsCosmosHALBlockDeviceRegistersHBACommandHeader', ID = '4867'
Method 'SystemBooleanCosmosIL2CPUSZArrayImpl1CosmosHALBlockDeviceRegistersHBACommandHeaderget_IsReadOnly', ID = '4868'
Method 'SystemVoidCosmosIL2CPUSZArrayImpl1CosmosHALBlockDeviceRegistersHBACommandHeaderClear', ID = '4869'
Method 'SystemInt32CosmosIL2CPUSZArrayImpl1CosmosHALBlockDeviceRegistersHBACommandHeaderIndexOfCosmosHALBlockDeviceRegistersHBACommandHeader', ID = '4870'
Method 'SystemVoidCosmosIL2CPUSZArrayImpl1CosmosHALBlockDeviceRegistersHBACommandHeaderInsertSystemInt32CosmosHALBlockDeviceRegistersHBACommandHeader', ID = '4871'
Method 'SystemVoidCosmosIL2CPUSZArrayImpl1CosmosHALBlockDeviceRegistersHBACommandHeaderRemoveAtSystemInt32', ID = '4872'
Method 'SystemBooleanCosmosIL2CPUSZArrayImpl1CosmosHALBlockDeviceRegistersHBACommandHeaderget_IsFixedSize', ID = '4873'
Method 'SystemVoidCosmosIL2CPUSZArrayImpl1CosmosHALBlockDeviceRegistersHBACommandHeaderRemoveCosmosHALBlockDeviceRegistersHBACommandHeader', ID = '4874'
Method 'SystemObjectCosmosIL2CPUSZArrayImpl1CosmosHALBlockDeviceRegistersHBACommandHeaderget_SyncRoot', ID = '4875'
Method 'SystemBooleanCosmosIL2CPUSZArrayImpl1CosmosHALBlockDeviceRegistersHBACommandHeaderget_IsSynchronized', ID = '4876'
Method 'SystemVoidCosmosHALBlockDeviceRegistersFISRegisterH2Dset_LBA3SystemByte', ID = '4877'
Method 'SystemVoidCosmosHALBlockDeviceRegistersFISRegisterH2Dset_LBA4SystemByte', ID = '4878'
Method 'SystemVoidCosmosHALBlockDeviceRegistersFISRegisterH2Dset_LBA5SystemByte', ID = '4879'
Method 'SystemVoidCosmosHALBlockDeviceRegistersFISRegisterH2Dset_CountHSystemByte', ID = '4880'
Method 'SystemCollectionsGenericIEnumerator1CosmosHALBlockDeviceRegistersHBAPRDTEntrySystemSZArrayHelperGetEnumeratorCosmosHALBlockDeviceRegistersHBAPRDTEntry', ID = '4881'
Method 'SystemVoidSystemSZArrayHelperCopyToCosmosHALBlockDeviceRegistersHBAPRDTEntryCosmosHALBlockDeviceRegistersHBAPRDTEntryarraySystemInt32', ID = '4882'
Method 'SystemInt32SystemSZArrayHelperget_CountCosmosHALBlockDeviceRegistersHBAPRDTEntry', ID = '4883'
Method 'CosmosHALBlockDeviceRegistersHBAPRDTEntrySystemSZArrayHelperget_ItemCosmosHALBlockDeviceRegistersHBAPRDTEntrySystemInt32', ID = '4884'
Method 'SystemVoidSystemSZArrayHelperset_ItemCosmosHALBlockDeviceRegistersHBAPRDTEntrySystemInt32CosmosHALBlockDeviceRegistersHBAPRDTEntry', ID = '4885'
Method 'SystemVoidSystemSZArrayHelperAddCosmosHALBlockDeviceRegistersHBAPRDTEntryCosmosHALBlockDeviceRegistersHBAPRDTEntry', ID = '4886'
Method 'SystemBooleanSystemSZArrayHelperContainsCosmosHALBlockDeviceRegistersHBAPRDTEntryCosmosHALBlockDeviceRegistersHBAPRDTEntry', ID = '4887'
Method 'SystemBooleanSystemSZArrayHelperget_IsReadOnlyCosmosHALBlockDeviceRegistersHBAPRDTEntry', ID = '4888'
Method 'SystemVoidSystemSZArrayHelperClearCosmosHALBlockDeviceRegistersHBAPRDTEntry', ID = '4889'
Method 'SystemInt32SystemSZArrayHelperIndexOfCosmosHALBlockDeviceRegistersHBAPRDTEntryCosmosHALBlockDeviceRegistersHBAPRDTEntry', ID = '4890'
Method 'SystemVoidSystemSZArrayHelperInsertCosmosHALBlockDeviceRegistersHBAPRDTEntrySystemInt32CosmosHALBlockDeviceRegistersHBAPRDTEntry', ID = '4891'
Method 'SystemBooleanSystemSZArrayHelperRemoveCosmosHALBlockDeviceRegistersHBAPRDTEntryCosmosHALBlockDeviceRegistersHBAPRDTEntry', ID = '4892'
Method 'SystemVoidSystemSZArrayHelperRemoveAtCosmosHALBlockDeviceRegistersHBAPRDTEntrySystemInt32', ID = '4893'
Method 'SystemVoidCosmosCore_PlugsSystemBuffersArrayPoolImpl1CosmosArrayPoolSystemCharctor', ID = '4900'
Method 'SystemStringSystemPrivateCoreLibSystemSRget_Arg_ArrayTypeMismatchException', ID = '4904'
Method 'SystemStringSystemPrivateCoreLibSystemSRget_Argument_MinMaxValue', ID = '4905'
Method 'SystemStringSystemPrivateCoreLibSystemSRFormatSystemStringSystemObjectSystemObject', ID = '4906'
Method 'SystemVoidSystemNumbercctor', ID = '4907'
Method 'SystemInt32SystemBuffersTextFormattingHelpersCountDigitsSystemUInt32', ID = '4908'
Method 'SystemCharpointerSystemNumberUInt32ToDecCharsSystemCharpointerSystemUInt32SystemInt32', ID = '4909'
Method 'SystemValueTuple2SystemUInt32SystemUInt32SystemMathDivRemSystemUInt32SystemUInt32', ID = '4910'
Method 'SystemCharSystemNumberParseFormatSpecifierSystemReadOnlySpan1SystemCharSystemInt32', ID = '4912'
Method 'SystemCharSystemNumberGetHexBaseSystemChar', ID = '4913'
Method 'SystemBooleanSystemNumberTryInt32ToHexStrSystemInt32SystemCharSystemInt32SystemSpan1SystemCharSystemInt32', ID = '4914'
Method 'SystemVoidSystemNumberNumberBufferctorSystemNumberNumberBufferKindSystemBytepointerSystemInt32', ID = '4915'
Method 'SystemVoidSystemNumberInt32ToNumberSystemInt32SystemNumberNumberBuffer', ID = '4916'
Method 'SystemVoidSystemNumberNumberToStringSystemTextValueStringBuilderSystemNumberNumberBufferSystemCharSystemInt32SystemGlobalizationNumberFormatInfo', ID = '4917'
Method 'SystemVoidSystemNumberNumberToStringFormatSystemTextValueStringBuilderSystemNumberNumberBufferSystemReadOnlySpan1SystemCharSystemGlobalizationNumberFormatInfo', ID = '4918'
Method 'SystemVoidSystemNumberUInt32ToNumberSystemUInt32SystemNumberNumberBuffer', ID = '4919'
Method 'SystemObjectSystemGlobalizationNumberFormatInfoGetFormatSystemType', ID = '4920'
Method 'SystemGlobalizationNumberFormatInfoSystemGlobalizationCultureInfoget_NumberFormat', ID = '4921'
Method 'SystemBooleanSystemDoubleIsFiniteSystemDouble', ID = '4923'
Method 'SystemStringSystemGlobalizationNumberFormatInfoget_NaNSymbol', ID = '4924'
Method 'SystemBooleanSystemDoubleIsNegativeSystemDouble', ID = '4925'
Method 'SystemStringSystemGlobalizationNumberFormatInfoget_PositiveInfinitySymbol', ID = '4926'
Method 'SystemStringSystemGlobalizationNumberFormatInfoget_NegativeInfinitySymbol', ID = '4927'
Method 'SystemInt32SystemNumberGetFloatingPointMaxDigitsAndPrecisionSystemCharSystemInt32SystemGlobalizationNumberFormatInfoSystemBoolean', ID = '4929'
Method 'SystemBooleanSystemNumberGrisu3TryRunDoubleSystemDoubleSystemInt32SystemNumberNumberBuffer', ID = '4930'
Method 'SystemVoidSystemNumberDragon4DoubleSystemDoubleSystemInt32SystemBooleanSystemNumberNumberBuffer', ID = '4931'
Method 'SystemBooleanSystemSpan1SystemCharTryCopyToSystemSpan1SystemChar', ID = '4932'
Method 'SystemInt32SystemBuffersTextFormattingHelpersCountDigitsSystemUInt64', ID = '4933'
Method 'SystemUInt32SystemNumberInt64DivMod1E9SystemUInt64', ID = '4934'
Method 'SystemUInt32SystemNumberHigh32SystemUInt64', ID = '4935'
Method 'SystemUInt32SystemNumberLow32SystemUInt64', ID = '4936'
Method 'SystemBooleanSystemNumberTryInt64ToHexStrSystemInt64SystemCharSystemInt32SystemSpan1SystemCharSystemInt32', ID = '4937'
Method 'SystemVoidSystemNumberUInt64ToNumberSystemUInt64SystemNumberNumberBuffer', ID = '4938'
Method 'SystemVoidSystemNumberInt64ToNumberSystemInt64SystemNumberNumberBuffer', ID = '4939'
Method 'SystemCharSystemHexConverterToCharLowerSystemInt32', ID = '4940'
Method 'SystemBooleanSystemSingleIsFiniteSystemSingle', ID = '4941'
Method 'SystemBooleanSystemSingleIsNegativeSystemSingle', ID = '4942'
Method 'SystemBooleanSystemNumberGrisu3TryRunSingleSystemSingleSystemInt32SystemNumberNumberBuffer', ID = '4943'
Method 'SystemVoidSystemNumberDragon4SingleSystemSingleSystemInt32SystemBooleanSystemNumberNumberBuffer', ID = '4944'
Method 'SystemStringSystemNumberInt64ToHexStrSystemInt64SystemCharSystemInt32', ID = '4946'
Method 'SystemStringSystemTextStringBuilderToString', ID = '4947'
Method 'SystemStringSystemPrivateCoreLibSystemSRget_ArgumentOutOfRange_NegativeCount', ID = '4948'
Method 'SystemInt32SystemTextStringBuilderget_Length', ID = '4949'
Method 'SystemStringSystemPrivateCoreLibSystemSRget_ArgumentOutOfRange_LengthGreaterThanCapacity', ID = '4950'
Method 'SystemVoidSystemTextStringBuilderExpandByABlockSystemInt32', ID = '4951'
Method 'SystemTextStringBuilderSystemTextStringBuilderAppendSystemCharpointerSystemInt32', ID = '4952'
Method 'SystemVoidSystemCollectionsGenericEqualityComparer1CosmosHALPCIBaseAddressBarcctor', ID = '4953'
Method 'SystemVoidSystemSZGenericArrayEnumerator1CosmosCoreManagedMemoryBlockcctor', ID = '4955'
Method 'SystemVoidSystemSZGenericArrayEnumerator1CosmosCoreManagedMemoryBlockDispose', ID = '4956'
Method 'SystemBooleanSystemSZGenericArrayEnumerator1CosmosCoreManagedMemoryBlockMoveNext', ID = '4957'
Method 'SystemBooleanSystemRuntimeCompilerServicesRuntimeHelpersIsBitwiseEquatableCosmosCoreManagedMemoryBlock', ID = '4958'
Method 'SystemInt32InternalRuntimeCompilerServicesUnsafeSizeOfCosmosCoreManagedMemoryBlock', ID = '4959'
Method 'SystemByteInternalRuntimeCompilerServicesUnsafeAsCosmosCoreManagedMemoryBlockSystemByteCosmosCoreManagedMemoryBlock', ID = '4960'
Method 'SystemCharInternalRuntimeCompilerServicesUnsafeAsCosmosCoreManagedMemoryBlockSystemCharCosmosCoreManagedMemoryBlock', ID = '4961'
Method 'SystemInt32InternalRuntimeCompilerServicesUnsafeAsCosmosCoreManagedMemoryBlockSystemInt32CosmosCoreManagedMemoryBlock', ID = '4962'
Method 'SystemInt64InternalRuntimeCompilerServicesUnsafeAsCosmosCoreManagedMemoryBlockSystemInt64CosmosCoreManagedMemoryBlock', ID = '4963'
Method 'SystemCollectionsGenericEqualityComparer1CosmosCoreManagedMemoryBlockSystemCollectionsGenericEqualityComparer1CosmosCoreManagedMemoryBlockget_Default', ID = '4964'
Method 'SystemInt32SystemCollectionsGenericEqualityComparer1CosmosCoreManagedMemoryBlockIndexOfCosmosCoreManagedMemoryBlockarrayCosmosCoreManagedMemoryBlockSystemInt32SystemInt32', ID = '4965'
Method 'SystemVoidCosmosIL2CPUSZArrayImpl1GetEnumeratord__0CosmosCoreManagedMemoryBlockctorSystemInt32', ID = '4966'
Method 'SystemVoidSystemSZGenericArrayEnumerator1SystemBytearraycctor', ID = '4968'
Method 'SystemVoidSystemSZGenericArrayEnumerator1SystemBytearrayDispose', ID = '4969'
Method 'SystemBooleanSystemSZGenericArrayEnumerator1SystemBytearrayMoveNext', ID = '4970'
Method 'SystemBooleanSystemRuntimeCompilerServicesRuntimeHelpersIsBitwiseEquatableSystemBytearray', ID = '4971'
Method 'SystemInt32InternalRuntimeCompilerServicesUnsafeSizeOfSystemBytearray', ID = '4972'
Method 'SystemByteInternalRuntimeCompilerServicesUnsafeAsSystemBytearraySystemByteSystemBytearray', ID = '4973'
Method 'SystemCharInternalRuntimeCompilerServicesUnsafeAsSystemBytearraySystemCharSystemBytearray', ID = '4974'
Method 'SystemInt32InternalRuntimeCompilerServicesUnsafeAsSystemBytearraySystemInt32SystemBytearray', ID = '4975'
Method 'SystemInt64InternalRuntimeCompilerServicesUnsafeAsSystemBytearraySystemInt64SystemBytearray', ID = '4976'
Method 'SystemCollectionsGenericEqualityComparer1SystemBytearraySystemCollectionsGenericEqualityComparer1SystemBytearrayget_Default', ID = '4977'
Method 'SystemInt32SystemCollectionsGenericEqualityComparer1SystemBytearrayIndexOfSystemBytearrayarraySystemBytearraySystemInt32SystemInt32', ID = '4978'
Method 'SystemVoidCosmosIL2CPUSZArrayImpl1GetEnumeratord__0SystemBytearrayctorSystemInt32', ID = '4979'
Method 'SystemStringCosmosCoreCosmosRuntimeTypeget_FullName', ID = '4981'
Method 'SystemStringSystemRuntimeTypeget_FullName', ID = '4982'
Method 'SystemReflectionAssemblyCosmosCoreCosmosRuntimeTypeget_Assembly', ID = '4983'
Method 'SystemReflectionAssemblySystemRuntimeTypeget_Assembly', ID = '4984'
Method 'SystemVoidCosmosIL2CPUSZArrayImpl1GetEnumeratord__0CosmosHALNetworkDeviceSystemIDisposableDispose', ID = '4989'
Method 'SystemBooleanCosmosIL2CPUSZArrayImpl1GetEnumeratord__0CosmosHALNetworkDeviceMoveNext', ID = '4990'
Method 'SystemVoidSystemCollectionsGenericEqualityComparer1SystemCollectionsGenericDictionary2EntrySystemUInt32CosmosHALNetworkDevicecctor', ID = '4991'
Method 'SystemUInt32SystemCollectionsGenericKeyValuePair2SystemUInt32CosmosHALNetworkDeviceget_Key', ID = '4993'
Method 'CosmosHALNetworkDeviceSystemCollectionsGenericKeyValuePair2SystemUInt32CosmosHALNetworkDeviceget_Value', ID = '4994'
Method 'SystemStringSystemCollectionsGenericKeyValuePairPairToStringSystemObjectSystemObject', ID = '4995'
Method 'SystemVoidCosmosIL2CPUSZArrayImpl1GetEnumeratord__0SystemCollectionsGenericKeyValuePair2SystemUInt32CosmosHALNetworkDeviceSystemIDisposableDispose', ID = '5000'
Method 'SystemBooleanCosmosIL2CPUSZArrayImpl1GetEnumeratord__0SystemCollectionsGenericKeyValuePair2SystemUInt32CosmosHALNetworkDeviceMoveNext', ID = '5001'
Method 'SystemInt32CosmosSystem_PlugsSystemMathImplHighWordSystemDouble', ID = '5005'
Method 'SystemInt32CosmosSystem_PlugsSystemMathImplLowWordSystemDouble', ID = '5006'
Method 'SystemBytearraySystemBitConverterGetBytesSystemInt64', ID = '5007'
Method 'SystemBytearraySystemBitConverterGetBytesSystemInt32', ID = '5008'
Method 'SystemBytearraySystemBitConverterGetBytesSystemUInt32', ID = '5009'
Method 'SystemDoubleSystemBitConverterToDoubleSystemBytearraySystemInt32', ID = '5010'
Method 'SystemStringSystemRuntimeTypeRuntimeTypeCacheGetNameSystemTypeNameKind', ID = '5014'
Method 'SystemVoidSystemOrdinalComparerctorSystemBoolean', ID = '5015'
Method 'CosmosHALKeyboardBasearrayInternalRuntimeCompilerServicesUnsafeAsCosmosHALKeyboardBasearraySystemObject', ID = '5016'
Method 'SystemVoidSystemSZGenericArrayEnumerator1CosmosHALKeyboardBasectorCosmosHALKeyboardBasearray', ID = '5017'
Method 'SystemInt32SystemArrayIndexOfCosmosHALKeyboardBaseCosmosHALKeyboardBasearrayCosmosHALKeyboardBaseSystemInt32SystemInt32', ID = '5020'
Method 'SystemCollectionsGenericIEnumerator1CosmosHALKeyboardBaseCosmosIL2CPUSZArrayImpl1CosmosHALKeyboardBaseGetEnumerator', ID = '5021'
Method 'SystemVoidCosmosIL2CPUSZArrayImpl1CosmosHALKeyboardBaseCopyToCosmosHALKeyboardBasearraySystemInt32', ID = '5022'
Method 'SystemInt32CosmosIL2CPUSZArrayImpl1CosmosHALKeyboardBaseget_Count', ID = '5023'
Method 'CosmosHALKeyboardBaseCosmosIL2CPUSZArrayImpl1CosmosHALKeyboardBaseget_ItemSystemInt32', ID = '5024'
Method 'SystemVoidCosmosIL2CPUSZArrayImpl1CosmosHALKeyboardBaseset_ItemSystemInt32CosmosHALKeyboardBase', ID = '5025'
Method 'SystemVoidCosmosIL2CPUSZArrayImpl1CosmosHALKeyboardBaseAddCosmosHALKeyboardBase', ID = '5026'
Method 'SystemBooleanCosmosIL2CPUSZArrayImpl1CosmosHALKeyboardBaseContainsCosmosHALKeyboardBase', ID = '5027'
Method 'SystemBooleanCosmosIL2CPUSZArrayImpl1CosmosHALKeyboardBaseget_IsReadOnly', ID = '5028'
Method 'SystemVoidCosmosIL2CPUSZArrayImpl1CosmosHALKeyboardBaseClear', ID = '5029'
Method 'SystemInt32CosmosIL2CPUSZArrayImpl1CosmosHALKeyboardBaseIndexOfCosmosHALKeyboardBase', ID = '5030'
Method 'SystemVoidCosmosIL2CPUSZArrayImpl1CosmosHALKeyboardBaseInsertSystemInt32CosmosHALKeyboardBase', ID = '5031'
Method 'SystemVoidCosmosIL2CPUSZArrayImpl1CosmosHALKeyboardBaseRemoveAtSystemInt32', ID = '5032'
Method 'SystemBooleanCosmosIL2CPUSZArrayImpl1CosmosHALKeyboardBaseget_IsFixedSize', ID = '5033'
Method 'SystemVoidCosmosIL2CPUSZArrayImpl1CosmosHALKeyboardBaseRemoveCosmosHALKeyboardBase', ID = '5034'
Method 'SystemObjectCosmosIL2CPUSZArrayImpl1CosmosHALKeyboardBaseget_SyncRoot', ID = '5035'
Method 'SystemBooleanCosmosIL2CPUSZArrayImpl1CosmosHALKeyboardBaseget_IsSynchronized', ID = '5036'
Method 'SystemCollectionsGenericIEnumerator1CosmosSystemKeyMappingSystemSZArrayHelperGetEnumeratorCosmosSystemKeyMapping', ID = '5038'
Method 'SystemVoidSystemSZArrayHelperCopyToCosmosSystemKeyMappingCosmosSystemKeyMappingarraySystemInt32', ID = '5039'
Method 'SystemInt32SystemSZArrayHelperget_CountCosmosSystemKeyMapping', ID = '5040'
Method 'CosmosSystemKeyMappingSystemSZArrayHelperget_ItemCosmosSystemKeyMappingSystemInt32', ID = '5041'
Method 'SystemVoidSystemSZArrayHelperset_ItemCosmosSystemKeyMappingSystemInt32CosmosSystemKeyMapping', ID = '5042'
Method 'SystemVoidSystemSZArrayHelperAddCosmosSystemKeyMappingCosmosSystemKeyMapping', ID = '5043'
Method 'SystemBooleanSystemSZArrayHelperContainsCosmosSystemKeyMappingCosmosSystemKeyMapping', ID = '5044'
Method 'SystemBooleanSystemSZArrayHelperget_IsReadOnlyCosmosSystemKeyMapping', ID = '5045'
Method 'SystemVoidSystemSZArrayHelperClearCosmosSystemKeyMapping', ID = '5046'
Method 'SystemInt32SystemSZArrayHelperIndexOfCosmosSystemKeyMappingCosmosSystemKeyMapping', ID = '5047'
Method 'SystemVoidSystemSZArrayHelperInsertCosmosSystemKeyMappingSystemInt32CosmosSystemKeyMapping', ID = '5048'
Method 'SystemBooleanSystemSZArrayHelperRemoveCosmosSystemKeyMappingCosmosSystemKeyMapping', ID = '5049'
Method 'SystemVoidSystemSZArrayHelperRemoveAtCosmosSystemKeyMappingSystemInt32', ID = '5050'
Method 'SystemVoidSystemCollectionsGenericList1CosmosSystemKeyMappingctorSystemInt32', ID = '5052'
Method 'SystemVoidCosmosSystemKeyMappingctorSystemByteCosmosSystemConsoleKeyEx', ID = '5053'
Method 'SystemVoidSystemCollectionsGenericList1CosmosSystemKeyMappingAddCosmosSystemKeyMapping', ID = '5054'
Method 'SystemVoidCosmosSystemKeyMappingctorSystemByteSystemCharSystemCharSystemCharSystemCharSystemCharSystemCharCosmosSystemConsoleKeyEx', ID = '5055'
Method 'SystemVoidCosmosSystemKeyMappingctorSystemByteSystemCharCosmosSystemConsoleKeyEx', ID = '5056'
Method 'SystemVoidCosmosSystemKeyMappingctorSystemByteSystemCharSystemCharSystemCharSystemCharSystemCharSystemCharCosmosSystemConsoleKeyExCosmosSystemConsoleKeyEx', ID = '5057'
Method 'SystemVoidSystemCollectionsGenericList1CosmosHALKeyboardBaseset_CapacitySystemInt32', ID = '5058'
Method 'SystemBooleanSystemCollectionsGenericList1EnumeratorCosmosHALKeyboardBaseMoveNextRare', ID = '5059'
Method 'SystemVoidCosmosSystemKeyEventctor', ID = '5060'
Method 'SystemConsoleModifiersCosmosSystemKeyEventget_Modifiers', ID = '5061'
Method 'SystemVoidCosmosSystemKeyEventset_ModifiersSystemConsoleModifiers', ID = '5062'
Method 'SystemVoidCosmosSystemKeyEventset_TypeCosmosSystemKeyEventKeyEventType', ID = '5063'
Method 'SystemVoidCosmosSystemKeyEventset_KeyCharSystemChar', ID = '5064'
Method 'SystemVoidCosmosSystemKeyEventset_KeyCosmosSystemConsoleKeyEx', ID = '5065'
Method 'SystemVoidSystemCollectionsGenericQueue1CosmosSystemKeyEventGrowSystemInt32', ID = '5066'
Method 'SystemStringCosmosSystemFileSystemCosmosVFSGetNextFilesystemLetter', ID = '5067'
Method 'SystemVoidCosmosSystemFileSystemVFSFileSystemManagercctor', ID = '5068'
Method 'SystemVoidSystemCollectionsGenericList1CosmosSystemFileSystemFileSystemFactorycctor', ID = '5069'
Method 'SystemVoidCosmosIL2CPUSZArrayImpl1GetEnumeratord__0CosmosHALPITPITTimerSystemIDisposableDispose', ID = '5080'
Method 'SystemBooleanCosmosIL2CPUSZArrayImpl1GetEnumeratord__0CosmosHALPITPITTimerMoveNext', ID = '5081'
Method 'SystemVoidSystemSZGenericArrayEnumerator1CosmosSystemKeyEventcctor', ID = '5082'
Method 'SystemVoidSystemSZGenericArrayEnumerator1CosmosSystemKeyEventDispose', ID = '5083'
Method 'SystemBooleanSystemSZGenericArrayEnumerator1CosmosSystemKeyEventMoveNext', ID = '5084'
Method 'SystemBooleanSystemRuntimeCompilerServicesRuntimeHelpersIsBitwiseEquatableCosmosSystemKeyEvent', ID = '5085'
Method 'SystemInt32InternalRuntimeCompilerServicesUnsafeSizeOfCosmosSystemKeyEvent', ID = '5086'
Method 'SystemByteInternalRuntimeCompilerServicesUnsafeAsCosmosSystemKeyEventSystemByteCosmosSystemKeyEvent', ID = '5087'
Method 'SystemCharInternalRuntimeCompilerServicesUnsafeAsCosmosSystemKeyEventSystemCharCosmosSystemKeyEvent', ID = '5088'
Method 'SystemInt32InternalRuntimeCompilerServicesUnsafeAsCosmosSystemKeyEventSystemInt32CosmosSystemKeyEvent', ID = '5089'
Method 'SystemInt64InternalRuntimeCompilerServicesUnsafeAsCosmosSystemKeyEventSystemInt64CosmosSystemKeyEvent', ID = '5090'
Method 'SystemCollectionsGenericEqualityComparer1CosmosSystemKeyEventSystemCollectionsGenericEqualityComparer1CosmosSystemKeyEventget_Default', ID = '5091'
Method 'SystemInt32SystemCollectionsGenericEqualityComparer1CosmosSystemKeyEventIndexOfCosmosSystemKeyEventarrayCosmosSystemKeyEventSystemInt32SystemInt32', ID = '5092'
Method 'SystemVoidCosmosIL2CPUSZArrayImpl1GetEnumeratord__0CosmosSystemKeyEventctorSystemInt32', ID = '5093'
Method 'SystemVoidSystemCollectionsGenericEqualityComparer1CosmosSystemFileSystemListingDirectoryEntrycctor', ID = '5095'
Method 'SystemBooleanCosmosSystem_PlugsSystemIOPathImplIsRelativeSystemString', ID = '5097'
Method 'SystemBooleanCosmosSystem_PlugsSystemIOPathImplIsDirectorySeparatorSystemChar', ID = '5099'
Method 'SystemStringSystemIOFileNotFoundExceptionget_Message', ID = '5102'
Method 'SystemVoidSystemReadOnlySpan1SystemCharctorSystemChararray', ID = '5103'
Method 'SystemVoidSystemStringCheckStringSplitOptionsSystemStringSplitOptions', ID = '5104'
Method 'SystemStringSystemStringTrim', ID = '5105'
Method 'SystemStringarraySystemArrayEmptySystemString', ID = '5106'
Method 'SystemVoidSystemSpan1SystemInt32ctorSystemVoidpointerSystemInt32', ID = '5107'
Method 'SystemVoidSystemCollectionsGenericValueListBuilder1SystemInt32ctorSystemSpan1SystemInt32', ID = '5108'
Method 'SystemVoidSystemStringMakeSeparatorListSystemReadOnlySpan1SystemCharSystemCollectionsGenericValueListBuilder1SystemInt32', ID = '5109'
Method 'SystemReadOnlySpan1SystemInt32SystemCollectionsGenericValueListBuilder1SystemInt32AsSpan', ID = '5110'
Method 'SystemInt32SystemReadOnlySpan1SystemInt32get_Length', ID = '5111'
Method 'SystemStringarraySystemStringSplitWithoutPostProcessingSystemReadOnlySpan1SystemInt32SystemReadOnlySpan1SystemInt32SystemInt32SystemInt32', ID = '5113'
Method 'SystemStringarraySystemStringSplitWithPostProcessingSystemReadOnlySpan1SystemInt32SystemReadOnlySpan1SystemInt32SystemInt32SystemInt32SystemStringSplitOptions', ID = '5114'
Method 'SystemVoidSystemCollectionsGenericValueListBuilder1SystemInt32Dispose', ID = '5115'
Method 'SystemBooleanSystemStringIsNullOrWhiteSpaceSystemString', ID = '5116'
Method 'SystemBooleanSystemCharIsInRangeSystemCharSystemCharSystemChar', ID = '5117'
Method 'SystemGlobalizationUnicodeCategorySystemGlobalizationCharUnicodeInfoGetUnicodeCategorySystemChar', ID = '5118'
Method 'SystemVoidCosmosCore_PlugsSystemThreadingMonitorImplObjPulseAllSystemObject', ID = '5119'
Method 'SystemVoidCosmosCore_PlugsSystemThreadingTasksTaskImplCctor', ID = '5124'
Method 'SystemVoidSystemThreadingTasksTask1SystemBooleanctorSystemBooleanSystemBooleanSystemThreadingTasksTaskCreationOptionsSystemThreadingCancellationToken', ID = '5126'
Method 'SystemVoidSystemThreadingExecutionContextctor', ID = '5128'
Method 'SystemCollectionsGenericIEnumerator1SystemThreadingIAsyncLocalSystemSZArrayHelperGetEnumeratorSystemThreadingIAsyncLocal', ID = '5130'
Method 'SystemVoidSystemSZArrayHelperCopyToSystemThreadingIAsyncLocalSystemThreadingIAsyncLocalarraySystemInt32', ID = '5131'
Method 'SystemInt32SystemSZArrayHelperget_CountSystemThreadingIAsyncLocal', ID = '5132'
Method 'SystemThreadingIAsyncLocalSystemSZArrayHelperget_ItemSystemThreadingIAsyncLocalSystemInt32', ID = '5133'
Method 'SystemVoidSystemSZArrayHelperset_ItemSystemThreadingIAsyncLocalSystemInt32SystemThreadingIAsyncLocal', ID = '5134'
Method 'SystemVoidSystemSZArrayHelperAddSystemThreadingIAsyncLocalSystemThreadingIAsyncLocal', ID = '5135'
Method 'SystemBooleanSystemSZArrayHelperContainsSystemThreadingIAsyncLocalSystemThreadingIAsyncLocal', ID = '5136'
Method 'SystemBooleanSystemSZArrayHelperget_IsReadOnlySystemThreadingIAsyncLocal', ID = '5137'
Method 'SystemVoidSystemSZArrayHelperClearSystemThreadingIAsyncLocal', ID = '5138'
Method 'SystemInt32SystemSZArrayHelperIndexOfSystemThreadingIAsyncLocalSystemThreadingIAsyncLocal', ID = '5139'
Method 'SystemVoidSystemSZArrayHelperInsertSystemThreadingIAsyncLocalSystemInt32SystemThreadingIAsyncLocal', ID = '5140'
Method 'SystemBooleanSystemSZArrayHelperRemoveSystemThreadingIAsyncLocalSystemThreadingIAsyncLocal', ID = '5141'
Method 'SystemVoidSystemSZArrayHelperRemoveAtSystemThreadingIAsyncLocalSystemInt32', ID = '5142'
Method 'SystemVoidSystemThreadingManualResetEventSlimCancellationTokenCallbackSystemObject', ID = '5149'
Method 'SystemVoidSystemThreadingManualResetEventSlimDisposeSystemBoolean', ID = '5151'
Method 'SystemVoidSystemCollectionsGenericList1SystemRuntimeExceptionServicesExceptionDispatchInfocctor', ID = '5152'
Method 'SystemVoidSystemThreadingCancellationTokenSourcecctor', ID = '5160'
Method 'SystemBooleanSystemThreadingCancellationTokenEqualsSystemThreadingCancellationToken', ID = '5164'
Method 'SystemBooleanSystemThreadingCancellationTokenRegistrationEqualsSystemObject', ID = '5167'
Method 'SystemInt32SystemThreadingCancellationTokenRegistrationGetHashCode', ID = '5168'
Method 'SystemVoidSystemThreadingCancellationTokenRegistrationDispose', ID = '5169'
Method 'SystemCollectionsGenericIEnumerator1SystemThreadingTasksTaskSystemSZArrayHelperGetEnumeratorSystemThreadingTasksTask', ID = '5172'
Method 'SystemVoidSystemSZArrayHelperCopyToSystemThreadingTasksTaskSystemThreadingTasksTaskarraySystemInt32', ID = '5173'
Method 'SystemInt32SystemSZArrayHelperget_CountSystemThreadingTasksTask', ID = '5174'
Method 'SystemThreadingTasksTaskSystemSZArrayHelperget_ItemSystemThreadingTasksTaskSystemInt32', ID = '5175'
Method 'SystemVoidSystemSZArrayHelperset_ItemSystemThreadingTasksTaskSystemInt32SystemThreadingTasksTask', ID = '5176'
Method 'SystemVoidSystemSZArrayHelperAddSystemThreadingTasksTaskSystemThreadingTasksTask', ID = '5177'
Method 'SystemBooleanSystemSZArrayHelperContainsSystemThreadingTasksTaskSystemThreadingTasksTask', ID = '5178'
Method 'SystemBooleanSystemSZArrayHelperget_IsReadOnlySystemThreadingTasksTask', ID = '5179'
Method 'SystemVoidSystemSZArrayHelperClearSystemThreadingTasksTask', ID = '5180'
Method 'SystemInt32SystemSZArrayHelperIndexOfSystemThreadingTasksTaskSystemThreadingTasksTask', ID = '5181'
Method 'SystemVoidSystemSZArrayHelperInsertSystemThreadingTasksTaskSystemInt32SystemThreadingTasksTask', ID = '5182'
Method 'SystemBooleanSystemSZArrayHelperRemoveSystemThreadingTasksTaskSystemThreadingTasksTask', ID = '5183'
Method 'SystemVoidSystemSZArrayHelperRemoveAtSystemThreadingTasksTaskSystemInt32', ID = '5184'
Method 'SystemBytearraySystemSpan1SystemByteToArray', ID = '5189'
Method 'SystemVoidSystemTextASCIIEncodingSetDefaultFallbacks', ID = '5190'
Method 'SystemVoidSystemTextUTF8EncodingSetDefaultFallbacks', ID = '5191'
Method 'SystemTextEncoderFallbackSystemTextEncoderFallbackget_ReplacementFallback', ID = '5192'
Method 'SystemTextDecoderFallbackSystemTextDecoderFallbackget_ReplacementFallback', ID = '5193'
Method 'SystemVoidSystemTextEncoderReplacementFallbackcctor', ID = '5194'
Method 'SystemBooleanSystemTextEncoderReplacementFallbackEqualsSystemObject', ID = '5195'
Method 'SystemInt32SystemTextEncoderReplacementFallbackGetHashCode', ID = '5196'
Method 'SystemInt32SystemTextEncoderReplacementFallbackget_MaxCharCount', ID = '5197'
Method 'SystemUIntPtrSystemTextASCIIUtilityGetIndexOfFirstNonAsciiChar_DefaultSystemCharpointerSystemUIntPtr', ID = '5199'
Method 'SystemUIntPtrSystemTextASCIIUtilityGetIndexOfFirstNonAsciiChar_Sse2SystemCharpointerSystemUIntPtr', ID = '5200'
Method 'SystemRuntimeIntrinsicsVector1281SystemUInt64SystemRuntimeIntrinsicsVector128CreateSystemUInt64', ID = '5203'
Method 'SystemRuntimeIntrinsicsVector1281SystemByteSystemRuntimeIntrinsicsVector128AsByteSystemUInt64SystemRuntimeIntrinsicsVector1281SystemUInt64', ID = '5204'
Method 'SystemRuntimeIntrinsicsVector1281SystemUInt16SystemRuntimeIntrinsicsX86Sse2LoadVector128SystemUInt16pointer', ID = '5205'
Method 'SystemRuntimeIntrinsicsVector1281SystemUInt16SystemRuntimeIntrinsicsX86Sse41MinSystemRuntimeIntrinsicsVector1281SystemUInt16SystemRuntimeIntrinsicsVector1281SystemUInt16', ID = '5206'
Method 'SystemRuntimeIntrinsicsVector1281SystemUInt16SystemRuntimeIntrinsicsX86Sse2AddSaturateSystemRuntimeIntrinsicsVector1281SystemUInt16SystemRuntimeIntrinsicsVector1281SystemUInt16', ID = '5207'
Method 'SystemRuntimeIntrinsicsVector1281SystemUInt16SystemRuntimeIntrinsicsX86Sse2OrSystemRuntimeIntrinsicsVector1281SystemUInt16SystemRuntimeIntrinsicsVector1281SystemUInt16', ID = '5208'
Method 'SystemInt32SystemNumericsBitOperationsPopCountSystemUInt32', ID = '5209'
Method 'SystemRuntimeIntrinsicsVector1281SystemUInt16SystemRuntimeIntrinsicsX86Sse2AddSystemRuntimeIntrinsicsVector1281SystemUInt16SystemRuntimeIntrinsicsVector1281SystemUInt16', ID = '5210'
Method 'SystemRuntimeIntrinsicsVector1281SystemInt16SystemRuntimeIntrinsicsVector128AsInt16SystemUInt16SystemRuntimeIntrinsicsVector1281SystemUInt16', ID = '5211'
Method 'SystemRuntimeIntrinsicsVector1281SystemInt16SystemRuntimeIntrinsicsX86Sse2CompareLessThanSystemRuntimeIntrinsicsVector1281SystemInt16SystemRuntimeIntrinsicsVector1281SystemInt16', ID = '5212'
Method 'SystemRuntimeIntrinsicsVector1281SystemByteSystemRuntimeIntrinsicsVector128AsByteSystemInt16SystemRuntimeIntrinsicsVector1281SystemInt16', ID = '5213'
Method 'SystemRuntimeIntrinsicsVector1281SystemUInt16SystemRuntimeIntrinsicsX86Sse2ShiftRightLogicalSystemRuntimeIntrinsicsVector1281SystemUInt16SystemByte', ID = '5214'
Method 'SystemInt32SystemIntPtrget_Size', ID = '5215'
Method 'SystemNumericsVector1SystemUInt16InternalRuntimeCompilerServicesUnsafeReadUnalignedSystemNumericsVector1SystemUInt16SystemVoidpointer', ID = '5216'
Method 'SystemNumericsVector1SystemUInt16SystemNumericsVectorGreaterThanOrEqualSystemUInt16SystemNumericsVector1SystemUInt16SystemNumericsVector1SystemUInt16', ID = '5217'
Method 'SystemNumericsVector1SystemUInt16SystemNumericsVector1SystemUInt16op_SubtractionSystemNumericsVector1SystemUInt16SystemNumericsVector1SystemUInt16', ID = '5218'
Method 'SystemNumericsVector1SystemUIntPtrSystemNumericsVector1SystemUInt16op_ExplicitSystemNumericsVector1SystemUInt16', ID = '5219'
Method 'SystemUIntPtrSystemNumericsVector1SystemUIntPtrget_ItemSystemInt32', ID = '5220'
Method 'SystemInt32SystemNumericsVector1SystemUIntPtrget_Count', ID = '5221'
Method 'SystemNumericsVector1SystemUInt16SystemNumericsVectorLessThanSystemUInt16SystemNumericsVector1SystemUInt16SystemNumericsVector1SystemUInt16', ID = '5222'
Method 'SystemBooleanSystemNumericsVector1SystemUInt16op_InequalitySystemNumericsVector1SystemUInt16SystemNumericsVector1SystemUInt16', ID = '5223'
Method 'SystemNumericsVector1SystemUInt16SystemNumericsVectorAndNotSystemUInt16SystemNumericsVector1SystemUInt16SystemNumericsVector1SystemUInt16', ID = '5224'
Method 'SystemUInt16SystemNumericsVector1SystemUInt16get_ItemSystemInt32', ID = '5225'
Method 'SystemBooleanSystemTextUnicodeUtilityIsSurrogateCodePointSystemUInt32', ID = '5226'
Method 'SystemUInt32InternalRuntimeCompilerServicesUnsafeReadUnalignedSystemUInt32SystemVoidpointer', ID = '5227'
Method 'SystemTextEncoderFallbackBufferSystemTextEncoderget_FallbackBuffer', ID = '5230'
Method 'SystemBooleanSystemTextRuneTryCreateSystemCharSystemTextRune', ID = '5235'
Method 'SystemBooleanSystemTextRuneTryCreateSystemCharSystemCharSystemTextRune', ID = '5236'
Method 'SystemBooleanSystemCharIsHighSurrogateSystemChar', ID = '5237'
Method 'SystemTextRuneSystemTextRuneget_ReplacementChar', ID = '5238'
Method 'SystemBooleanSystemTextEncoderFallbackBufferInternalFallbackSystemReadOnlySpan1SystemCharSystemInt32', ID = '5239'
Method 'SystemInt32SystemTextEncoderFallbackBufferDrainRemainingDataForGetByteCount', ID = '5240'
Method 'SystemInt32InternalRuntimeCompilerServicesUnsafeSizeOfSystemRuntimeIntrinsicsVector1281SystemByte', ID = '5241'
Method 'SystemUInt64InternalRuntimeCompilerServicesUnsafeReadUnalignedSystemUInt64SystemVoidpointer', ID = '5242'
Method 'SystemBooleanSystemTextASCIIUtilityAllCharsInUInt64AreAsciiSystemUInt64', ID = '5243'
Method 'SystemUIntPtrSystemTextASCIIUtilityNarrowUtf16ToAscii_Sse2SystemCharpointerSystemBytepointerSystemUIntPtr', ID = '5244'
Method 'SystemNumericsVector1SystemUInt16SystemNumericsVectorBitwiseOrSystemUInt16SystemNumericsVector1SystemUInt16SystemNumericsVector1SystemUInt16', ID = '5245'
Method 'SystemBooleanSystemNumericsVectorGreaterThanAnySystemUInt16SystemNumericsVector1SystemUInt16SystemNumericsVector1SystemUInt16', ID = '5246'
Method 'SystemNumericsVector1SystemByteSystemNumericsVectorNarrowSystemNumericsVector1SystemUInt16SystemNumericsVector1SystemUInt16', ID = '5247'
Method 'SystemVoidInternalRuntimeCompilerServicesUnsafeWriteUnalignedSystemNumericsVector1SystemByteSystemVoidpointerSystemNumericsVector1SystemByte', ID = '5248'
Method 'SystemVoidSystemTextASCIIUtilityNarrowFourUtf16CharsToAsciiAndWriteToBufferSystemByteSystemUInt64', ID = '5249'
Method 'SystemBooleanSystemTextASCIIUtilityAllCharsInUInt32AreAsciiSystemUInt32', ID = '5250'
Method 'SystemVoidSystemTextASCIIUtilityNarrowTwoUtf16CharsToAsciiAndWriteToBufferSystemByteSystemUInt32', ID = '5251'
Method 'SystemBooleanSystemTextASCIIUtilityFirstCharInUInt32IsAsciiSystemUInt32', ID = '5252'
Method 'SystemRuntimeIntrinsicsVector1281SystemInt16SystemRuntimeIntrinsicsVector128CreateSystemInt16', ID = '5257'
Method 'SystemBooleanSystemTextUnicodeUtf16UtilityAllCharsInUInt32AreAsciiSystemUInt32', ID = '5258'
Method 'SystemVoidInternalRuntimeCompilerServicesUnsafeWriteUnalignedSystemUInt16SystemVoidpointerSystemUInt16', ID = '5259'
Method 'SystemInt64SystemMathMinSystemInt64SystemInt64', ID = '5260'
Method 'SystemVoidInternalRuntimeCompilerServicesUnsafeSkipInitSystemRuntimeIntrinsicsVector1281SystemInt16SystemRuntimeIntrinsicsVector1281SystemInt16', ID = '5261'
Method 'SystemRuntimeIntrinsicsVector1281SystemInt16InternalRuntimeCompilerServicesUnsafeReadUnalignedSystemRuntimeIntrinsicsVector1281SystemInt16SystemVoidpointer', ID = '5262'
Method 'SystemBooleanSystemRuntimeIntrinsicsX86Sse41TestZSystemRuntimeIntrinsicsVector1281SystemInt16SystemRuntimeIntrinsicsVector1281SystemInt16', ID = '5263'
Method 'SystemRuntimeIntrinsicsVector1281SystemByteSystemRuntimeIntrinsicsX86Sse2PackUnsignedSaturateSystemRuntimeIntrinsicsVector1281SystemInt16SystemRuntimeIntrinsicsVector1281SystemInt16', ID = '5264'
Method 'SystemRuntimeIntrinsicsVector1281SystemUInt64SystemRuntimeIntrinsicsVector128AsUInt64SystemByteSystemRuntimeIntrinsicsVector1281SystemByte', ID = '5265'
Method 'SystemVoidSystemRuntimeIntrinsicsX86Sse2StoreScalarSystemUInt64pointerSystemRuntimeIntrinsicsVector1281SystemUInt64', ID = '5266'
Method 'SystemBooleanSystemTextUnicodeUtf16UtilityAllCharsInUInt64AreAsciiSystemUInt64', ID = '5267'
Method 'SystemRuntimeIntrinsicsVector1281SystemUInt64SystemRuntimeIntrinsicsVector128CreateScalarUnsafeSystemUInt64', ID = '5268'
Method 'SystemRuntimeIntrinsicsVector1281SystemInt16SystemRuntimeIntrinsicsVector128AsInt16SystemUInt64SystemRuntimeIntrinsicsVector1281SystemUInt64', ID = '5269'
Method 'SystemRuntimeIntrinsicsVector1281SystemUInt32SystemRuntimeIntrinsicsVector128AsUInt32SystemByteSystemRuntimeIntrinsicsVector1281SystemByte', ID = '5270'
Method 'SystemUInt32SystemRuntimeIntrinsicsX86Sse2ConvertToUInt32SystemRuntimeIntrinsicsVector1281SystemUInt32', ID = '5271'
Method 'SystemVoidInternalRuntimeCompilerServicesUnsafeWriteUnalignedSystemUInt32SystemVoidpointerSystemUInt32', ID = '5272'
Method 'SystemRuntimeIntrinsicsVector1281SystemUInt64SystemRuntimeIntrinsicsVector128AsUInt64SystemInt16SystemRuntimeIntrinsicsVector1281SystemInt16', ID = '5273'
Method 'SystemUInt64SystemRuntimeIntrinsicsX86Sse2X64ConvertToUInt64SystemRuntimeIntrinsicsVector1281SystemUInt64', ID = '5274'
Method 'SystemUInt64SystemRuntimeIntrinsicsVector128ToScalarSystemUInt64SystemRuntimeIntrinsicsVector1281SystemUInt64', ID = '5275'
Method 'SystemUInt64SystemRuntimeIntrinsicsVector128GetElementSystemUInt64SystemRuntimeIntrinsicsVector1281SystemUInt64SystemInt32', ID = '5276'
Method 'SystemBooleanSystemTextUnicodeUtf8UtilityIsFirstCharAsciiSystemUInt32', ID = '5277'
Method 'SystemBooleanSystemTextUnicodeUtf8UtilityIsFirstCharAtLeastThreeUtf8BytesSystemUInt32', ID = '5278'
Method 'SystemBooleanSystemTextUnicodeUtf8UtilityIsSecondCharTwoUtf8BytesSystemUInt32', ID = '5279'
Method 'SystemUInt32SystemTextUnicodeUtf8UtilityExtractTwoUtf8TwoByteSequencesFromTwoPackedUtf16CharsSystemUInt32', ID = '5280'
Method 'SystemBooleanSystemTextUnicodeUtf8UtilityIsFirstCharTwoUtf8BytesSystemUInt32', ID = '5281'
Method 'SystemUInt32SystemTextUnicodeUtf8UtilityExtractUtf8TwoByteSequenceFromFirstUtf16CharSystemUInt32', ID = '5282'
Method 'SystemBooleanSystemTextUnicodeUtf8UtilityIsSecondCharAsciiSystemUInt32', ID = '5283'
Method 'SystemBooleanSystemTextUnicodeUtf8UtilityIsFirstCharSurrogateSystemUInt32', ID = '5284'
Method 'SystemBooleanSystemTextUnicodeUtf8UtilityIsSecondCharAtLeastThreeUtf8BytesSystemUInt32', ID = '5285'
Method 'SystemBooleanSystemTextUnicodeUtf8UtilityIsSecondCharSurrogateSystemUInt32', ID = '5286'
Method 'SystemVoidSystemTextUnicodeUtf8UtilityWriteTwoUtf16CharsAsTwoUtf8ThreeByteSequencesSystemByteSystemUInt32', ID = '5287'
Method 'SystemVoidSystemTextUnicodeUtf8UtilityWriteFirstUtf16CharAsUtf8ThreeByteSequenceSystemByteSystemUInt32', ID = '5288'
Method 'SystemBooleanSystemTextUnicodeUtf8UtilityIsWellFormedUtf16SurrogatePairSystemUInt32', ID = '5289'
Method 'SystemUInt32SystemTextUnicodeUtf8UtilityExtractFourUtf8BytesFromSurrogatePairSystemUInt32', ID = '5290'
Method 'SystemStringSystemSpan1SystemByteToString', ID = '5291'
Method 'SystemBooleanSystemSpan1SystemByteEqualsSystemObject', ID = '5292'
Method 'SystemInt32SystemSpan1SystemByteGetHashCode', ID = '5293'
Method 'SystemTextEncoderFallbackSystemTextEncoderget_Fallback', ID = '5294'
Method 'SystemBuffersOperationStatusSystemTextASCIIEncodingEncodeRuneSystemTextRuneSystemSpan1SystemByteSystemInt32', ID = '5295'
Method 'SystemBuffersOperationStatusSystemTextUTF8EncodingEncodeRuneSystemTextRuneSystemSpan1SystemByteSystemInt32', ID = '5296'
Method 'SystemBooleanSystemTextEncoderFallbackBufferTryDrainRemainingDataForGetBytesSystemSpan1SystemByteSystemInt32', ID = '5297'
Method 'SystemBooleanSystemTextEncoderget_InternalHasFallbackBuffer', ID = '5298'
Method 'SystemVoidSystemTextEncoderFallbackBufferInternalReset', ID = '5299'
Method 'SystemVoidSystemTextEncodingThrowBytesOverflow', ID = '5300'
Method 'SystemVoidSystemTextEncoderNLSClearMustFlush', ID = '5301'
Method 'SystemVoidSystemCollectionsGenericList1CosmosHALPITPITTimerAddWithResizeCosmosHALPITPITTimer', ID = '5302'
Method 'SystemVoidCosmosCore_PlugsMemoryOperationsMemoryOperationsImplFillSystemBytepointerSystemInt32SystemInt32', ID = '5303'
Method 'SystemVoidSystemReflectionModulecompilergeneratedcctor', ID = '5304'
Method 'SystemStringSystemPrivateCoreLibSystemSRget_InvalidFilterCriteriaException_CritString', ID = '5306'
Method 'SystemVoidSystemReflectionInvalidFilterCriteriaExceptionctorSystemString', ID = '5307'
Method 'SystemReadOnlySpan1SystemCharSystemMemoryExtensionsAsSpanSystemStringSystemInt32SystemInt32', ID = '5308'
Method 'SystemBooleanSystemMemoryExtensionsStartsWithSystemReadOnlySpan1SystemCharSystemReadOnlySpan1SystemCharSystemStringComparison', ID = '5309'
Method 'SystemInt32SystemCollectionsGenericDictionary2SystemStringSystemReflectionAssemblyInitializeSystemInt32', ID = '5319'
Method 'SystemVoidSystemCollectionsGenericList1SystemStringcctor', ID = '5320'
Method 'SystemRuntimeIntrinsicsVector1281SystemSingleSystemRuntimeIntrinsicsVector128AsSystemDoubleSystemSingleSystemRuntimeIntrinsicsVector1281SystemDouble', ID = '5321'
Method 'SystemRuntimeIntrinsicsVector1281SystemDoubleSystemRuntimeIntrinsicsVector128AsSystemDoubleSystemDoubleSystemRuntimeIntrinsicsVector1281SystemDouble', ID = '5322'
Method 'SystemRuntimeIntrinsicsVector1281SystemByteSystemRuntimeIntrinsicsVector128AsSystemDoubleSystemByteSystemRuntimeIntrinsicsVector1281SystemDouble', ID = '5323'
Method 'SystemRuntimeIntrinsicsVector1281SystemSingleSystemRuntimeIntrinsicsVector128AsSystemInt64SystemSingleSystemRuntimeIntrinsicsVector1281SystemInt64', ID = '5325'
Method 'SystemRuntimeIntrinsicsVector1281SystemByteSystemRuntimeIntrinsicsVector128AsSystemInt64SystemByteSystemRuntimeIntrinsicsVector1281SystemInt64', ID = '5326'
Method 'SystemGlobalizationCultureDataSystemGlobalizationCultureDataget_Invariant', ID = '5327'
Method 'SystemVoidSystemGlobalizationCultureInfoctorSystemGlobalizationCultureDataSystemBoolean', ID = '5328'
Method 'SystemVoidSystemGlobalizationCompareInfocctor', ID = '5331'
Method 'SystemStringSystemGlobalizationCompareInfoToString', ID = '5333'
Method 'SystemBooleanSystemGlobalizationCompareInfoEqualsSystemObject', ID = '5334'
Method 'SystemInt32SystemGlobalizationCompareInfoGetHashCode', ID = '5335'
Method 'SystemVoidSystemGlobalizationTextInfocctor', ID = '5336'
Method 'SystemStringSystemGlobalizationTextInfoToString', ID = '5338'
Method 'SystemBooleanSystemGlobalizationTextInfoEqualsSystemObject', ID = '5339'
Method 'SystemInt32SystemGlobalizationTextInfoGetHashCode', ID = '5340'
Method 'SystemObjectSystemGlobalizationDateTimeFormatInfoGetFormatSystemType', ID = '5344'
Method 'SystemVoidSystemGlobalizationCultureDatacctor', ID = '5345'
Method 'SystemBooleanCosmosCore_PlugsSystemGlobalizationCultureInfoImplEqualsSystemObject', ID = '5347'
Method 'SystemInt32CosmosCore_PlugsSystemGlobalizationCultureInfoImplGetHashCode', ID = '5348'
Method 'SystemGlobalizationDateTimeFormatInfoSystemGlobalizationCultureInfoget_DateTimeFormat', ID = '5349'
Method 'SystemStringSystemRuntimeIntrinsicsVector1281SystemSingleToString', ID = '5350'
Method 'SystemBooleanSystemRuntimeIntrinsicsVector1281SystemSingleEqualsSystemObject', ID = '5351'
Method 'SystemInt32SystemRuntimeIntrinsicsVector1281SystemSingleGetHashCode', ID = '5352'
Method 'SystemRuntimeIntrinsicsVector1281SystemSingleInternalRuntimeCompilerServicesUnsafeAsSystemRuntimeIntrinsicsVector1281SystemByteSystemRuntimeIntrinsicsVector1281SystemSi7D212046DA353B1A6AC5B0E9F6800F2F', ID = '5354'
Method 'SystemRuntimeIntrinsicsVector1281SystemDoubleInternalRuntimeCompilerServicesUnsafeAsSystemRuntimeIntrinsicsVector1281SystemByteSystemRuntimeIntrinsicsVector1281SystemDoA9162C7CE3D402BE5D8EB04587AF3727', ID = '5355'
Method 'SystemRuntimeIntrinsicsVector1281SystemByteInternalRuntimeCompilerServicesUnsafeAsSystemRuntimeIntrinsicsVector1281SystemByteSystemRuntimeIntrinsicsVector1281SystemByte8431AA14E55FC526DB112631AEA31BB0', ID = '5356'
Method 'SystemBooleanSystemByteEqualsSystemByte', ID = '5357'
Method 'SystemUInt32CosmosSystem_PlugsSystemHashCodeImplGenerateGlobalSeed', ID = '5358'
Method 'SystemBytearraySystemBitConverterGetBytesSystemSingle', ID = '5359'
Method 'SystemStringSystemRuntimeIntrinsicsVector2561SystemSingleToString', ID = '5361'
Method 'SystemBooleanSystemRuntimeIntrinsicsVector2561SystemSingleEqualsSystemObject', ID = '5362'
Method 'SystemInt32SystemRuntimeIntrinsicsVector2561SystemSingleGetHashCode', ID = '5363'
Method 'SystemRuntimeIntrinsicsVector2561SystemSingleInternalRuntimeCompilerServicesUnsafeAsSystemRuntimeIntrinsicsVector2561SystemByteSystemRuntimeIntrinsicsVector2561SystemSi11A9754D1FA2FB9323DB97EEBA820948', ID = '5365'
Method 'SystemStringSystemRuntimeIntrinsicsVector2561SystemDoubleToString', ID = '5366'
Method 'SystemBooleanSystemRuntimeIntrinsicsVector2561SystemDoubleEqualsSystemObject', ID = '5367'
Method 'SystemInt32SystemRuntimeIntrinsicsVector2561SystemDoubleGetHashCode', ID = '5368'
Method 'SystemRuntimeIntrinsicsVector2561SystemDoubleInternalRuntimeCompilerServicesUnsafeAsSystemRuntimeIntrinsicsVector2561SystemByteSystemRuntimeIntrinsicsVector2561SystemDoC1A03CFF887D3D94394DAF4502C56351', ID = '5370'
Method 'SystemRuntimeIntrinsicsVector2561SystemByteInternalRuntimeCompilerServicesUnsafeAsSystemRuntimeIntrinsicsVector2561SystemByteSystemRuntimeIntrinsicsVector2561SystemByteCA31E564568C3F83710BA368BA5038C5', ID = '5371'
Method 'SystemStringSystemRuntimeIntrinsicsVector1281SystemInt32ToString', ID = '5372'
Method 'SystemBooleanSystemRuntimeIntrinsicsVector1281SystemInt32EqualsSystemObject', ID = '5373'
Method 'SystemInt32SystemRuntimeIntrinsicsVector1281SystemInt32GetHashCode', ID = '5374'
Method 'SystemVoidSystemThrowHelperThrowForUnsupportedIntrinsicsVectorBaseTypeSystemInt32', ID = '5377'
Method 'SystemRuntimeIntrinsicsVector1281SystemSingleInternalRuntimeCompilerServicesUnsafeAsSystemRuntimeIntrinsicsVector1281SystemInt32SystemRuntimeIntrinsicsVector1281SystemSD28CE8C0725AA59CB6A8979FA942B5E1', ID = '5378'
Method 'SystemRuntimeIntrinsicsVector1281SystemDoubleInternalRuntimeCompilerServicesUnsafeAsSystemRuntimeIntrinsicsVector1281SystemInt64SystemRuntimeIntrinsicsVector1281SystemD80E58D45EB50F1C81487C01334A55A91', ID = '5380'
Method 'SystemBooleanSystemNumericsVector1SystemUInt64ScalarEqualsSystemUInt64SystemUInt64', ID = '5381'
Method 'SystemRuntimeIntrinsicsVector1281SystemSingleInternalRuntimeCompilerServicesUnsafeAsSystemRuntimeIntrinsicsVector1281SystemUInt16SystemRuntimeIntrinsicsVector1281System97B30D61D9DB759228A0CB7C05D376C0', ID = '5382'
Method 'SystemRuntimeIntrinsicsVector1281SystemDoubleInternalRuntimeCompilerServicesUnsafeAsSystemRuntimeIntrinsicsVector1281SystemUInt16SystemRuntimeIntrinsicsVector1281System914916F8B6C986B79BE0B9856B577658', ID = '5383'
Method 'SystemBooleanSystemUInt16EqualsSystemUInt16', ID = '5384'
Method 'SystemRuntimeIntrinsicsVector2561SystemSingleInternalRuntimeCompilerServicesUnsafeAsSystemRuntimeIntrinsicsVector2561SystemUInt16SystemRuntimeIntrinsicsVector2561System036A3E575C56D7A82340A13E403E7A3C', ID = '5385'
Method 'SystemRuntimeIntrinsicsVector2561SystemDoubleInternalRuntimeCompilerServicesUnsafeAsSystemRuntimeIntrinsicsVector2561SystemUInt16SystemRuntimeIntrinsicsVector2561SystemA920F7A2245CC1C4E48EBA7CCAAD3EC6', ID = '5386'
Method 'SystemBooleanCosmosCore_PlugsSystemCollectionsGenericByteEqualityComparerEqualsSystemByteSystemByte', ID = '5388'
Method 'SystemBooleanCosmosCore_PlugsSystemCollectionsGenericStringEqualityComparerEqualsSystemStringSystemString', ID = '5391'
Method 'SystemBooleanCosmosCore_PlugsSystemCollectionsGenericInt32EqualityComparerEqualsSystemInt32SystemInt32', ID = '5392'
Method 'SystemBooleanCosmosCore_PlugsSystemCollectionsGenericUInt32EqualityComparerEqualsSystemUInt32SystemUInt32', ID = '5393'
Method 'SystemBooleanCosmosCore_PlugsSystemCollectionsGenericInt64EqualityComparerEqualsSystemInt64SystemInt64', ID = '5394'
Method 'SystemBooleanCosmosCore_PlugsSystemCollectionsGenericCharEqualityComparerEqualsSystemCharSystemChar', ID = '5397'
Method 'SystemBooleanCosmosCore_PlugsSystemCollectionsGenericObjectEqualityComparerEqualsSystemObjectSystemObject', ID = '5404'
Method 'SystemVoidCosmosSystem_PlugsSystemRandomImplCtor', ID = '5406'
Method 'SystemVoidCosmosSystem_PlugsSystemRandomImplNextBytesSystemBytearray', ID = '5407'
Method 'SystemVoidSystemSZGenericArrayEnumerator1SystemCollectionsGenericDictionary2EntrySystemStringSystemBooleancctor', ID = '5408'
Method 'SystemVoidSystemSZGenericArrayEnumerator1SystemCollectionsGenericDictionary2EntrySystemStringSystemBooleanDispose', ID = '5409'
Method 'SystemBooleanSystemSZGenericArrayEnumerator1SystemCollectionsGenericDictionary2EntrySystemStringSystemBooleanMoveNext', ID = '5410'
Method 'SystemBooleanSystemRuntimeCompilerServicesRuntimeHelpersIsBitwiseEquatableSystemCollectionsGenericDictionary2EntrySystemStringSystemBoolean', ID = '5411'
Method 'SystemInt32InternalRuntimeCompilerServicesUnsafeSizeOfSystemCollectionsGenericDictionary2EntrySystemStringSystemBoolean', ID = '5412'
Method 'SystemByteInternalRuntimeCompilerServicesUnsafeAsSystemCollectionsGenericDictionary2EntrySystemStringSystemBooleanSystemByteSystemCollectionsGenericDictionary2EntrySystemStringSystemBoolean', ID = '5413'
Method 'SystemCharInternalRuntimeCompilerServicesUnsafeAsSystemCollectionsGenericDictionary2EntrySystemStringSystemBooleanSystemCharSystemCollectionsGenericDictionary2EntrySystemStringSystemBoolean', ID = '5414'
Method 'SystemInt32InternalRuntimeCompilerServicesUnsafeAsSystemCollectionsGenericDictionary2EntrySystemStringSystemBooleanSystemInt32SystemCollectionsGenericDictionary2EntrySystemStringSystemBoolean', ID = '5415'
Method 'SystemInt64InternalRuntimeCompilerServicesUnsafeAsSystemCollectionsGenericDictionary2EntrySystemStringSystemBooleanSystemInt64SystemCollectionsGenericDictionary2EntrySystemStringSystemBoolean', ID = '5416'
Method 'SystemCollectionsGenericEqualityComparer1SystemCollectionsGenericDictionary2EntrySystemStringSystemBooleanSystemCollectionsGenericEqualityComparer1SystemCollectionsGene3FB0F743647C85836CC008F33C1DDF17', ID = '5417'
Method 'SystemInt32SystemCollectionsGenericEqualityComparer1SystemCollectionsGenericDictionary2EntrySystemStringSystemBooleanIndexOfSystemCollectionsGenericDictionary2EntrySystD27CE2B4BAE6C44C86E7F1C7C98D373E', ID = '5418'
Method 'SystemVoidCosmosIL2CPUSZArrayImpl1GetEnumeratord__0SystemCollectionsGenericDictionary2EntrySystemStringSystemBooleanctorSystemInt32', ID = '5419'
Method 'SystemCollectionsGenericIEnumerator1SystemBooleanSystemSZArrayHelperGetEnumeratorSystemBoolean', ID = '5421'
Method 'SystemVoidSystemSZArrayHelperCopyToSystemBooleanSystemBooleanarraySystemInt32', ID = '5422'
Method 'SystemInt32SystemSZArrayHelperget_CountSystemBoolean', ID = '5423'
Method 'SystemBooleanSystemSZArrayHelperget_ItemSystemBooleanSystemInt32', ID = '5424'
Method 'SystemVoidSystemSZArrayHelperset_ItemSystemBooleanSystemInt32SystemBoolean', ID = '5425'
Method 'SystemVoidSystemSZArrayHelperAddSystemBooleanSystemBoolean', ID = '5426'
Method 'SystemBooleanSystemSZArrayHelperContainsSystemBooleanSystemBoolean', ID = '5427'
Method 'SystemBooleanSystemSZArrayHelperget_IsReadOnlySystemBoolean', ID = '5428'
Method 'SystemVoidSystemSZArrayHelperClearSystemBoolean', ID = '5429'
Method 'SystemInt32SystemSZArrayHelperIndexOfSystemBooleanSystemBoolean', ID = '5430'
Method 'SystemVoidSystemSZArrayHelperInsertSystemBooleanSystemInt32SystemBoolean', ID = '5431'
Method 'SystemBooleanSystemSZArrayHelperRemoveSystemBooleanSystemBoolean', ID = '5432'
Method 'SystemVoidSystemSZArrayHelperRemoveAtSystemBooleanSystemInt32', ID = '5433'
Method 'SystemCollectionsGenericKeyValuePair2SystemStringSystemBooleanarrayInternalRuntimeCompilerServicesUnsafeAsSystemCollectionsGenericKeyValuePair2SystemStringSystemBooleanarraySystemObject', ID = '5438'
Method 'SystemVoidSystemSZGenericArrayEnumerator1SystemCollectionsGenericKeyValuePair2SystemStringSystemBooleanctorSystemCollectionsGenericKeyValuePair2SystemStringSystemBooleanarray', ID = '5439'
Method 'SystemInt32SystemArrayIndexOfSystemCollectionsGenericKeyValuePair2SystemStringSystemBooleanSystemCollectionsGenericKeyValuePair2SystemStringSystemBooleanarraySystemCollA4C18F4980E73687329531B154222179', ID = '5443'
Method 'SystemCollectionsGenericIEnumerator1SystemCollectionsGenericKeyValuePair2SystemStringSystemBooleanCosmosIL2CPUSZArrayImpl1SystemCollectionsGenericKeyValuePair2SystemStringSystemBooleanGetEnumerator', ID = '5444'
Method 'SystemVoidCosmosIL2CPUSZArrayImpl1SystemCollectionsGenericKeyValuePair2SystemStringSystemBooleanCopyToSystemCollectionsGenericKeyValuePair2SystemStringSystemBooleanarraySystemInt32', ID = '5445'
Method 'SystemInt32CosmosIL2CPUSZArrayImpl1SystemCollectionsGenericKeyValuePair2SystemStringSystemBooleanget_Count', ID = '5446'
Method 'SystemCollectionsGenericKeyValuePair2SystemStringSystemBooleanCosmosIL2CPUSZArrayImpl1SystemCollectionsGenericKeyValuePair2SystemStringSystemBooleanget_ItemSystemInt32', ID = '5447'
Method 'SystemVoidCosmosIL2CPUSZArrayImpl1SystemCollectionsGenericKeyValuePair2SystemStringSystemBooleanset_ItemSystemInt32SystemCollectionsGenericKeyValuePair2SystemStringSystemBoolean', ID = '5448'
Method 'SystemVoidCosmosIL2CPUSZArrayImpl1SystemCollectionsGenericKeyValuePair2SystemStringSystemBooleanAddSystemCollectionsGenericKeyValuePair2SystemStringSystemBoolean', ID = '5449'
Method 'SystemBooleanCosmosIL2CPUSZArrayImpl1SystemCollectionsGenericKeyValuePair2SystemStringSystemBooleanContainsSystemCollectionsGenericKeyValuePair2SystemStringSystemBoolean', ID = '5450'
Method 'SystemBooleanCosmosIL2CPUSZArrayImpl1SystemCollectionsGenericKeyValuePair2SystemStringSystemBooleanget_IsReadOnly', ID = '5451'
Method 'SystemVoidCosmosIL2CPUSZArrayImpl1SystemCollectionsGenericKeyValuePair2SystemStringSystemBooleanClear', ID = '5452'
Method 'SystemInt32CosmosIL2CPUSZArrayImpl1SystemCollectionsGenericKeyValuePair2SystemStringSystemBooleanIndexOfSystemCollectionsGenericKeyValuePair2SystemStringSystemBoolean', ID = '5453'
Method 'SystemVoidCosmosIL2CPUSZArrayImpl1SystemCollectionsGenericKeyValuePair2SystemStringSystemBooleanInsertSystemInt32SystemCollectionsGenericKeyValuePair2SystemStringSystemBoolean', ID = '5454'
Method 'SystemVoidCosmosIL2CPUSZArrayImpl1SystemCollectionsGenericKeyValuePair2SystemStringSystemBooleanRemoveAtSystemInt32', ID = '5455'
Method 'SystemBooleanCosmosIL2CPUSZArrayImpl1SystemCollectionsGenericKeyValuePair2SystemStringSystemBooleanget_IsFixedSize', ID = '5456'
Method 'SystemVoidCosmosIL2CPUSZArrayImpl1SystemCollectionsGenericKeyValuePair2SystemStringSystemBooleanRemoveSystemCollectionsGenericKeyValuePair2SystemStringSystemBoolean', ID = '5457'
Method 'SystemObjectCosmosIL2CPUSZArrayImpl1SystemCollectionsGenericKeyValuePair2SystemStringSystemBooleanget_SyncRoot', ID = '5458'
Method 'SystemBooleanCosmosIL2CPUSZArrayImpl1SystemCollectionsGenericKeyValuePair2SystemStringSystemBooleanget_IsSynchronized', ID = '5459'
Method 'SystemBooleanSystemRuntimeTypeIsSubclassOfSystemType', ID = '5460'
Method 'SystemInt32SystemStringGetNonRandomizedHashCodeOrdinalIgnoreCase', ID = '5462'
Method 'SystemInt32CosmosCore_PlugsSystemStringImplGetNonRandomizedHashCodeSystemString', ID = '5463'
Method 'SystemInt32SystemMarvinComputeHash32OrdinalIgnoreCaseSystemCharSystemInt32SystemUInt32SystemUInt32', ID = '5464'
Method 'SystemBooleanSystemStringEqualsOrdinalIgnoreCaseSystemStringSystemString', ID = '5465'
Method 'SystemCharInternalRuntimeCompilerServicesUnsafeAddByteOffsetSystemCharSystemCharSystemIntPtr', ID = '5467'
Method 'SystemUInt64InternalRuntimeCompilerServicesUnsafeReadUnalignedSystemUInt64SystemByte', ID = '5468'
Method 'SystemBooleanSystemTextUnicodeUtf16UtilityUInt64OrdinalIgnoreCaseAsciiSystemUInt64SystemUInt64', ID = '5469'
Method 'SystemBooleanSystemTextUnicodeUtf16UtilityUInt32OrdinalIgnoreCaseAsciiSystemUInt32SystemUInt32', ID = '5470'
Method 'SystemInt32SystemGlobalizationOrdinalCompareStringIgnoreCaseSystemCharSystemInt32SystemCharSystemInt32', ID = '5471'
Method 'SystemCollectionsGenericDictionary2EntrySystemStringSystemObjectarrayInternalRuntimeCompilerServicesUnsafeAsSystemCollectionsGenericDictionary2EntrySystemStringSystemObjectarraySystemObject', ID = '5473'
Method 'SystemVoidSystemSZGenericArrayEnumerator1SystemCollectionsGenericDictionary2EntrySystemStringSystemObjectctorSystemCollectionsGenericDictionary2EntrySystemStringSystemObjectarray', ID = '5474'
Method 'SystemInt32SystemArrayIndexOfSystemCollectionsGenericDictionary2EntrySystemStringSystemObjectSystemCollectionsGenericDictionary2EntrySystemStringSystemObjectarraySystem8FE9EC443DBB2018D1227379FAC326DD', ID = '5477'
Method 'SystemCollectionsGenericIEnumerator1SystemCollectionsGenericDictionary2EntrySystemStringSystemObjectCosmosIL2CPUSZArrayImpl1SystemCollectionsGenericDictionary2EntrySyst80EC785D03B0FA0EB69B33E7427EB9A8', ID = '5478'
Method 'SystemVoidCosmosIL2CPUSZArrayImpl1SystemCollectionsGenericDictionary2EntrySystemStringSystemObjectCopyToSystemCollectionsGenericDictionary2EntrySystemStringSystemObjectarraySystemInt32', ID = '5479'
Method 'SystemInt32CosmosIL2CPUSZArrayImpl1SystemCollectionsGenericDictionary2EntrySystemStringSystemObjectget_Count', ID = '5480'
Method 'SystemCollectionsGenericDictionary2EntrySystemStringSystemObjectCosmosIL2CPUSZArrayImpl1SystemCollectionsGenericDictionary2EntrySystemStringSystemObjectget_ItemSystemInt32', ID = '5481'
Method 'SystemVoidCosmosIL2CPUSZArrayImpl1SystemCollectionsGenericDictionary2EntrySystemStringSystemObjectset_ItemSystemInt32SystemCollectionsGenericDictionary2EntrySystemStringSystemObject', ID = '5482'
Method 'SystemVoidCosmosIL2CPUSZArrayImpl1SystemCollectionsGenericDictionary2EntrySystemStringSystemObjectAddSystemCollectionsGenericDictionary2EntrySystemStringSystemObject', ID = '5483'
Method 'SystemBooleanCosmosIL2CPUSZArrayImpl1SystemCollectionsGenericDictionary2EntrySystemStringSystemObjectContainsSystemCollectionsGenericDictionary2EntrySystemStringSystemObject', ID = '5484'
Method 'SystemBooleanCosmosIL2CPUSZArrayImpl1SystemCollectionsGenericDictionary2EntrySystemStringSystemObjectget_IsReadOnly', ID = '5485'
Method 'SystemVoidCosmosIL2CPUSZArrayImpl1SystemCollectionsGenericDictionary2EntrySystemStringSystemObjectClear', ID = '5486'
Method 'SystemInt32CosmosIL2CPUSZArrayImpl1SystemCollectionsGenericDictionary2EntrySystemStringSystemObjectIndexOfSystemCollectionsGenericDictionary2EntrySystemStringSystemObject', ID = '5487'
Method 'SystemVoidCosmosIL2CPUSZArrayImpl1SystemCollectionsGenericDictionary2EntrySystemStringSystemObjectInsertSystemInt32SystemCollectionsGenericDictionary2EntrySystemStringSystemObject', ID = '5488'
Method 'SystemVoidCosmosIL2CPUSZArrayImpl1SystemCollectionsGenericDictionary2EntrySystemStringSystemObjectRemoveAtSystemInt32', ID = '5489'
Method 'SystemBooleanCosmosIL2CPUSZArrayImpl1SystemCollectionsGenericDictionary2EntrySystemStringSystemObjectget_IsFixedSize', ID = '5490'
Method 'SystemVoidCosmosIL2CPUSZArrayImpl1SystemCollectionsGenericDictionary2EntrySystemStringSystemObjectRemoveSystemCollectionsGenericDictionary2EntrySystemStringSystemObject', ID = '5491'
Method 'SystemObjectCosmosIL2CPUSZArrayImpl1SystemCollectionsGenericDictionary2EntrySystemStringSystemObjectget_SyncRoot', ID = '5492'
Method 'SystemBooleanCosmosIL2CPUSZArrayImpl1SystemCollectionsGenericDictionary2EntrySystemStringSystemObjectget_IsSynchronized', ID = '5493'
Method 'SystemCollectionsGenericIEnumerator1SystemCollectionsGenericKeyValuePair2SystemStringSystemObjectSystemSZArrayHelperGetEnumeratorSystemCollectionsGenericKeyValuePair2SystemStringSystemObject', ID = '5494'
Method 'SystemVoidSystemSZArrayHelperCopyToSystemCollectionsGenericKeyValuePair2SystemStringSystemObjectSystemCollectionsGenericKeyValuePair2SystemStringSystemObjectarraySystemInt32', ID = '5495'
Method 'SystemInt32SystemSZArrayHelperget_CountSystemCollectionsGenericKeyValuePair2SystemStringSystemObject', ID = '5496'
Method 'SystemCollectionsGenericKeyValuePair2SystemStringSystemObjectSystemSZArrayHelperget_ItemSystemCollectionsGenericKeyValuePair2SystemStringSystemObjectSystemInt32', ID = '5497'
Method 'SystemVoidSystemSZArrayHelperset_ItemSystemCollectionsGenericKeyValuePair2SystemStringSystemObjectSystemInt32SystemCollectionsGenericKeyValuePair2SystemStringSystemObject', ID = '5498'
Method 'SystemVoidSystemSZArrayHelperAddSystemCollectionsGenericKeyValuePair2SystemStringSystemObjectSystemCollectionsGenericKeyValuePair2SystemStringSystemObject', ID = '5499'
Method 'SystemBooleanSystemSZArrayHelperContainsSystemCollectionsGenericKeyValuePair2SystemStringSystemObjectSystemCollectionsGenericKeyValuePair2SystemStringSystemObject', ID = '5500'
Method 'SystemBooleanSystemSZArrayHelperget_IsReadOnlySystemCollectionsGenericKeyValuePair2SystemStringSystemObject', ID = '5501'
Method 'SystemVoidSystemSZArrayHelperClearSystemCollectionsGenericKeyValuePair2SystemStringSystemObject', ID = '5502'
Method 'SystemInt32SystemSZArrayHelperIndexOfSystemCollectionsGenericKeyValuePair2SystemStringSystemObjectSystemCollectionsGenericKeyValuePair2SystemStringSystemObject', ID = '5503'
Method 'SystemVoidSystemSZArrayHelperInsertSystemCollectionsGenericKeyValuePair2SystemStringSystemObjectSystemInt32SystemCollectionsGenericKeyValuePair2SystemStringSystemObject', ID = '5504'
Method 'SystemBooleanSystemSZArrayHelperRemoveSystemCollectionsGenericKeyValuePair2SystemStringSystemObjectSystemCollectionsGenericKeyValuePair2SystemStringSystemObject', ID = '5505'
Method 'SystemVoidSystemSZArrayHelperRemoveAtSystemCollectionsGenericKeyValuePair2SystemStringSystemObjectSystemInt32', ID = '5506'
Method 'SystemReadOnlySpan1SystemByteSystemCharget_Latin1CharInfo', ID = '5510'
Method 'SystemByteSystemReadOnlySpan1SystemByteget_ItemSystemInt32', ID = '5511'
Method 'SystemUIntPtrSystemGlobalizationCharUnicodeInfoGetCategoryCasingTableOffsetNoBoundsChecksSystemUInt32', ID = '5513'
Method 'SystemReadOnlySpan1SystemByteSystemGlobalizationCharUnicodeInfoget_CategoriesValues', ID = '5514'
Method 'SystemVoidCosmosIL2CPUSZArrayImpl1GetEnumeratord__0CosmosSystemFileSystemManagedPartitionSystemIDisposableDispose', ID = '5519'
Method 'SystemBooleanCosmosIL2CPUSZArrayImpl1GetEnumeratord__0CosmosSystemFileSystemManagedPartitionMoveNext', ID = '5520'
Method 'SystemVoidSystemCollectionsGenericEqualityComparer1CosmosSystemFileSystemFileSystemcctor', ID = '5521'
Method 'SystemVoidSystemCollectionsGenericEqualityComparer1CosmosHALPCIDevicecctor', ID = '5523'
Method 'SystemVoidSystemSZGenericArrayEnumerator1SystemUInt16cctor', ID = '5525'
Method 'SystemVoidSystemSZGenericArrayEnumerator1SystemUInt16Dispose', ID = '5526'
Method 'SystemBooleanSystemSZGenericArrayEnumerator1SystemUInt16MoveNext', ID = '5527'
Method 'SystemBooleanSystemRuntimeCompilerServicesRuntimeHelpersIsBitwiseEquatableSystemUInt16', ID = '5528'
Method 'SystemByteInternalRuntimeCompilerServicesUnsafeAsSystemUInt16SystemByteSystemUInt16', ID = '5529'
Method 'SystemCharInternalRuntimeCompilerServicesUnsafeAsSystemUInt16SystemCharSystemUInt16', ID = '5530'
Method 'SystemInt32InternalRuntimeCompilerServicesUnsafeAsSystemUInt16SystemInt32SystemUInt16', ID = '5531'
Method 'SystemInt64InternalRuntimeCompilerServicesUnsafeAsSystemUInt16SystemInt64SystemUInt16', ID = '5532'
Method 'SystemCollectionsGenericEqualityComparer1SystemUInt16SystemCollectionsGenericEqualityComparer1SystemUInt16get_Default', ID = '5533'
Method 'SystemInt32SystemCollectionsGenericEqualityComparer1SystemUInt16IndexOfSystemUInt16arraySystemUInt16SystemInt32SystemInt32', ID = '5534'
Method 'SystemVoidCosmosIL2CPUSZArrayImpl1GetEnumeratord__0SystemUInt16ctorSystemInt32', ID = '5535'
Method 'SystemInt32SystemTextUTF8EncodingGetCharsCommonSystemBytepointerSystemInt32SystemCharpointerSystemInt32', ID = '5537'
Method 'SystemStringSystemStringCreateStringFromEncodingSystemBytepointerSystemInt32SystemTextEncoding', ID = '5538'
Method 'SystemInt32InternalRuntimeCompilerServicesUnsafeSizeOfSystemGuid', ID = '5542'
Method 'SystemGuidInternalRuntimeCompilerServicesUnsafeReadUnalignedSystemGuidSystemByte', ID = '5543'
Method 'SystemVoidSystemCollectionsGenericList1CosmosHALBlockDeviceGPTGPartInfoset_CapacitySystemInt32', ID = '5544'
Method 'SystemVoidSystemSZGenericArrayEnumerator1CosmosHALBlockDeviceGPTGPartInfocctor', ID = '5545'
Method 'SystemVoidSystemSZGenericArrayEnumerator1CosmosHALBlockDeviceGPTGPartInfoDispose', ID = '5546'
Method 'SystemBooleanSystemSZGenericArrayEnumerator1CosmosHALBlockDeviceGPTGPartInfoMoveNext', ID = '5547'
Method 'SystemBooleanSystemRuntimeCompilerServicesRuntimeHelpersIsBitwiseEquatableCosmosHALBlockDeviceGPTGPartInfo', ID = '5548'
Method 'SystemInt32InternalRuntimeCompilerServicesUnsafeSizeOfCosmosHALBlockDeviceGPTGPartInfo', ID = '5549'
Method 'SystemByteInternalRuntimeCompilerServicesUnsafeAsCosmosHALBlockDeviceGPTGPartInfoSystemByteCosmosHALBlockDeviceGPTGPartInfo', ID = '5550'
Method 'SystemCharInternalRuntimeCompilerServicesUnsafeAsCosmosHALBlockDeviceGPTGPartInfoSystemCharCosmosHALBlockDeviceGPTGPartInfo', ID = '5551'
Method 'SystemInt32InternalRuntimeCompilerServicesUnsafeAsCosmosHALBlockDeviceGPTGPartInfoSystemInt32CosmosHALBlockDeviceGPTGPartInfo', ID = '5552'
Method 'SystemInt64InternalRuntimeCompilerServicesUnsafeAsCosmosHALBlockDeviceGPTGPartInfoSystemInt64CosmosHALBlockDeviceGPTGPartInfo', ID = '5553'
Method 'SystemCollectionsGenericEqualityComparer1CosmosHALBlockDeviceGPTGPartInfoSystemCollectionsGenericEqualityComparer1CosmosHALBlockDeviceGPTGPartInfoget_Default', ID = '5554'
Method 'SystemInt32SystemCollectionsGenericEqualityComparer1CosmosHALBlockDeviceGPTGPartInfoIndexOfCosmosHALBlockDeviceGPTGPartInfoarrayCosmosHALBlockDeviceGPTGPartInfoSystemInt32SystemInt32', ID = '5555'
Method 'SystemVoidCosmosIL2CPUSZArrayImpl1GetEnumeratord__0CosmosHALBlockDeviceGPTGPartInfoctorSystemInt32', ID = '5556'
Method 'SystemVoidSystemCollectionsGenericList1CosmosHALBlockDeviceMBRPartInfoset_CapacitySystemInt32', ID = '5558'
Method 'SystemVoidSystemSZGenericArrayEnumerator1CosmosHALBlockDeviceMBRPartInfocctor', ID = '5559'
Method 'SystemVoidSystemSZGenericArrayEnumerator1CosmosHALBlockDeviceMBRPartInfoDispose', ID = '5560'
Method 'SystemBooleanSystemSZGenericArrayEnumerator1CosmosHALBlockDeviceMBRPartInfoMoveNext', ID = '5561'
Method 'SystemBooleanSystemRuntimeCompilerServicesRuntimeHelpersIsBitwiseEquatableCosmosHALBlockDeviceMBRPartInfo', ID = '5562'
Method 'SystemInt32InternalRuntimeCompilerServicesUnsafeSizeOfCosmosHALBlockDeviceMBRPartInfo', ID = '5563'
Method 'SystemByteInternalRuntimeCompilerServicesUnsafeAsCosmosHALBlockDeviceMBRPartInfoSystemByteCosmosHALBlockDeviceMBRPartInfo', ID = '5564'
Method 'SystemCharInternalRuntimeCompilerServicesUnsafeAsCosmosHALBlockDeviceMBRPartInfoSystemCharCosmosHALBlockDeviceMBRPartInfo', ID = '5565'
Method 'SystemInt32InternalRuntimeCompilerServicesUnsafeAsCosmosHALBlockDeviceMBRPartInfoSystemInt32CosmosHALBlockDeviceMBRPartInfo', ID = '5566'
Method 'SystemInt64InternalRuntimeCompilerServicesUnsafeAsCosmosHALBlockDeviceMBRPartInfoSystemInt64CosmosHALBlockDeviceMBRPartInfo', ID = '5567'
Method 'SystemCollectionsGenericEqualityComparer1CosmosHALBlockDeviceMBRPartInfoSystemCollectionsGenericEqualityComparer1CosmosHALBlockDeviceMBRPartInfoget_Default', ID = '5568'
Method 'SystemInt32SystemCollectionsGenericEqualityComparer1CosmosHALBlockDeviceMBRPartInfoIndexOfCosmosHALBlockDeviceMBRPartInfoarrayCosmosHALBlockDeviceMBRPartInfoSystemInt32SystemInt32', ID = '5569'
Method 'SystemVoidCosmosIL2CPUSZArrayImpl1GetEnumeratord__0CosmosHALBlockDeviceMBRPartInfoctorSystemInt32', ID = '5570'
Method 'SystemInt16InternalRuntimeCompilerServicesUnsafeReadUnalignedSystemInt16SystemByte', ID = '5572'
Method 'SystemVoidSystemCollectionsGenericList1CosmosHALBlockDeviceEBRPartInfoset_CapacitySystemInt32', ID = '5573'
Method 'SystemVoidSystemSZGenericArrayEnumerator1CosmosHALBlockDeviceEBRPartInfocctor', ID = '5574'
Method 'SystemVoidSystemSZGenericArrayEnumerator1CosmosHALBlockDeviceEBRPartInfoDispose', ID = '5575'
Method 'SystemBooleanSystemSZGenericArrayEnumerator1CosmosHALBlockDeviceEBRPartInfoMoveNext', ID = '5576'
Method 'SystemBooleanSystemRuntimeCompilerServicesRuntimeHelpersIsBitwiseEquatableCosmosHALBlockDeviceEBRPartInfo', ID = '5577'
Method 'SystemInt32InternalRuntimeCompilerServicesUnsafeSizeOfCosmosHALBlockDeviceEBRPartInfo', ID = '5578'
Method 'SystemByteInternalRuntimeCompilerServicesUnsafeAsCosmosHALBlockDeviceEBRPartInfoSystemByteCosmosHALBlockDeviceEBRPartInfo', ID = '5579'
Method 'SystemCharInternalRuntimeCompilerServicesUnsafeAsCosmosHALBlockDeviceEBRPartInfoSystemCharCosmosHALBlockDeviceEBRPartInfo', ID = '5580'
Method 'SystemInt32InternalRuntimeCompilerServicesUnsafeAsCosmosHALBlockDeviceEBRPartInfoSystemInt32CosmosHALBlockDeviceEBRPartInfo', ID = '5581'
Method 'SystemInt64InternalRuntimeCompilerServicesUnsafeAsCosmosHALBlockDeviceEBRPartInfoSystemInt64CosmosHALBlockDeviceEBRPartInfo', ID = '5582'
Method 'SystemCollectionsGenericEqualityComparer1CosmosHALBlockDeviceEBRPartInfoSystemCollectionsGenericEqualityComparer1CosmosHALBlockDeviceEBRPartInfoget_Default', ID = '5583'
Method 'SystemInt32SystemCollectionsGenericEqualityComparer1CosmosHALBlockDeviceEBRPartInfoIndexOfCosmosHALBlockDeviceEBRPartInfoarrayCosmosHALBlockDeviceEBRPartInfoSystemInt32SystemInt32', ID = '5584'
Method 'SystemVoidCosmosIL2CPUSZArrayImpl1GetEnumeratord__0CosmosHALBlockDeviceEBRPartInfoctorSystemInt32', ID = '5585'
Method 'SystemVoidSystemCollectionsGenericEqualityComparer1CosmosHALBlockDeviceBlockDevicecctor', ID = '5587'
Method 'SystemVoidSystemCollectionsGenericEqualityComparer1CosmosHALBlockDevicePartitioncctor', ID = '5589'
Method 'SystemVoidCosmosIL2CPUSZArrayImpl1GetEnumeratord__0CosmosHALBlockDevicePortsStoragePortSystemIDisposableDispose', ID = '5595'
Method 'SystemBooleanCosmosIL2CPUSZArrayImpl1GetEnumeratord__0CosmosHALBlockDevicePortsStoragePortMoveNext', ID = '5596'
Method 'SystemStringSystemNumericsVector1SystemUInt32ToString', ID = '5597'
Method 'SystemBooleanSystemNumericsVector1SystemUInt32EqualsSystemObject', ID = '5598'
Method 'SystemInt32SystemNumericsVector1SystemUInt32GetHashCode', ID = '5599'
Method 'SystemStringSystemNumericsVector1SystemUInt32ToStringSystemStringSystemIFormatProvider', ID = '5600'
Method 'SystemNumericsVector1SystemUInt32InternalRuntimeCompilerServicesUnsafeAsRefSystemNumericsVector1SystemUInt32SystemNumericsVector1SystemUInt32', ID = '5603'
Method 'SystemUInt32InternalRuntimeCompilerServicesUnsafeAsSystemNumericsVector1SystemUInt32SystemUInt32SystemNumericsVector1SystemUInt32', ID = '5604'
Method 'SystemUInt32InternalRuntimeCompilerServicesUnsafeAddSystemUInt32SystemUInt32SystemIntPtr', ID = '5605'
Method 'SystemInt32InternalRuntimeCompilerServicesUnsafeSizeOfSystemNumericsVector1SystemUInt32', ID = '5606'
Method 'SystemStringSystemNumericsVector1SystemSingleToString', ID = '5607'
Method 'SystemBooleanSystemNumericsVector1SystemSingleEqualsSystemObject', ID = '5608'
Method 'SystemInt32SystemNumericsVector1SystemSingleGetHashCode', ID = '5609'
Method 'SystemStringSystemNumericsVector1SystemSingleToStringSystemStringSystemIFormatProvider', ID = '5610'
Method 'SystemNumericsVector1SystemSingleInternalRuntimeCompilerServicesUnsafeAsRefSystemNumericsVector1SystemSingleSystemNumericsVector1SystemSingle', ID = '5613'
Method 'SystemSingleInternalRuntimeCompilerServicesUnsafeAsSystemNumericsVector1SystemSingleSystemSingleSystemNumericsVector1SystemSingle', ID = '5614'
Method 'SystemSingleInternalRuntimeCompilerServicesUnsafeAddSystemSingleSystemSingleSystemIntPtr', ID = '5615'
Method 'SystemInt32InternalRuntimeCompilerServicesUnsafeSizeOfSystemNumericsVector1SystemSingle', ID = '5616'
Method 'SystemInt32InternalRuntimeCompilerServicesUnsafeSizeOfSystemSingle', ID = '5617'
Method 'SystemStringSystemNumericsVector1SystemDoubleToString', ID = '5618'
Method 'SystemBooleanSystemNumericsVector1SystemDoubleEqualsSystemObject', ID = '5619'
Method 'SystemInt32SystemNumericsVector1SystemDoubleGetHashCode', ID = '5620'
Method 'SystemStringSystemNumericsVector1SystemDoubleToStringSystemStringSystemIFormatProvider', ID = '5621'
Method 'SystemNumericsVector1SystemDoubleInternalRuntimeCompilerServicesUnsafeAsRefSystemNumericsVector1SystemDoubleSystemNumericsVector1SystemDouble', ID = '5624'
Method 'SystemDoubleInternalRuntimeCompilerServicesUnsafeAsSystemNumericsVector1SystemDoubleSystemDoubleSystemNumericsVector1SystemDouble', ID = '5625'
Method 'SystemDoubleInternalRuntimeCompilerServicesUnsafeAddSystemDoubleSystemDoubleSystemIntPtr', ID = '5626'
Method 'SystemInt32InternalRuntimeCompilerServicesUnsafeSizeOfSystemNumericsVector1SystemDouble', ID = '5627'
Method 'SystemRuntimeIntrinsicsVector2561SystemByteSystemRuntimeIntrinsicsX86Avx2InsertVector128SystemRuntimeIntrinsicsVector2561SystemByteSystemRuntimeIntrinsicsVector1281SystemByteSystemByte', ID = '5628'
Method 'SystemRuntimeIntrinsicsVector2561SystemSingleSystemRuntimeIntrinsicsX86AvxInsertVector128SystemRuntimeIntrinsicsVector2561SystemSingleSystemRuntimeIntrinsicsVector1281SystemSingleSystemByte', ID = '5629'
Method 'SystemRuntimeIntrinsicsVector2561SystemByteSystemRuntimeIntrinsicsVector256AsSystemSingleSystemByteSystemRuntimeIntrinsicsVector2561SystemSingle', ID = '5630'
Method 'SystemRuntimeIntrinsicsVector2561SystemByteSystemRuntimeIntrinsicsVector256WithUpperg__SoftwareFallbacksLine69_0SystemByteSystemRuntimeIntrinsicsVector2561SystemByteSysB2F2EE5EE470C70888B92A3B47D1A7CF', ID = '5631'
Method 'SystemRuntimeIntrinsicsVector2561SystemByteSystemRuntimeIntrinsicsVector2561SystemByteget_Zero', ID = '5632'
Method 'SystemRuntimeIntrinsicsVector1281SystemByteInternalRuntimeCompilerServicesUnsafeAsSystemRuntimeIntrinsicsVector2561SystemByteSystemRuntimeIntrinsicsVector1281SystemByteEEA653FC6993868A7B01AEEEA04A531F', ID = '5633'
Method 'SystemRuntimeIntrinsicsVector1281SystemByteInternalRuntimeCompilerServicesUnsafeAddSystemRuntimeIntrinsicsVector1281SystemByteSystemRuntimeIntrinsicsVector1281SystemByteSystemInt32', ID = '5634'
Method 'SystemVoidSystemSZGenericArrayEnumerator1CosmosHALBlockDeviceRegistersHBACommandHeadercctor', ID = '5635'
Method 'SystemVoidSystemSZGenericArrayEnumerator1CosmosHALBlockDeviceRegistersHBACommandHeaderDispose', ID = '5636'
Method 'SystemBooleanSystemSZGenericArrayEnumerator1CosmosHALBlockDeviceRegistersHBACommandHeaderMoveNext', ID = '5637'
Method 'SystemBooleanSystemRuntimeCompilerServicesRuntimeHelpersIsBitwiseEquatableCosmosHALBlockDeviceRegistersHBACommandHeader', ID = '5638'
Method 'SystemInt32InternalRuntimeCompilerServicesUnsafeSizeOfCosmosHALBlockDeviceRegistersHBACommandHeader', ID = '5639'
Method 'SystemByteInternalRuntimeCompilerServicesUnsafeAsCosmosHALBlockDeviceRegistersHBACommandHeaderSystemByteCosmosHALBlockDeviceRegistersHBACommandHeader', ID = '5640'
Method 'SystemCharInternalRuntimeCompilerServicesUnsafeAsCosmosHALBlockDeviceRegistersHBACommandHeaderSystemCharCosmosHALBlockDeviceRegistersHBACommandHeader', ID = '5641'
Method 'SystemInt32InternalRuntimeCompilerServicesUnsafeAsCosmosHALBlockDeviceRegistersHBACommandHeaderSystemInt32CosmosHALBlockDeviceRegistersHBACommandHeader', ID = '5642'
Method 'SystemInt64InternalRuntimeCompilerServicesUnsafeAsCosmosHALBlockDeviceRegistersHBACommandHeaderSystemInt64CosmosHALBlockDeviceRegistersHBACommandHeader', ID = '5643'
Method 'SystemCollectionsGenericEqualityComparer1CosmosHALBlockDeviceRegistersHBACommandHeaderSystemCollectionsGenericEqualityComparer1CosmosHALBlockDeviceRegistersHBACommandHeaderget_Default', ID = '5644'
Method 'SystemInt32SystemCollectionsGenericEqualityComparer1CosmosHALBlockDeviceRegistersHBACommandHeaderIndexOfCosmosHALBlockDeviceRegistersHBACommandHeaderarrayCosmosHALBlockEAE43D4E2EBB321ABCA4D9D541CE6156', ID = '5645'
Method 'SystemVoidCosmosIL2CPUSZArrayImpl1GetEnumeratord__0CosmosHALBlockDeviceRegistersHBACommandHeaderctorSystemInt32', ID = '5646'
Method 'CosmosHALBlockDeviceRegistersHBAPRDTEntryarrayInternalRuntimeCompilerServicesUnsafeAsCosmosHALBlockDeviceRegistersHBAPRDTEntryarraySystemObject', ID = '5649'
Method 'SystemVoidSystemSZGenericArrayEnumerator1CosmosHALBlockDeviceRegistersHBAPRDTEntryctorCosmosHALBlockDeviceRegistersHBAPRDTEntryarray', ID = '5650'
Method 'SystemInt32SystemArrayIndexOfCosmosHALBlockDeviceRegistersHBAPRDTEntryCosmosHALBlockDeviceRegistersHBAPRDTEntryarrayCosmosHALBlockDeviceRegistersHBAPRDTEntrySystemInt32SystemInt32', ID = '5653'
Method 'SystemCollectionsGenericIEnumerator1CosmosHALBlockDeviceRegistersHBAPRDTEntryCosmosIL2CPUSZArrayImpl1CosmosHALBlockDeviceRegistersHBAPRDTEntryGetEnumerator', ID = '5654'
Method 'SystemVoidCosmosIL2CPUSZArrayImpl1CosmosHALBlockDeviceRegistersHBAPRDTEntryCopyToCosmosHALBlockDeviceRegistersHBAPRDTEntryarraySystemInt32', ID = '5655'
Method 'SystemInt32CosmosIL2CPUSZArrayImpl1CosmosHALBlockDeviceRegistersHBAPRDTEntryget_Count', ID = '5656'
Method 'CosmosHALBlockDeviceRegistersHBAPRDTEntryCosmosIL2CPUSZArrayImpl1CosmosHALBlockDeviceRegistersHBAPRDTEntryget_ItemSystemInt32', ID = '5657'
Method 'SystemVoidCosmosIL2CPUSZArrayImpl1CosmosHALBlockDeviceRegistersHBAPRDTEntryset_ItemSystemInt32CosmosHALBlockDeviceRegistersHBAPRDTEntry', ID = '5658'
Method 'SystemVoidCosmosIL2CPUSZArrayImpl1CosmosHALBlockDeviceRegistersHBAPRDTEntryAddCosmosHALBlockDeviceRegistersHBAPRDTEntry', ID = '5659'
Method 'SystemBooleanCosmosIL2CPUSZArrayImpl1CosmosHALBlockDeviceRegistersHBAPRDTEntryContainsCosmosHALBlockDeviceRegistersHBAPRDTEntry', ID = '5660'
Method 'SystemBooleanCosmosIL2CPUSZArrayImpl1CosmosHALBlockDeviceRegistersHBAPRDTEntryget_IsReadOnly', ID = '5661'
Method 'SystemVoidCosmosIL2CPUSZArrayImpl1CosmosHALBlockDeviceRegistersHBAPRDTEntryClear', ID = '5662'
Method 'SystemInt32CosmosIL2CPUSZArrayImpl1CosmosHALBlockDeviceRegistersHBAPRDTEntryIndexOfCosmosHALBlockDeviceRegistersHBAPRDTEntry', ID = '5663'
Method 'SystemVoidCosmosIL2CPUSZArrayImpl1CosmosHALBlockDeviceRegistersHBAPRDTEntryInsertSystemInt32CosmosHALBlockDeviceRegistersHBAPRDTEntry', ID = '5664'
Method 'SystemVoidCosmosIL2CPUSZArrayImpl1CosmosHALBlockDeviceRegistersHBAPRDTEntryRemoveAtSystemInt32', ID = '5665'
Method 'SystemBooleanCosmosIL2CPUSZArrayImpl1CosmosHALBlockDeviceRegistersHBAPRDTEntryget_IsFixedSize', ID = '5666'
Method 'SystemVoidCosmosIL2CPUSZArrayImpl1CosmosHALBlockDeviceRegistersHBAPRDTEntryRemoveCosmosHALBlockDeviceRegistersHBAPRDTEntry', ID = '5667'
Method 'SystemObjectCosmosIL2CPUSZArrayImpl1CosmosHALBlockDeviceRegistersHBAPRDTEntryget_SyncRoot', ID = '5668'
Method 'SystemBooleanCosmosIL2CPUSZArrayImpl1CosmosHALBlockDeviceRegistersHBAPRDTEntryget_IsSynchronized', ID = '5669'
Method 'SystemVoidSystemBuffersArrayPool1SystemCharctor', ID = '5671'
Method 'SystemVoidSystemValueTuple2SystemUInt32SystemUInt32ctorSystemUInt32SystemUInt32', ID = '5683'
Method 'SystemStringSystemValueTuple2SystemUInt32SystemUInt32ToString', ID = '5684'
Method 'SystemBooleanSystemValueTuple2SystemUInt32SystemUInt32EqualsSystemObject', ID = '5685'
Method 'SystemInt32SystemValueTuple2SystemUInt32SystemUInt32GetHashCode', ID = '5686'
Method 'SystemStringSystemPrivateCoreLibSystemSRget_Argument_BadFormatSpecifier', ID = '5691'
Method 'SystemInt32SystemBuffersTextFormattingHelpersCountHexDigitsSystemUInt64', ID = '5692'
Method 'SystemCharpointerSystemNumberInt32ToHexCharsSystemCharpointerSystemUInt32SystemInt32SystemInt32', ID = '5693'
Method 'SystemByteSystemSpan1SystemByteget_ItemSystemInt32', ID = '5695'
Method 'SystemBytepointerSystemNumberNumberBufferGetDigitsPointer', ID = '5697'
Method 'SystemBytepointerSystemNumberUInt32ToDecCharsSystemBytepointerSystemUInt32SystemInt32', ID = '5698'
Method 'SystemInt32SystemGlobalizationNumberFormatInfoget_CurrencyDecimalDigits', ID = '5699'
Method 'SystemVoidSystemNumberRoundNumberSystemNumberNumberBufferSystemInt32SystemBoolean', ID = '5700'
Method 'SystemVoidSystemNumberFormatCurrencySystemTextValueStringBuilderSystemNumberNumberBufferSystemInt32SystemGlobalizationNumberFormatInfo', ID = '5701'
Method 'SystemInt32SystemGlobalizationNumberFormatInfoget_NumberDecimalDigits', ID = '5702'
Method 'SystemStringSystemGlobalizationNumberFormatInfoget_NumberDecimalSeparator', ID = '5703'
Method 'SystemVoidSystemNumberFormatFixedSystemTextValueStringBuilderSystemNumberNumberBufferSystemInt32SystemInt32arraySystemStringSystemString', ID = '5704'
Method 'SystemVoidSystemNumberFormatNumberSystemTextValueStringBuilderSystemNumberNumberBufferSystemInt32SystemGlobalizationNumberFormatInfo', ID = '5705'
Method 'SystemVoidSystemNumberFormatScientificSystemTextValueStringBuilderSystemNumberNumberBufferSystemInt32SystemGlobalizationNumberFormatInfoSystemChar', ID = '5706'
Method 'SystemVoidSystemNumberFormatGeneralSystemTextValueStringBuilderSystemNumberNumberBufferSystemInt32SystemGlobalizationNumberFormatInfoSystemCharSystemBoolean', ID = '5707'
Method 'SystemInt32SystemGlobalizationNumberFormatInfoget_PercentDecimalDigits', ID = '5708'
Method 'SystemVoidSystemNumberFormatPercentSystemTextValueStringBuilderSystemNumberNumberBufferSystemInt32SystemGlobalizationNumberFormatInfo', ID = '5709'
Method 'SystemInt32SystemNumberFindSectionSystemReadOnlySpan1SystemCharSystemInt32', ID = '5710'
Method 'SystemInt32SystemSpan1SystemInt32get_Length', ID = '5711'
Method 'SystemSpan1SystemInt32SystemSpan1SystemInt32op_ImplicitSystemInt32array', ID = '5712'
Method 'SystemVoidSystemSpan1SystemInt32CopyToSystemSpan1SystemInt32', ID = '5713'
Method 'SystemInt32SystemSpan1SystemInt32get_ItemSystemInt32', ID = '5714'
Method 'SystemStringSystemGlobalizationNumberFormatInfoget_PerMilleSymbol', ID = '5715'
Method 'SystemStringSystemGlobalizationNumberFormatInfoget_PercentSymbol', ID = '5716'
Method 'SystemVoidSystemNumberFormatExponentSystemTextValueStringBuilderSystemGlobalizationNumberFormatInfoSystemInt32SystemCharSystemInt32SystemBoolean', ID = '5717'
Method 'SystemInt32SystemTextValueStringBuilderget_Length', ID = '5718'
Method 'SystemVoidSystemTextValueStringBuilderInsertSystemInt32SystemString', ID = '5719'
Method 'SystemVoidSystemGlobalizationNumberFormatInfoctorSystemGlobalizationCultureData', ID = '5720'
Method 'SystemGlobalizationNumberFormatInfoSystemThreadingInterlockedCompareExchangeSystemGlobalizationNumberFormatInfoSystemGlobalizationNumberFormatInfoSystemGlobalizationNum1AC155408BC98221EC1517F620BD543E', ID = '5721'
Method 'SystemStringSystemNumberNumberBufferToString', ID = '5722'
Method 'SystemNumberDiyFpSystemNumberDiyFpCreateAndGetBoundariesSystemDoubleSystemNumberDiyFpSystemNumberDiyFp', ID = '5724'
Method 'SystemNumberDiyFpSystemNumberDiyFpNormalize', ID = '5725'
Method 'SystemBooleanSystemNumberGrisu3TryRunShortestSystemNumberDiyFpSystemNumberDiyFpSystemNumberDiyFpSystemSpan1SystemByteSystemInt32SystemInt32', ID = '5726'
Method 'SystemVoidSystemNumberDiyFpctorSystemDouble', ID = '5727'
Method 'SystemBooleanSystemNumberGrisu3TryRunCountedSystemNumberDiyFpSystemInt32SystemSpan1SystemByteSystemInt32SystemInt32', ID = '5728'
Method 'SystemUInt64SystemNumberExtractFractionAndBiasedExponentSystemDoubleSystemInt32', ID = '5729'
Method 'SystemInt32SystemNumericsBitOperationsLog2SystemUInt64', ID = '5730'
Method 'SystemUInt32SystemNumberDragon4SystemUInt64SystemInt32SystemUInt32SystemBooleanSystemInt32SystemBooleanSystemSpan1SystemByteSystemInt32', ID = '5731'
Method 'SystemInt32SystemBitConverterSingleToInt32BitsSystemSingle', ID = '5733'
Method 'SystemNumberDiyFpSystemNumberDiyFpCreateAndGetBoundariesSystemSingleSystemNumberDiyFpSystemNumberDiyFp', ID = '5734'
Method 'SystemVoidSystemNumberDiyFpctorSystemSingle', ID = '5735'
Method 'SystemUInt32SystemNumberExtractFractionAndBiasedExponentSystemSingleSystemInt32', ID = '5736'
Method 'SystemInt32SystemNumericsBitOperationsLog2SystemUInt32', ID = '5737'
Method 'SystemChararraySystemGCAllocateUninitializedArraySystemCharSystemInt32SystemBoolean', ID = '5738'
Method 'SystemVoidSystemTextStringBuilderctorSystemTextStringBuilder', ID = '5739'
Method 'SystemSpan1SystemCharSystemMemoryExtensionsAsSpanSystemCharSystemChararraySystemInt32', ID = '5740'
Method 'SystemVoidCosmosIL2CPUSZArrayImpl1GetEnumeratord__0CosmosCoreManagedMemoryBlockSystemIDisposableDispose', ID = '5745'
Method 'SystemBooleanCosmosIL2CPUSZArrayImpl1GetEnumeratord__0CosmosCoreManagedMemoryBlockMoveNext', ID = '5746'
Method 'SystemVoidCosmosIL2CPUSZArrayImpl1GetEnumeratord__0SystemBytearraySystemIDisposableDispose', ID = '5750'
Method 'SystemBooleanCosmosIL2CPUSZArrayImpl1GetEnumeratord__0SystemBytearrayMoveNext', ID = '5751'
Method 'SystemVoidSystemCollectionsGenericEqualityComparer1CosmosHALNetworkDevicecctor', ID = '5753'
Method 'SystemVoidSystemRuntimeCompilerServicesDefaultInterpolatedStringHandlerctorSystemInt32SystemInt32SystemIFormatProviderSystemSpan1SystemChar', ID = '5756'
Method 'SystemVoidSystemRuntimeCompilerServicesDefaultInterpolatedStringHandlerAppendFormattedSystemObjectSystemObject', ID = '5757'
Method 'SystemStringSystemStringCreateSystemIFormatProviderSystemSpan1SystemCharSystemRuntimeCompilerServicesDefaultInterpolatedStringHandler', ID = '5758'
Method 'SystemVoidSystemCollectionsGenericEqualityComparer1SystemCollectionsGenericKeyValuePair2SystemUInt32CosmosHALNetworkDevicecctor', ID = '5759'
Method 'SystemBooleanSystemRuntimeFieldHandleEqualsSystemObject', ID = '5762'
Method 'SystemInt32SystemRuntimeFieldHandleGetHashCode', ID = '5763'
Method 'SystemVoidCosmosSystem_PlugsSystemMathImplcctor', ID = '5765'
Method 'SystemUInt32InternalRuntimeCompilerServicesUnsafeAsSystemByteSystemUInt32SystemByte', ID = '5766'
Method 'SystemIntPtrCosmosCore_PlugsSystemRuntimeTypeImplget_Cache', ID = '5768'
Method 'SystemStringSystemRuntimeTypeRuntimeTypeCacheConstructNameSystemStringSystemTypeNameFormatFlags', ID = '5769'
Method 'SystemTypeSystemTypeGetRootElementType', ID = '5770'
Method 'SystemBooleanSystemTypeget_IsGenericTypeDefinition', ID = '5771'
Method 'SystemBooleanSystemTypeget_ContainsGenericParameters', ID = '5772'
Method 'SystemVoidSystemInvalidOperationExceptionctor', ID = '5773'
Method 'SystemVoidSystemStringComparerctor', ID = '5774'
Method 'SystemVoidSystemSZGenericArrayEnumerator1CosmosHALKeyboardBasecctor', ID = '5775'
Method 'SystemVoidSystemSZGenericArrayEnumerator1CosmosHALKeyboardBaseDispose', ID = '5776'
Method 'CosmosHALKeyboardBaseSystemSZGenericArrayEnumerator1CosmosHALKeyboardBaseget_Current', ID = '5777'
Method 'SystemBooleanSystemSZGenericArrayEnumerator1CosmosHALKeyboardBaseMoveNext', ID = '5778'
Method 'SystemBooleanSystemRuntimeCompilerServicesRuntimeHelpersIsBitwiseEquatableCosmosHALKeyboardBase', ID = '5779'
Method 'SystemInt32InternalRuntimeCompilerServicesUnsafeSizeOfCosmosHALKeyboardBase', ID = '5780'
Method 'SystemByteInternalRuntimeCompilerServicesUnsafeAsCosmosHALKeyboardBaseSystemByteCosmosHALKeyboardBase', ID = '5781'
Method 'SystemCharInternalRuntimeCompilerServicesUnsafeAsCosmosHALKeyboardBaseSystemCharCosmosHALKeyboardBase', ID = '5782'
Method 'SystemInt32InternalRuntimeCompilerServicesUnsafeAsCosmosHALKeyboardBaseSystemInt32CosmosHALKeyboardBase', ID = '5783'
Method 'SystemInt64InternalRuntimeCompilerServicesUnsafeAsCosmosHALKeyboardBaseSystemInt64CosmosHALKeyboardBase', ID = '5784'
Method 'SystemCollectionsGenericEqualityComparer1CosmosHALKeyboardBaseSystemCollectionsGenericEqualityComparer1CosmosHALKeyboardBaseget_Default', ID = '5785'
Method 'SystemInt32SystemCollectionsGenericEqualityComparer1CosmosHALKeyboardBaseIndexOfCosmosHALKeyboardBasearrayCosmosHALKeyboardBaseSystemInt32SystemInt32', ID = '5786'
Method 'SystemVoidCosmosIL2CPUSZArrayImpl1GetEnumeratord__0CosmosHALKeyboardBasectorSystemInt32', ID = '5787'
Method 'CosmosSystemKeyMappingarrayInternalRuntimeCompilerServicesUnsafeAsCosmosSystemKeyMappingarraySystemObject', ID = '5790'
Method 'SystemVoidSystemSZGenericArrayEnumerator1CosmosSystemKeyMappingctorCosmosSystemKeyMappingarray', ID = '5791'
Method 'SystemInt32SystemArrayIndexOfCosmosSystemKeyMappingCosmosSystemKeyMappingarrayCosmosSystemKeyMappingSystemInt32SystemInt32', ID = '5794'
Method 'SystemCollectionsGenericIEnumerator1CosmosSystemKeyMappingCosmosIL2CPUSZArrayImpl1CosmosSystemKeyMappingGetEnumerator', ID = '5795'
Method 'SystemVoidCosmosIL2CPUSZArrayImpl1CosmosSystemKeyMappingCopyToCosmosSystemKeyMappingarraySystemInt32', ID = '5796'
Method 'SystemInt32CosmosIL2CPUSZArrayImpl1CosmosSystemKeyMappingget_Count', ID = '5797'
Method 'CosmosSystemKeyMappingCosmosIL2CPUSZArrayImpl1CosmosSystemKeyMappingget_ItemSystemInt32', ID = '5798'
Method 'SystemVoidCosmosIL2CPUSZArrayImpl1CosmosSystemKeyMappingset_ItemSystemInt32CosmosSystemKeyMapping', ID = '5799'
Method 'SystemVoidCosmosIL2CPUSZArrayImpl1CosmosSystemKeyMappingAddCosmosSystemKeyMapping', ID = '5800'
Method 'SystemBooleanCosmosIL2CPUSZArrayImpl1CosmosSystemKeyMappingContainsCosmosSystemKeyMapping', ID = '5801'
Method 'SystemBooleanCosmosIL2CPUSZArrayImpl1CosmosSystemKeyMappingget_IsReadOnly', ID = '5802'
Method 'SystemVoidCosmosIL2CPUSZArrayImpl1CosmosSystemKeyMappingClear', ID = '5803'
Method 'SystemInt32CosmosIL2CPUSZArrayImpl1CosmosSystemKeyMappingIndexOfCosmosSystemKeyMapping', ID = '5804'
Method 'SystemVoidCosmosIL2CPUSZArrayImpl1CosmosSystemKeyMappingInsertSystemInt32CosmosSystemKeyMapping', ID = '5805'
Method 'SystemVoidCosmosIL2CPUSZArrayImpl1CosmosSystemKeyMappingRemoveAtSystemInt32', ID = '5806'
Method 'SystemBooleanCosmosIL2CPUSZArrayImpl1CosmosSystemKeyMappingget_IsFixedSize', ID = '5807'
Method 'SystemVoidCosmosIL2CPUSZArrayImpl1CosmosSystemKeyMappingRemoveCosmosSystemKeyMapping', ID = '5808'
Method 'SystemObjectCosmosIL2CPUSZArrayImpl1CosmosSystemKeyMappingget_SyncRoot', ID = '5809'
Method 'SystemBooleanCosmosIL2CPUSZArrayImpl1CosmosSystemKeyMappingget_IsSynchronized', ID = '5810'
Method 'SystemVoidSystemCollectionsGenericList1CosmosSystemKeyMappingAddWithResizeCosmosSystemKeyMapping', ID = '5811'
Method 'SystemVoidCosmosSystemKeyMappingctorSystemByteSystemCharSystemCharSystemCharSystemCharSystemCharSystemCharSystemCharSystemCharSystemCharSystemCharCosmosSystemConsoleKeyEx', ID = '5812'
Method 'SystemVoidCosmosSystemKeyMappingctorSystemByteSystemCharSystemCharSystemCharSystemCharSystemCharSystemCharSystemCharCosmosSystemConsoleKeyExCosmosSystemConsoleKeyEx', ID = '5813'
Method 'SystemVoidSystemCollectionsGenericQueue1CosmosSystemKeyEventSetCapacitySystemInt32', ID = '5814'
Method 'SystemCollectionsGenericList1CosmosSystemFileSystemFileSystemFactoryCosmosSystemFileSystemVFSFileSystemManagerget_DefaultFileSystems', ID = '5815'
Method 'SystemCollectionsGenericIEnumerator1CosmosSystemFileSystemFileSystemFactorySystemSZArrayHelperGetEnumeratorCosmosSystemFileSystemFileSystemFactory', ID = '5817'
Method 'SystemVoidSystemSZArrayHelperCopyToCosmosSystemFileSystemFileSystemFactoryCosmosSystemFileSystemFileSystemFactoryarraySystemInt32', ID = '5818'
Method 'SystemInt32SystemSZArrayHelperget_CountCosmosSystemFileSystemFileSystemFactory', ID = '5819'
Method 'CosmosSystemFileSystemFileSystemFactorySystemSZArrayHelperget_ItemCosmosSystemFileSystemFileSystemFactorySystemInt32', ID = '5820'
Method 'SystemVoidSystemSZArrayHelperset_ItemCosmosSystemFileSystemFileSystemFactorySystemInt32CosmosSystemFileSystemFileSystemFactory', ID = '5821'
Method 'SystemVoidSystemSZArrayHelperAddCosmosSystemFileSystemFileSystemFactoryCosmosSystemFileSystemFileSystemFactory', ID = '5822'
Method 'SystemBooleanSystemSZArrayHelperContainsCosmosSystemFileSystemFileSystemFactoryCosmosSystemFileSystemFileSystemFactory', ID = '5823'
Method 'SystemBooleanSystemSZArrayHelperget_IsReadOnlyCosmosSystemFileSystemFileSystemFactory', ID = '5824'
Method 'SystemVoidSystemSZArrayHelperClearCosmosSystemFileSystemFileSystemFactory', ID = '5825'
Method 'SystemInt32SystemSZArrayHelperIndexOfCosmosSystemFileSystemFileSystemFactoryCosmosSystemFileSystemFileSystemFactory', ID = '5826'
Method 'SystemVoidSystemSZArrayHelperInsertCosmosSystemFileSystemFileSystemFactorySystemInt32CosmosSystemFileSystemFileSystemFactory', ID = '5827'
Method 'SystemBooleanSystemSZArrayHelperRemoveCosmosSystemFileSystemFileSystemFactoryCosmosSystemFileSystemFileSystemFactory', ID = '5828'
Method 'SystemVoidSystemSZArrayHelperRemoveAtCosmosSystemFileSystemFileSystemFactorySystemInt32', ID = '5829'
Method 'SystemVoidSystemCollectionsGenericEqualityComparer1CosmosHALPITPITTimercctor', ID = '5831'
Method 'SystemVoidCosmosIL2CPUSZArrayImpl1GetEnumeratord__0CosmosSystemKeyEventSystemIDisposableDispose', ID = '5836'
Method 'SystemBooleanCosmosIL2CPUSZArrayImpl1GetEnumeratord__0CosmosSystemKeyEventMoveNext', ID = '5837'
Method 'SystemStringCosmosSystem_PlugsSystemIODirectoryImplGetCurrentDirectory', ID = '5839'
Method 'SystemStringCosmosSystem_PlugsSystemIOFileNotFoundExceptionImplToString', ID = '5840'
Method 'SystemVoidSystemIOFileNotFoundExceptionSetMessageField', ID = '5841'
Method 'SystemStringSystemStringTrimWhiteSpaceHelperSystemTextTrimType', ID = '5842'
Method 'SystemVoidSystemByReference1SystemInt32ctorSystemInt32', ID = '5847'
Method 'SystemVoidSystemCollectionsGenericValueListBuilder1SystemInt32AppendSystemInt32', ID = '5850'
Method 'SystemVoidSystemStringMakeSeparatorListVectorizedSystemCollectionsGenericValueListBuilder1SystemInt32SystemCharSystemCharSystemChar', ID = '5851'
Method 'SystemVoidSystemStringInitializeProbabilisticMapSystemUInt32pointerSystemReadOnlySpan1SystemChar', ID = '5853'
Method 'SystemBooleanSystemStringIsCharBitSetSystemUInt32pointerSystemByte', ID = '5854'
Method 'SystemBooleanSystemMemoryExtensionsContainsSystemCharSystemReadOnlySpan1SystemCharSystemChar', ID = '5855'
Method 'SystemSpan1SystemInt32SystemSpan1SystemInt32SliceSystemInt32SystemInt32', ID = '5856'
Method 'SystemReadOnlySpan1SystemInt32SystemSpan1SystemInt32op_ImplicitSystemSpan1SystemInt32', ID = '5857'
Method 'SystemStringSystemReadOnlySpan1SystemInt32ToString', ID = '5859'
Method 'SystemBooleanSystemReadOnlySpan1SystemInt32EqualsSystemObject', ID = '5860'
Method 'SystemInt32SystemReadOnlySpan1SystemInt32GetHashCode', ID = '5861'
Method 'SystemInt32SystemReadOnlySpan1SystemInt32get_ItemSystemInt32', ID = '5862'
Method 'SystemBooleanSystemReadOnlySpan1SystemInt32get_IsEmpty', ID = '5863'
Method 'SystemStringSystemStringSubstringSystemInt32', ID = '5864'
Method 'SystemReadOnlySpan1SystemCharSystemMemoryExtensionsTrimSystemReadOnlySpan1SystemChar', ID = '5865'
Method 'SystemReadOnlySpan1SystemCharSystemMemoryExtensionsAsSpanSystemStringSystemInt32', ID = '5866'
Method 'SystemVoidSystemArrayResizeSystemStringSystemStringarraySystemInt32', ID = '5867'
Method 'SystemGlobalizationUnicodeCategorySystemGlobalizationCharUnicodeInfoGetUnicodeCategoryNoBoundsChecksSystemUInt32', ID = '5871'
Method 'SystemVoidCosmosSystem_PlugsSystemRuntimeInteropServicesSafeHandleImplDispose', ID = '5872'
Method 'SystemVoidSystemThreadingTasksTaskCachecctor', ID = '5874'
Method 'SystemVoidSystemThreadingTasksTaskctorSystemBooleanSystemThreadingTasksTaskCreationOptionsSystemThreadingCancellationToken', ID = '5876'
Method 'SystemThreadingIAsyncLocalarrayInternalRuntimeCompilerServicesUnsafeAsSystemThreadingIAsyncLocalarraySystemObject', ID = '5878'
Method 'SystemVoidSystemSZGenericArrayEnumerator1SystemThreadingIAsyncLocalctorSystemThreadingIAsyncLocalarray', ID = '5879'
Method 'SystemInt32SystemArrayIndexOfSystemThreadingIAsyncLocalSystemThreadingIAsyncLocalarraySystemThreadingIAsyncLocalSystemInt32SystemInt32', ID = '5883'
Method 'SystemCollectionsGenericIEnumerator1SystemThreadingIAsyncLocalCosmosIL2CPUSZArrayImpl1SystemThreadingIAsyncLocalGetEnumerator', ID = '5884'
Method 'SystemVoidCosmosIL2CPUSZArrayImpl1SystemThreadingIAsyncLocalCopyToSystemThreadingIAsyncLocalarraySystemInt32', ID = '5885'
Method 'SystemInt32CosmosIL2CPUSZArrayImpl1SystemThreadingIAsyncLocalget_Count', ID = '5886'
Method 'SystemThreadingIAsyncLocalCosmosIL2CPUSZArrayImpl1SystemThreadingIAsyncLocalget_ItemSystemInt32', ID = '5887'
Method 'SystemVoidCosmosIL2CPUSZArrayImpl1SystemThreadingIAsyncLocalset_ItemSystemInt32SystemThreadingIAsyncLocal', ID = '5888'
Method 'SystemVoidCosmosIL2CPUSZArrayImpl1SystemThreadingIAsyncLocalAddSystemThreadingIAsyncLocal', ID = '5889'
Method 'SystemBooleanCosmosIL2CPUSZArrayImpl1SystemThreadingIAsyncLocalContainsSystemThreadingIAsyncLocal', ID = '5890'
Method 'SystemBooleanCosmosIL2CPUSZArrayImpl1SystemThreadingIAsyncLocalget_IsReadOnly', ID = '5891'
Method 'SystemVoidCosmosIL2CPUSZArrayImpl1SystemThreadingIAsyncLocalClear', ID = '5892'
Method 'SystemInt32CosmosIL2CPUSZArrayImpl1SystemThreadingIAsyncLocalIndexOfSystemThreadingIAsyncLocal', ID = '5893'
Method 'SystemVoidCosmosIL2CPUSZArrayImpl1SystemThreadingIAsyncLocalInsertSystemInt32SystemThreadingIAsyncLocal', ID = '5894'
Method 'SystemVoidCosmosIL2CPUSZArrayImpl1SystemThreadingIAsyncLocalRemoveAtSystemInt32', ID = '5895'
Method 'SystemBooleanCosmosIL2CPUSZArrayImpl1SystemThreadingIAsyncLocalget_IsFixedSize', ID = '5896'
Method 'SystemVoidCosmosIL2CPUSZArrayImpl1SystemThreadingIAsyncLocalRemoveSystemThreadingIAsyncLocal', ID = '5897'
Method 'SystemObjectCosmosIL2CPUSZArrayImpl1SystemThreadingIAsyncLocalget_SyncRoot', ID = '5898'
Method 'SystemBooleanCosmosIL2CPUSZArrayImpl1SystemThreadingIAsyncLocalget_IsSynchronized', ID = '5899'
Method 'SystemCollectionsGenericIEnumerator1SystemRuntimeExceptionServicesExceptionDispatchInfoSystemSZArrayHelperGetEnumeratorSystemRuntimeExceptionServicesExceptionDispatchInfo', ID = '5901'
Method 'SystemVoidSystemSZArrayHelperCopyToSystemRuntimeExceptionServicesExceptionDispatchInfoSystemRuntimeExceptionServicesExceptionDispatchInfoarraySystemInt32', ID = '5902'
Method 'SystemInt32SystemSZArrayHelperget_CountSystemRuntimeExceptionServicesExceptionDispatchInfo', ID = '5903'
Method 'SystemRuntimeExceptionServicesExceptionDispatchInfoSystemSZArrayHelperget_ItemSystemRuntimeExceptionServicesExceptionDispatchInfoSystemInt32', ID = '5904'
Method 'SystemVoidSystemSZArrayHelperset_ItemSystemRuntimeExceptionServicesExceptionDispatchInfoSystemInt32SystemRuntimeExceptionServicesExceptionDispatchInfo', ID = '5905'
Method 'SystemVoidSystemSZArrayHelperAddSystemRuntimeExceptionServicesExceptionDispatchInfoSystemRuntimeExceptionServicesExceptionDispatchInfo', ID = '5906'
Method 'SystemBooleanSystemSZArrayHelperContainsSystemRuntimeExceptionServicesExceptionDispatchInfoSystemRuntimeExceptionServicesExceptionDispatchInfo', ID = '5907'
Method 'SystemBooleanSystemSZArrayHelperget_IsReadOnlySystemRuntimeExceptionServicesExceptionDispatchInfo', ID = '5908'
Method 'SystemVoidSystemSZArrayHelperClearSystemRuntimeExceptionServicesExceptionDispatchInfo', ID = '5909'
Method 'SystemInt32SystemSZArrayHelperIndexOfSystemRuntimeExceptionServicesExceptionDispatchInfoSystemRuntimeExceptionServicesExceptionDispatchInfo', ID = '5910'
Method 'SystemVoidSystemSZArrayHelperInsertSystemRuntimeExceptionServicesExceptionDispatchInfoSystemInt32SystemRuntimeExceptionServicesExceptionDispatchInfo', ID = '5911'
Method 'SystemBooleanSystemSZArrayHelperRemoveSystemRuntimeExceptionServicesExceptionDispatchInfoSystemRuntimeExceptionServicesExceptionDispatchInfo', ID = '5912'
Method 'SystemVoidSystemSZArrayHelperRemoveAtSystemRuntimeExceptionServicesExceptionDispatchInfoSystemInt32', ID = '5913'
Method 'SystemVoidSystemThreadingCancellationTokenSourcector', ID = '5915'
Method 'SystemVoidSystemThreadingCancellationTokenSourceTimerCallbackSystemObject', ID = '5917'
Method 'SystemVoidCosmosCore_AsmDelegateImplCtorSystemObjectSystemIntPtr', ID = '1668'
Method 'SystemVoidSystemThreadingTimerQueueTimercctor', ID = '5920'
Method 'SystemVoidCosmosSystem_PlugsSystemThreadingCancellationTokenSourceImplDispose', ID = '5924'
Method 'SystemBooleanSystemThreadingCancellationTokenRegistrationEqualsSystemThreadingCancellationTokenRegistration', ID = '5926'
Method 'SystemBooleanSystemThreadingCancellationTokenSourceRegistrationsUnregisterSystemInt64SystemThreadingCancellationTokenSourceCallbackNode', ID = '5927'
Method 'SystemVoidSystemThreadingCancellationTokenRegistrationDisposeg__WaitForCallbackIfNecessarysLine3_0SystemInt64SystemThreadingCancellationTokenSourceCallbackNode', ID = '5928'
Method 'SystemThreadingTasksTaskarrayInternalRuntimeCompilerServicesUnsafeAsSystemThreadingTasksTaskarraySystemObject', ID = '5930'
Method 'SystemVoidSystemSZGenericArrayEnumerator1SystemThreadingTasksTaskctorSystemThreadingTasksTaskarray', ID = '5931'
Method 'SystemInt32SystemArrayIndexOfSystemThreadingTasksTaskSystemThreadingTasksTaskarraySystemThreadingTasksTaskSystemInt32SystemInt32', ID = '5934'
Method 'SystemCollectionsGenericIEnumerator1SystemThreadingTasksTaskCosmosIL2CPUSZArrayImpl1SystemThreadingTasksTaskGetEnumerator', ID = '5935'
Method 'SystemVoidCosmosIL2CPUSZArrayImpl1SystemThreadingTasksTaskCopyToSystemThreadingTasksTaskarraySystemInt32', ID = '5936'
Method 'SystemInt32CosmosIL2CPUSZArrayImpl1SystemThreadingTasksTaskget_Count', ID = '5937'
Method 'SystemThreadingTasksTaskCosmosIL2CPUSZArrayImpl1SystemThreadingTasksTaskget_ItemSystemInt32', ID = '5938'
Method 'SystemVoidCosmosIL2CPUSZArrayImpl1SystemThreadingTasksTaskset_ItemSystemInt32SystemThreadingTasksTask', ID = '5939'
Method 'SystemVoidCosmosIL2CPUSZArrayImpl1SystemThreadingTasksTaskAddSystemThreadingTasksTask', ID = '5940'
Method 'SystemBooleanCosmosIL2CPUSZArrayImpl1SystemThreadingTasksTaskContainsSystemThreadingTasksTask', ID = '5941'
Method 'SystemBooleanCosmosIL2CPUSZArrayImpl1SystemThreadingTasksTaskget_IsReadOnly', ID = '5942'
Method 'SystemVoidCosmosIL2CPUSZArrayImpl1SystemThreadingTasksTaskClear', ID = '5943'
Method 'SystemInt32CosmosIL2CPUSZArrayImpl1SystemThreadingTasksTaskIndexOfSystemThreadingTasksTask', ID = '5944'
Method 'SystemVoidCosmosIL2CPUSZArrayImpl1SystemThreadingTasksTaskInsertSystemInt32SystemThreadingTasksTask', ID = '5945'
Method 'SystemVoidCosmosIL2CPUSZArrayImpl1SystemThreadingTasksTaskRemoveAtSystemInt32', ID = '5946'
Method 'SystemBooleanCosmosIL2CPUSZArrayImpl1SystemThreadingTasksTaskget_IsFixedSize', ID = '5947'
Method 'SystemVoidCosmosIL2CPUSZArrayImpl1SystemThreadingTasksTaskRemoveSystemThreadingTasksTask', ID = '5948'
Method 'SystemObjectCosmosIL2CPUSZArrayImpl1SystemThreadingTasksTaskget_SyncRoot', ID = '5949'
Method 'SystemBooleanCosmosIL2CPUSZArrayImpl1SystemThreadingTasksTaskget_IsSynchronized', ID = '5950'
Method 'SystemBytearraySystemArrayEmptySystemByte', ID = '5951'
Method 'SystemVoidSystemBufferMemmoveSystemByteSystemByteSystemByteSystemUIntPtr', ID = '5952'
Method 'SystemTextEncoderFallbackSystemTextEncoderFallbackget_ExceptionFallback', ID = '5953'
Method 'SystemTextDecoderFallbackSystemTextDecoderFallbackget_ExceptionFallback', ID = '5954'
Method 'SystemVoidSystemTextEncoderReplacementFallbackctorSystemString', ID = '5955'
Method 'SystemVoidSystemTextDecoderReplacementFallbackctorSystemString', ID = '5956'
Method 'SystemVoidSystemTextEncoderReplacementFallbackctor', ID = '5960'
Method 'SystemBooleanSystemNumericsVectorLessThanOrEqualAllSystemUInt16SystemNumericsVector1SystemUInt16SystemNumericsVector1SystemUInt16', ID = '5961'
Method 'SystemNumericsVector1SystemUInt16InternalRuntimeCompilerServicesUnsafeReadSystemNumericsVector1SystemUInt16SystemVoidpointer', ID = '5962'
Method 'SystemRuntimeIntrinsicsVector1281SystemUInt16SystemRuntimeIntrinsicsX86Sse2LoadAlignedVector128SystemUInt16pointer', ID = '5963'
Method 'SystemBooleanSystemRuntimeIntrinsicsX86Sse41TestZSystemRuntimeIntrinsicsVector1281SystemUInt16SystemRuntimeIntrinsicsVector1281SystemUInt16', ID = '5964'
Method 'SystemInt32SystemUIntPtrget_Size', ID = '5965'
Method 'SystemBooleanCosmosCore_PlugsRuntimeIntrinsicsX86Sse41Implget_IsSupported', ID = '5966'
Method 'SystemRuntimeIntrinsicsVector1281SystemUInt64SystemRuntimeIntrinsicsVector128Createg__SoftwareFallbacksLine29_0SystemUInt64', ID = '5968'
Method 'SystemRuntimeIntrinsicsVector1281SystemByteSystemRuntimeIntrinsicsVector128AsSystemUInt64SystemByteSystemRuntimeIntrinsicsVector1281SystemUInt64', ID = '5969'
Method 'SystemBooleanSystemRuntimeIntrinsicsX86Popcntget_IsSupported', ID = '5970'
Method 'SystemUInt32SystemRuntimeIntrinsicsX86PopcntPopCountSystemUInt32', ID = '5971'
Method 'SystemInt32SystemNumericsBitOperationsPopCountg__SoftwareFallbacksLine19_0SystemUInt32', ID = '5972'
Method 'SystemRuntimeIntrinsicsVector1281SystemInt16SystemRuntimeIntrinsicsVector128AsSystemUInt16SystemInt16SystemRuntimeIntrinsicsVector1281SystemUInt16', ID = '5974'
Method 'SystemRuntimeIntrinsicsVector1281SystemByteSystemRuntimeIntrinsicsVector128AsSystemInt16SystemByteSystemRuntimeIntrinsicsVector1281SystemInt16', ID = '5975'
Method 'SystemNumericsVector1SystemUInt16SystemNumericsVector1SystemUInt16GreaterThanOrEqualSystemNumericsVector1SystemUInt16SystemNumericsVector1SystemUInt16', ID = '5976'
Method 'SystemUInt16SystemNumericsVector1SystemUInt16ScalarSubtractSystemUInt16SystemUInt16', ID = '5977'
Method 'SystemNumericsVector1SystemUIntPtrInternalRuntimeCompilerServicesUnsafeAsSystemNumericsVector1SystemUInt16SystemNumericsVector1SystemUIntPtrSystemNumericsVector1SystemUInt16', ID = '5979'
Method 'SystemVoidSystemThrowHelperThrowForUnsupportedNumericsVectorBaseTypeSystemUIntPtr', ID = '5980'
Method 'SystemUIntPtrSystemNumericsVector1SystemUIntPtrGetElementSystemIntPtr', ID = '5981'
Method 'SystemInt32InternalRuntimeCompilerServicesUnsafeSizeOfSystemNumericsVector1SystemUIntPtr', ID = '5982'
Method 'SystemInt32InternalRuntimeCompilerServicesUnsafeSizeOfSystemUIntPtr', ID = '5983'
Method 'SystemNumericsVector1SystemUInt16SystemNumericsVector1SystemUInt16LessThanSystemNumericsVector1SystemUInt16SystemNumericsVector1SystemUInt16', ID = '5984'
Method 'SystemNumericsVector1SystemUInt16SystemNumericsVector1SystemUInt16op_OnesComplementSystemNumericsVector1SystemUInt16', ID = '5985'
Method 'SystemNumericsVector1SystemUInt16SystemNumericsVector1SystemUInt16op_BitwiseAndSystemNumericsVector1SystemUInt16SystemNumericsVector1SystemUInt16', ID = '5986'
Method 'SystemBooleanSystemTextUnicodeUtilityIsInRangeInclusiveSystemUInt32SystemUInt32SystemUInt32', ID = '5988'
Method 'SystemTextEncoderFallbackBufferSystemTextEncoderReplacementFallbackCreateFallbackBuffer', ID = '5989'
Method 'SystemStringSystemTextRuneToString', ID = '5990'
Method 'SystemBooleanSystemTextRuneEqualsSystemObject', ID = '5991'
Method 'SystemInt32SystemTextRuneGetHashCode', ID = '5992'
Method 'SystemBooleanSystemTextRuneSystemISpanFormattableTryFormatSystemSpan1SystemCharSystemInt32SystemReadOnlySpan1SystemCharSystemIFormatProvider', ID = '5993'
Method 'SystemStringSystemTextRuneSystemIFormattableToStringSystemStringSystemIFormatProvider', ID = '5994'
Method 'SystemTextRuneSystemTextRuneUnsafeCreateSystemUInt32', ID = '5997'
Method 'SystemBooleanSystemCharIsSurrogatePairSystemCharSystemChar', ID = '5998'
Method 'SystemBooleanSystemTextEncodingTryGetByteCountSystemTextRuneSystemInt32', ID = '6001'
Method 'SystemInt32SystemTextRuneget_Value', ID = '6002'
Method 'SystemVoidSystemTextEncoderFallbackBufferThrowLastCharRecursiveSystemInt32', ID = '6003'
Method 'SystemTextRuneSystemTextEncoderFallbackBufferGetNextRune', ID = '6004'
Method 'SystemRuntimeIntrinsicsVector1281SystemInt16SystemRuntimeIntrinsicsX86Sse2LoadVector128SystemInt16pointer', ID = '6005'
Method 'SystemRuntimeIntrinsicsVector1281SystemUInt16SystemRuntimeIntrinsicsVector128AsUInt16SystemInt16SystemRuntimeIntrinsicsVector1281SystemInt16', ID = '6006'
Method 'SystemRuntimeIntrinsicsVector1281SystemInt16SystemRuntimeIntrinsicsX86Sse2OrSystemRuntimeIntrinsicsVector1281SystemInt16SystemRuntimeIntrinsicsVector1281SystemInt16', ID = '6007'
Method 'SystemVoidSystemRuntimeIntrinsicsX86Sse2StoreAlignedSystemBytepointerSystemRuntimeIntrinsicsVector1281SystemByte', ID = '6008'
Method 'SystemNumericsVector1SystemUInt16SystemNumericsVector1SystemUInt16op_BitwiseOrSystemNumericsVector1SystemUInt16SystemNumericsVector1SystemUInt16', ID = '6009'
Method 'SystemNumericsVector1SystemUInt16SystemNumericsVector1SystemUInt16GreaterThanSystemNumericsVector1SystemUInt16SystemNumericsVector1SystemUInt16', ID = '6010'
Method 'SystemNumericsVector1SystemInt32SystemNumericsVector1SystemUInt16op_ExplicitSystemNumericsVector1SystemUInt16', ID = '6011'
Method 'SystemNumericsVector1SystemInt32SystemNumericsVector1SystemInt32get_Zero', ID = '6012'
Method 'SystemBooleanSystemNumericsVector1SystemInt32EqualsSystemNumericsVector1SystemInt32', ID = '6013'
Method 'SystemRuntimeIntrinsicsVector1281SystemUInt64SystemRuntimeIntrinsicsX86Sse2X64ConvertScalarToVector128UInt64SystemUInt64', ID = '6014'
Method 'SystemVoidInternalRuntimeCompilerServicesUnsafeWriteUnalignedSystemUInt32SystemByteSystemUInt32', ID = '6015'
Method 'SystemBooleanCosmosCore_PlugsRuntimeIntrinsicsX86Sse41X86Implget_IsSupported', ID = '6017'
Method 'SystemRuntimeIntrinsicsVector1281SystemInt16SystemRuntimeIntrinsicsVector128Createg__SoftwareFallbacksLine22_0SystemInt16', ID = '6018'
Method 'SystemRuntimeIntrinsicsVector1281SystemUInt64SystemRuntimeIntrinsicsVector128AsSystemByteSystemUInt64SystemRuntimeIntrinsicsVector1281SystemByte', ID = '6020'
Method 'SystemRuntimeIntrinsicsVector1281SystemUInt64InternalRuntimeCompilerServicesUnsafeAsRefSystemRuntimeIntrinsicsVector1281SystemUInt64SystemVoidpointer', ID = '6022'
Method 'SystemRuntimeIntrinsicsVector1281SystemInt16SystemRuntimeIntrinsicsVector128AsSystemUInt64SystemInt16SystemRuntimeIntrinsicsVector1281SystemUInt64', ID = '6023'
Method 'SystemRuntimeIntrinsicsVector1281SystemUInt32SystemRuntimeIntrinsicsVector128AsSystemByteSystemUInt32SystemRuntimeIntrinsicsVector1281SystemByte', ID = '6025'
Method 'SystemRuntimeIntrinsicsVector1281SystemUInt64SystemRuntimeIntrinsicsVector128AsSystemInt16SystemUInt64SystemRuntimeIntrinsicsVector1281SystemInt16', ID = '6026'
Method 'SystemVoidSystemThrowHelperThrowForUnsupportedIntrinsicsVectorBaseTypeSystemUInt64', ID = '6027'
Method 'SystemUInt64InternalRuntimeCompilerServicesUnsafeAsSystemRuntimeIntrinsicsVector1281SystemUInt64SystemUInt64SystemRuntimeIntrinsicsVector1281SystemUInt64', ID = '6028'
Method 'SystemInt32SystemRuntimeIntrinsicsVector1281SystemUInt64get_Count', ID = '6029'
Method 'SystemUInt64InternalRuntimeCompilerServicesUnsafeAddSystemUInt64SystemUInt64SystemInt32', ID = '6030'
Method 'SystemUInt16SystemBuffersBinaryBinaryPrimitivesReverseEndiannessSystemUInt16', ID = '6031'
Method 'SystemVoidInternalRuntimeCompilerServicesUnsafeWriteUnalignedSystemUInt16SystemByteSystemUInt16', ID = '6032'
Method 'SystemUInt32SystemBuffersBinaryBinaryPrimitivesReverseEndiannessSystemUInt32', ID = '6033'
Method 'SystemBooleanSystemTextRuneget_IsAscii', ID = '6034'
Method 'SystemBooleanSystemSpan1SystemByteget_IsEmpty', ID = '6035'
Method 'SystemBooleanSystemTextRuneTryEncodeToUtf8SystemSpan1SystemByteSystemInt32', ID = '6036'
Method 'SystemInt32SystemTextRuneget_Utf16SequenceLength', ID = '6038'
Method 'SystemVoidSystemTextEncoderFallbackBufferReset', ID = '6039'
Method 'SystemStringSystemPrivateCoreLibSystemSRget_Argument_EncodingConversionOverflowBytes', ID = '6040'
Method 'SystemStringSystemTextEncodingget_EncodingName', ID = '6041'
Method 'SystemVoidSystemCollectionsGenericList1CosmosHALPITPITTimerGrowSystemInt32', ID = '6042'
Method 'SystemVoidCosmosCore_PlugsMemoryOperationsMemoryOperationsImplFill16BlocksSystemBytepointerSystemInt32SystemInt32', ID = '6043'
Method 'SystemVoidSystemReflectionInvalidFilterCriteriaExceptionctorSystemStringSystemException', ID = '6045'
Method 'SystemVoidSystemStringCheckStringComparisonSystemStringComparison', ID = '6046'
Method 'SystemGlobalizationCompareInfoSystemGlobalizationCultureInfoget_CompareInfo', ID = '6047'
Method 'SystemGlobalizationCompareOptionsSystemStringGetCaseCompareOfComparisonCultureSystemStringComparison', ID = '6048'
Method 'SystemBooleanSystemGlobalizationCompareInfoIsPrefixSystemReadOnlySpan1SystemCharSystemReadOnlySpan1SystemCharSystemGlobalizationCompareOptions', ID = '6049'
Method 'SystemBooleanSystemMemoryExtensionsStartsWithSystemCharSystemReadOnlySpan1SystemCharSystemReadOnlySpan1SystemChar', ID = '6051'
Method 'SystemBooleanSystemMemoryExtensionsStartsWithOrdinalIgnoreCaseSystemReadOnlySpan1SystemCharSystemReadOnlySpan1SystemChar', ID = '6052'
Method 'SystemBooleanCosmosCore_PlugsSystemStringImplEqualsSystemStringSystemStringComparison', ID = '6053'
Method 'SystemCollectionsGenericIEnumerator1SystemCollectionsGenericDictionary2EntrySystemStringSystemReflectionAssemblySystemSZArrayHelperGetEnumeratorSystemCollectionsGenericE40890FA10CE3EA15EAABD02D93F6387', ID = '6054'
Method 'SystemVoidSystemSZArrayHelperCopyToSystemCollectionsGenericDictionary2EntrySystemStringSystemReflectionAssemblySystemCollectionsGenericDictionary2EntrySystemStringSyste725D34A46A1D546F8AFDC789C8CF10C9', ID = '6055'
Method 'SystemInt32SystemSZArrayHelperget_CountSystemCollectionsGenericDictionary2EntrySystemStringSystemReflectionAssembly', ID = '6056'
Method 'SystemCollectionsGenericDictionary2EntrySystemStringSystemReflectionAssemblySystemSZArrayHelperget_ItemSystemCollectionsGenericDictionary2EntrySystemStringSystemReflectionAssemblySystemInt32', ID = '6057'
Method 'SystemVoidSystemSZArrayHelperset_ItemSystemCollectionsGenericDictionary2EntrySystemStringSystemReflectionAssemblySystemInt32SystemCollectionsGenericDictionary2EntrySystemStringSystemReflectionAssembly', ID = '6058'
Method 'SystemVoidSystemSZArrayHelperAddSystemCollectionsGenericDictionary2EntrySystemStringSystemReflectionAssemblySystemCollectionsGenericDictionary2EntrySystemStringSystemReflectionAssembly', ID = '6059'
Method 'SystemBooleanSystemSZArrayHelperContainsSystemCollectionsGenericDictionary2EntrySystemStringSystemReflectionAssemblySystemCollectionsGenericDictionary2EntrySystemStringSystemReflectionAssembly', ID = '6060'
Method 'SystemBooleanSystemSZArrayHelperget_IsReadOnlySystemCollectionsGenericDictionary2EntrySystemStringSystemReflectionAssembly', ID = '6061'
Method 'SystemVoidSystemSZArrayHelperClearSystemCollectionsGenericDictionary2EntrySystemStringSystemReflectionAssembly', ID = '6062'
Method 'SystemInt32SystemSZArrayHelperIndexOfSystemCollectionsGenericDictionary2EntrySystemStringSystemReflectionAssemblySystemCollectionsGenericDictionary2EntrySystemStringSystemReflectionAssembly', ID = '6063'
Method 'SystemVoidSystemSZArrayHelperInsertSystemCollectionsGenericDictionary2EntrySystemStringSystemReflectionAssemblySystemInt32SystemCollectionsGenericDictionary2EntrySystemStringSystemReflectionAssembly', ID = '6064'
Method 'SystemBooleanSystemSZArrayHelperRemoveSystemCollectionsGenericDictionary2EntrySystemStringSystemReflectionAssemblySystemCollectionsGenericDictionary2EntrySystemStringSystemReflectionAssembly', ID = '6065'
Method 'SystemVoidSystemSZArrayHelperRemoveAtSystemCollectionsGenericDictionary2EntrySystemStringSystemReflectionAssemblySystemInt32', ID = '6066'
Method 'SystemRuntimeIntrinsicsVector1281SystemSingleInternalRuntimeCompilerServicesUnsafeAsSystemRuntimeIntrinsicsVector1281SystemDoubleSystemRuntimeIntrinsicsVector1281System36BBF6DC8FD3E13154E5F8F1C5FB5EB9', ID = '6078'
Method 'SystemRuntimeIntrinsicsVector1281SystemDoubleInternalRuntimeCompilerServicesUnsafeAsSystemRuntimeIntrinsicsVector1281SystemDoubleSystemRuntimeIntrinsicsVector1281System83151931041BACDECC0DE453AC75FF80', ID = '6079'
Method 'SystemRuntimeIntrinsicsVector1281SystemByteInternalRuntimeCompilerServicesUnsafeAsSystemRuntimeIntrinsicsVector1281SystemDoubleSystemRuntimeIntrinsicsVector1281SystemBy4A3E806FA530D04FAAB895E0A933B018', ID = '6080'
Method 'SystemBooleanSystemDoubleEqualsSystemDouble', ID = '6081'
Method 'SystemRuntimeIntrinsicsVector1281SystemSingleInternalRuntimeCompilerServicesUnsafeAsSystemRuntimeIntrinsicsVector1281SystemInt64SystemRuntimeIntrinsicsVector1281SystemS0A8C1F35EEB894886CE870045515A39A', ID = '6082'
Method 'SystemRuntimeIntrinsicsVector1281SystemByteInternalRuntimeCompilerServicesUnsafeAsSystemRuntimeIntrinsicsVector1281SystemInt64SystemRuntimeIntrinsicsVector1281SystemByt3436A20AE270F84EC97840A30E7C67AE', ID = '6083'
Method 'SystemGlobalizationCultureDataSystemGlobalizationCultureDataCreateCultureWithInvariantData', ID = '6085'
Method 'SystemStringSystemGlobalizationCultureDataget_CultureName', ID = '6086'
Method 'SystemStringCosmosCore_PlugsSystemGlobalizationCultureInfoImplGetUserDefaultLocaleName', ID = '6087'
Method 'SystemBooleanSystemGlobalizationSortVersionEqualsSystemObject', ID = '6088'
Method 'SystemInt32SystemGlobalizationSortVersionGetHashCode', ID = '6089'
Method 'SystemStringSystemGlobalizationCompareInfoget_Name', ID = '6091'
Method 'SystemVoidSystemGlobalizationTextInfoctorSystemGlobalizationCultureDataSystemBoolean', ID = '6092'
Method 'SystemStringSystemGlobalizationTextInfoget_CultureName', ID = '6094'
Method 'SystemCollectionsGenericIEnumerator1SystemGlobalizationCalendarIdSystemSZArrayHelperGetEnumeratorSystemGlobalizationCalendarId', ID = '6095'
Method 'SystemVoidSystemSZArrayHelperCopyToSystemGlobalizationCalendarIdSystemGlobalizationCalendarIdarraySystemInt32', ID = '6096'
Method 'SystemInt32SystemSZArrayHelperget_CountSystemGlobalizationCalendarId', ID = '6097'
Method 'SystemGlobalizationCalendarIdSystemSZArrayHelperget_ItemSystemGlobalizationCalendarIdSystemInt32', ID = '6098'
Method 'SystemVoidSystemSZArrayHelperset_ItemSystemGlobalizationCalendarIdSystemInt32SystemGlobalizationCalendarId', ID = '6099'
Method 'SystemVoidSystemSZArrayHelperAddSystemGlobalizationCalendarIdSystemGlobalizationCalendarId', ID = '6100'
Method 'SystemBooleanSystemSZArrayHelperContainsSystemGlobalizationCalendarIdSystemGlobalizationCalendarId', ID = '6101'
Method 'SystemBooleanSystemSZArrayHelperget_IsReadOnlySystemGlobalizationCalendarId', ID = '6102'
Method 'SystemVoidSystemSZArrayHelperClearSystemGlobalizationCalendarId', ID = '6103'
Method 'SystemInt32SystemSZArrayHelperIndexOfSystemGlobalizationCalendarIdSystemGlobalizationCalendarId', ID = '6104'
Method 'SystemVoidSystemSZArrayHelperInsertSystemGlobalizationCalendarIdSystemInt32SystemGlobalizationCalendarId', ID = '6105'
Method 'SystemBooleanSystemSZArrayHelperRemoveSystemGlobalizationCalendarIdSystemGlobalizationCalendarId', ID = '6106'
Method 'SystemVoidSystemSZArrayHelperRemoveAtSystemGlobalizationCalendarIdSystemInt32', ID = '6107'
Method 'SystemCollectionsGenericIEnumerator1SystemGlobalizationDateTimeFormatInfoTokenHashValueSystemSZArrayHelperGetEnumeratorSystemGlobalizationDateTimeFormatInfoTokenHashValue', ID = '6114'
Method 'SystemVoidSystemSZArrayHelperCopyToSystemGlobalizationDateTimeFormatInfoTokenHashValueSystemGlobalizationDateTimeFormatInfoTokenHashValuearraySystemInt32', ID = '6115'
Method 'SystemInt32SystemSZArrayHelperget_CountSystemGlobalizationDateTimeFormatInfoTokenHashValue', ID = '6116'
Method 'SystemGlobalizationDateTimeFormatInfoTokenHashValueSystemSZArrayHelperget_ItemSystemGlobalizationDateTimeFormatInfoTokenHashValueSystemInt32', ID = '6117'
Method 'SystemVoidSystemSZArrayHelperset_ItemSystemGlobalizationDateTimeFormatInfoTokenHashValueSystemInt32SystemGlobalizationDateTimeFormatInfoTokenHashValue', ID = '6118'
Method 'SystemVoidSystemSZArrayHelperAddSystemGlobalizationDateTimeFormatInfoTokenHashValueSystemGlobalizationDateTimeFormatInfoTokenHashValue', ID = '6119'
Method 'SystemBooleanSystemSZArrayHelperContainsSystemGlobalizationDateTimeFormatInfoTokenHashValueSystemGlobalizationDateTimeFormatInfoTokenHashValue', ID = '6120'
Method 'SystemBooleanSystemSZArrayHelperget_IsReadOnlySystemGlobalizationDateTimeFormatInfoTokenHashValue', ID = '6121'
Method 'SystemVoidSystemSZArrayHelperClearSystemGlobalizationDateTimeFormatInfoTokenHashValue', ID = '6122'
Method 'SystemInt32SystemSZArrayHelperIndexOfSystemGlobalizationDateTimeFormatInfoTokenHashValueSystemGlobalizationDateTimeFormatInfoTokenHashValue', ID = '6123'
Method 'SystemVoidSystemSZArrayHelperInsertSystemGlobalizationDateTimeFormatInfoTokenHashValueSystemInt32SystemGlobalizationDateTimeFormatInfoTokenHashValue', ID = '6124'
Method 'SystemBooleanSystemSZArrayHelperRemoveSystemGlobalizationDateTimeFormatInfoTokenHashValueSystemGlobalizationDateTimeFormatInfoTokenHashValue', ID = '6125'
Method 'SystemVoidSystemSZArrayHelperRemoveAtSystemGlobalizationDateTimeFormatInfoTokenHashValueSystemInt32', ID = '6126'
Method 'SystemCollectionsGenericIEnumerator1SystemGlobalizationCalendarDataSystemSZArrayHelperGetEnumeratorSystemGlobalizationCalendarData', ID = '6134'
Method 'SystemVoidSystemSZArrayHelperCopyToSystemGlobalizationCalendarDataSystemGlobalizationCalendarDataarraySystemInt32', ID = '6135'
Method 'SystemInt32SystemSZArrayHelperget_CountSystemGlobalizationCalendarData', ID = '6136'
Method 'SystemGlobalizationCalendarDataSystemSZArrayHelperget_ItemSystemGlobalizationCalendarDataSystemInt32', ID = '6137'
Method 'SystemVoidSystemSZArrayHelperset_ItemSystemGlobalizationCalendarDataSystemInt32SystemGlobalizationCalendarData', ID = '6138'
Method 'SystemVoidSystemSZArrayHelperAddSystemGlobalizationCalendarDataSystemGlobalizationCalendarData', ID = '6139'
Method 'SystemBooleanSystemSZArrayHelperContainsSystemGlobalizationCalendarDataSystemGlobalizationCalendarData', ID = '6140'
Method 'SystemBooleanSystemSZArrayHelperget_IsReadOnlySystemGlobalizationCalendarData', ID = '6141'
Method 'SystemVoidSystemSZArrayHelperClearSystemGlobalizationCalendarData', ID = '6142'
Method 'SystemInt32SystemSZArrayHelperIndexOfSystemGlobalizationCalendarDataSystemGlobalizationCalendarData', ID = '6143'
Method 'SystemVoidSystemSZArrayHelperInsertSystemGlobalizationCalendarDataSystemInt32SystemGlobalizationCalendarData', ID = '6144'
Method 'SystemBooleanSystemSZArrayHelperRemoveSystemGlobalizationCalendarDataSystemGlobalizationCalendarData', ID = '6145'
Method 'SystemVoidSystemSZArrayHelperRemoveAtSystemGlobalizationCalendarDataSystemInt32', ID = '6146'
Method 'SystemGlobalizationCalendarSystemGlobalizationCultureInfoget_Calendar', ID = '6153'
Method 'SystemVoidSystemGlobalizationDateTimeFormatInfoctorSystemGlobalizationCultureDataSystemGlobalizationCalendar', ID = '6154'
Method 'SystemGlobalizationDateTimeFormatInfoSystemThreadingInterlockedCompareExchangeSystemGlobalizationDateTimeFormatInfoSystemGlobalizationDateTimeFormatInfoSystemGlobalizat2A0070DF4D0D73AAFB5E4F62CE02272D', ID = '6155'
Method 'SystemInt32SystemRuntimeIntrinsicsVector1281SystemSingleget_Count', ID = '6156'
Method 'SystemSingleSystemRuntimeIntrinsicsVector128GetElementSystemSingleSystemRuntimeIntrinsicsVector1281SystemSingleSystemInt32', ID = '6157'
Method 'SystemBooleanSystemRuntimeIntrinsicsVector1281SystemSingleEqualsSystemRuntimeIntrinsicsVector1281SystemSingle', ID = '6158'
Method 'SystemSingleInternalRuntimeCompilerServicesUnsafeAsSystemByteSystemSingleSystemByte', ID = '6160'
Method 'SystemInt32SystemRuntimeIntrinsicsVector2561SystemSingleget_Count', ID = '6161'
Method 'SystemSingleSystemRuntimeIntrinsicsVector256GetElementSystemSingleSystemRuntimeIntrinsicsVector2561SystemSingleSystemInt32', ID = '6162'
Method 'SystemBooleanSystemRuntimeIntrinsicsVector2561SystemSingleEqualsSystemRuntimeIntrinsicsVector2561SystemSingle', ID = '6163'
Method 'SystemInt32SystemRuntimeIntrinsicsVector2561SystemDoubleget_Count', ID = '6165'
Method 'SystemDoubleSystemRuntimeIntrinsicsVector256GetElementSystemDoubleSystemRuntimeIntrinsicsVector2561SystemDoubleSystemInt32', ID = '6166'
Method 'SystemBooleanSystemRuntimeIntrinsicsVector2561SystemDoubleEqualsSystemRuntimeIntrinsicsVector2561SystemDouble', ID = '6167'
Method 'SystemInt32SystemRuntimeIntrinsicsVector1281SystemInt32get_Count', ID = '6169'
Method 'SystemInt32SystemRuntimeIntrinsicsVector128GetElementSystemInt32SystemRuntimeIntrinsicsVector1281SystemInt32SystemInt32', ID = '6170'
Method 'SystemBooleanSystemRuntimeIntrinsicsVector1281SystemInt32EqualsSystemRuntimeIntrinsicsVector1281SystemInt32', ID = '6171'
Method 'SystemBooleanSystemObjectEqualsSystemObjectSystemObject', ID = '6172'
Method 'SystemVoidSystemCollectionsGenericEqualityComparer1SystemSBytecctor', ID = '6173'
Method 'SystemVoidSystemCollectionsGenericEqualityComparer1SystemUInt64cctor', ID = '6174'
Method 'SystemVoidSystemCollectionsGenericEqualityComparer1SystemInt16cctor', ID = '6175'
Method 'SystemVoidSystemCollectionsGenericEqualityComparer1SystemUInt16cctor', ID = '6176'
Method 'SystemVoidSystemCollectionsGenericEqualityComparer1SystemGuidcctor', ID = '6177'
Method 'SystemVoidSystemRandomcctor', ID = '6178'
Method 'SystemByteCosmosHALRTCget_Second', ID = '6181'
Method 'SystemVoidCosmosSystem_PlugsSystemRandomImplCtorSystemInt32', ID = '6182'
Method 'SystemInt32CosmosSystem_PlugsSystemRandomImplInternalSample', ID = '6183'
Method 'SystemVoidCosmosIL2CPUSZArrayImpl1GetEnumeratord__0SystemCollectionsGenericDictionary2EntrySystemStringSystemBooleanSystemIDisposableDispose', ID = '6187'
Method 'SystemBooleanCosmosIL2CPUSZArrayImpl1GetEnumeratord__0SystemCollectionsGenericDictionary2EntrySystemStringSystemBooleanMoveNext', ID = '6188'
Method 'SystemBooleanarrayInternalRuntimeCompilerServicesUnsafeAsSystemBooleanarraySystemObject', ID = '6190'
Method 'SystemVoidSystemSZGenericArrayEnumerator1SystemBooleanctorSystemBooleanarray', ID = '6191'
Method 'SystemInt32SystemArrayIndexOfSystemBooleanSystemBooleanarraySystemBooleanSystemInt32SystemInt32', ID = '6194'
Method 'SystemCollectionsGenericIEnumerator1SystemBooleanCosmosIL2CPUSZArrayImpl1SystemBooleanGetEnumerator', ID = '6195'
Method 'SystemVoidCosmosIL2CPUSZArrayImpl1SystemBooleanCopyToSystemBooleanarraySystemInt32', ID = '6196'
Method 'SystemInt32CosmosIL2CPUSZArrayImpl1SystemBooleanget_Count', ID = '6197'
Method 'SystemBooleanCosmosIL2CPUSZArrayImpl1SystemBooleanget_ItemSystemInt32', ID = '6198'
Method 'SystemVoidCosmosIL2CPUSZArrayImpl1SystemBooleanset_ItemSystemInt32SystemBoolean', ID = '6199'
Method 'SystemVoidCosmosIL2CPUSZArrayImpl1SystemBooleanAddSystemBoolean', ID = '6200'
Method 'SystemBooleanCosmosIL2CPUSZArrayImpl1SystemBooleanContainsSystemBoolean', ID = '6201'
Method 'SystemBooleanCosmosIL2CPUSZArrayImpl1SystemBooleanget_IsReadOnly', ID = '6202'
Method 'SystemVoidCosmosIL2CPUSZArrayImpl1SystemBooleanClear', ID = '6203'
Method 'SystemInt32CosmosIL2CPUSZArrayImpl1SystemBooleanIndexOfSystemBoolean', ID = '6204'
Method 'SystemVoidCosmosIL2CPUSZArrayImpl1SystemBooleanInsertSystemInt32SystemBoolean', ID = '6205'
Method 'SystemVoidCosmosIL2CPUSZArrayImpl1SystemBooleanRemoveAtSystemInt32', ID = '6206'
Method 'SystemBooleanCosmosIL2CPUSZArrayImpl1SystemBooleanget_IsFixedSize', ID = '6207'
Method 'SystemVoidCosmosIL2CPUSZArrayImpl1SystemBooleanRemoveSystemBoolean', ID = '6208'
Method 'SystemObjectCosmosIL2CPUSZArrayImpl1SystemBooleanget_SyncRoot', ID = '6209'
Method 'SystemBooleanCosmosIL2CPUSZArrayImpl1SystemBooleanget_IsSynchronized', ID = '6210'
Method 'SystemVoidSystemSZGenericArrayEnumerator1SystemCollectionsGenericKeyValuePair2SystemStringSystemBooleancctor', ID = '6211'
Method 'SystemVoidSystemSZGenericArrayEnumerator1SystemCollectionsGenericKeyValuePair2SystemStringSystemBooleanDispose', ID = '6212'
Method 'SystemBooleanSystemSZGenericArrayEnumerator1SystemCollectionsGenericKeyValuePair2SystemStringSystemBooleanMoveNext', ID = '6213'
Method 'SystemStringSystemCollectionsGenericKeyValuePair2SystemStringSystemBooleanToString', ID = '6214'
Method 'SystemBooleanSystemRuntimeCompilerServicesRuntimeHelpersIsBitwiseEquatableSystemCollectionsGenericKeyValuePair2SystemStringSystemBoolean', ID = '6215'
Method 'SystemInt32InternalRuntimeCompilerServicesUnsafeSizeOfSystemCollectionsGenericKeyValuePair2SystemStringSystemBoolean', ID = '6216'
Method 'SystemByteInternalRuntimeCompilerServicesUnsafeAsSystemCollectionsGenericKeyValuePair2SystemStringSystemBooleanSystemByteSystemCollectionsGenericKeyValuePair2SystemStringSystemBoolean', ID = '6217'
Method 'SystemCharInternalRuntimeCompilerServicesUnsafeAsSystemCollectionsGenericKeyValuePair2SystemStringSystemBooleanSystemCharSystemCollectionsGenericKeyValuePair2SystemStringSystemBoolean', ID = '6218'
Method 'SystemInt32InternalRuntimeCompilerServicesUnsafeAsSystemCollectionsGenericKeyValuePair2SystemStringSystemBooleanSystemInt32SystemCollectionsGenericKeyValuePair2SystemStringSystemBoolean', ID = '6219'
Method 'SystemInt64InternalRuntimeCompilerServicesUnsafeAsSystemCollectionsGenericKeyValuePair2SystemStringSystemBooleanSystemInt64SystemCollectionsGenericKeyValuePair2SystemStringSystemBoolean', ID = '6220'
Method 'SystemCollectionsGenericEqualityComparer1SystemCollectionsGenericKeyValuePair2SystemStringSystemBooleanSystemCollectionsGenericEqualityComparer1SystemCollectionsGenericC94C01BADA352E37EE1823A6EA8FFE3D', ID = '6221'
Method 'SystemInt32SystemCollectionsGenericEqualityComparer1SystemCollectionsGenericKeyValuePair2SystemStringSystemBooleanIndexOfSystemCollectionsGenericKeyValuePair2SystemStri9220ADBF9413BB0E3D2B3093387FF35C', ID = '6222'
Method 'SystemVoidCosmosIL2CPUSZArrayImpl1GetEnumeratord__0SystemCollectionsGenericKeyValuePair2SystemStringSystemBooleanctorSystemInt32', ID = '6223'
Method 'SystemRuntimeTypeSystemRuntimeTypeGetBaseType', ID = '6225'
Method 'SystemTypeCosmosCoreCosmosRuntimeTypeget_BaseType', ID = '6227'
Method 'SystemTypeSystemRuntimeTypeget_BaseType', ID = '6228'
Method 'SystemTypeCosmosCore_PlugsSystemTypeImplget_BaseType', ID = '6229'
Method 'SystemInt32SystemStringGetNonRandomizedHashCodeOrdinalIgnoreCaseg__GetNonRandomizedHashCodeOrdinalIgnoreCaseSlowsLine47_0SystemString', ID = '6230'
Method 'SystemCharInternalRuntimeCompilerServicesUnsafeAddByteOffsetSystemCharSystemCharSystemUIntPtr', ID = '6231'
Method 'SystemUInt32SystemTextUnicodeUtf16UtilityConvertAllAsciiCharsInUInt32ToUppercaseSystemUInt32', ID = '6232'
Method 'SystemInt32SystemMarvinComputeHash32OrdinalIgnoreCaseSlowSystemCharSystemInt32SystemUInt32SystemUInt32', ID = '6233'
Method 'SystemBooleanSystemStringEqualsOrdinalIgnoreCaseNoLengthCheckSystemStringSystemString', ID = '6234'
Method 'SystemInt32SystemGlobalizationOrdinalCompareStringIgnoreCaseNonAsciiSystemCharSystemInt32SystemCharSystemInt32', ID = '6235'
Method 'SystemVoidSystemSZGenericArrayEnumerator1SystemCollectionsGenericDictionary2EntrySystemStringSystemObjectcctor', ID = '6236'
Method 'SystemVoidSystemSZGenericArrayEnumerator1SystemCollectionsGenericDictionary2EntrySystemStringSystemObjectDispose', ID = '6237'
Method 'SystemBooleanSystemSZGenericArrayEnumerator1SystemCollectionsGenericDictionary2EntrySystemStringSystemObjectMoveNext', ID = '6238'
Method 'SystemBooleanSystemRuntimeCompilerServicesRuntimeHelpersIsBitwiseEquatableSystemCollectionsGenericDictionary2EntrySystemStringSystemObject', ID = '6239'
Method 'SystemInt32InternalRuntimeCompilerServicesUnsafeSizeOfSystemCollectionsGenericDictionary2EntrySystemStringSystemObject', ID = '6240'
Method 'SystemByteInternalRuntimeCompilerServicesUnsafeAsSystemCollectionsGenericDictionary2EntrySystemStringSystemObjectSystemByteSystemCollectionsGenericDictionary2EntrySystemStringSystemObject', ID = '6241'
Method 'SystemCharInternalRuntimeCompilerServicesUnsafeAsSystemCollectionsGenericDictionary2EntrySystemStringSystemObjectSystemCharSystemCollectionsGenericDictionary2EntrySystemStringSystemObject', ID = '6242'
Method 'SystemInt32InternalRuntimeCompilerServicesUnsafeAsSystemCollectionsGenericDictionary2EntrySystemStringSystemObjectSystemInt32SystemCollectionsGenericDictionary2EntrySystemStringSystemObject', ID = '6243'
Method 'SystemInt64InternalRuntimeCompilerServicesUnsafeAsSystemCollectionsGenericDictionary2EntrySystemStringSystemObjectSystemInt64SystemCollectionsGenericDictionary2EntrySystemStringSystemObject', ID = '6244'
Method 'SystemCollectionsGenericEqualityComparer1SystemCollectionsGenericDictionary2EntrySystemStringSystemObjectSystemCollectionsGenericEqualityComparer1SystemCollectionsGener2DC0487C1F42BCBD08BD60755B1D3C7D', ID = '6245'
Method 'SystemInt32SystemCollectionsGenericEqualityComparer1SystemCollectionsGenericDictionary2EntrySystemStringSystemObjectIndexOfSystemCollectionsGenericDictionary2EntrySyste6F2AEB7F14C4A0A922DF0706D83415B3', ID = '6246'
Method 'SystemVoidCosmosIL2CPUSZArrayImpl1GetEnumeratord__0SystemCollectionsGenericDictionary2EntrySystemStringSystemObjectctorSystemInt32', ID = '6247'
Method 'SystemCollectionsGenericKeyValuePair2SystemStringSystemObjectarrayInternalRuntimeCompilerServicesUnsafeAsSystemCollectionsGenericKeyValuePair2SystemStringSystemObjectarraySystemObject', ID = '6250'
Method 'SystemVoidSystemSZGenericArrayEnumerator1SystemCollectionsGenericKeyValuePair2SystemStringSystemObjectctorSystemCollectionsGenericKeyValuePair2SystemStringSystemObjectarray', ID = '6251'
Method 'SystemInt32SystemArrayIndexOfSystemCollectionsGenericKeyValuePair2SystemStringSystemObjectSystemCollectionsGenericKeyValuePair2SystemStringSystemObjectarraySystemCollecB5EA34D93A830CC8318C1BE2C2CAEA42', ID = '6255'
Method 'SystemCollectionsGenericIEnumerator1SystemCollectionsGenericKeyValuePair2SystemStringSystemObjectCosmosIL2CPUSZArrayImpl1SystemCollectionsGenericKeyValuePair2SystemStringSystemObjectGetEnumerator', ID = '6256'
Method 'SystemVoidCosmosIL2CPUSZArrayImpl1SystemCollectionsGenericKeyValuePair2SystemStringSystemObjectCopyToSystemCollectionsGenericKeyValuePair2SystemStringSystemObjectarraySystemInt32', ID = '6257'
Method 'SystemInt32CosmosIL2CPUSZArrayImpl1SystemCollectionsGenericKeyValuePair2SystemStringSystemObjectget_Count', ID = '6258'
Method 'SystemCollectionsGenericKeyValuePair2SystemStringSystemObjectCosmosIL2CPUSZArrayImpl1SystemCollectionsGenericKeyValuePair2SystemStringSystemObjectget_ItemSystemInt32', ID = '6259'
Method 'SystemVoidCosmosIL2CPUSZArrayImpl1SystemCollectionsGenericKeyValuePair2SystemStringSystemObjectset_ItemSystemInt32SystemCollectionsGenericKeyValuePair2SystemStringSystemObject', ID = '6260'
Method 'SystemVoidCosmosIL2CPUSZArrayImpl1SystemCollectionsGenericKeyValuePair2SystemStringSystemObjectAddSystemCollectionsGenericKeyValuePair2SystemStringSystemObject', ID = '6261'
Method 'SystemBooleanCosmosIL2CPUSZArrayImpl1SystemCollectionsGenericKeyValuePair2SystemStringSystemObjectContainsSystemCollectionsGenericKeyValuePair2SystemStringSystemObject', ID = '6262'
Method 'SystemBooleanCosmosIL2CPUSZArrayImpl1SystemCollectionsGenericKeyValuePair2SystemStringSystemObjectget_IsReadOnly', ID = '6263'
Method 'SystemVoidCosmosIL2CPUSZArrayImpl1SystemCollectionsGenericKeyValuePair2SystemStringSystemObjectClear', ID = '6264'
Method 'SystemInt32CosmosIL2CPUSZArrayImpl1SystemCollectionsGenericKeyValuePair2SystemStringSystemObjectIndexOfSystemCollectionsGenericKeyValuePair2SystemStringSystemObject', ID = '6265'
Method 'SystemVoidCosmosIL2CPUSZArrayImpl1SystemCollectionsGenericKeyValuePair2SystemStringSystemObjectInsertSystemInt32SystemCollectionsGenericKeyValuePair2SystemStringSystemObject', ID = '6266'
Method 'SystemVoidCosmosIL2CPUSZArrayImpl1SystemCollectionsGenericKeyValuePair2SystemStringSystemObjectRemoveAtSystemInt32', ID = '6267'
Method 'SystemBooleanCosmosIL2CPUSZArrayImpl1SystemCollectionsGenericKeyValuePair2SystemStringSystemObjectget_IsFixedSize', ID = '6268'
Method 'SystemVoidCosmosIL2CPUSZArrayImpl1SystemCollectionsGenericKeyValuePair2SystemStringSystemObjectRemoveSystemCollectionsGenericKeyValuePair2SystemStringSystemObject', ID = '6269'
Method 'SystemObjectCosmosIL2CPUSZArrayImpl1SystemCollectionsGenericKeyValuePair2SystemStringSystemObjectget_SyncRoot', ID = '6270'
Method 'SystemBooleanCosmosIL2CPUSZArrayImpl1SystemCollectionsGenericKeyValuePair2SystemStringSystemObjectget_IsSynchronized', ID = '6271'
Method 'SystemReadOnlySpan1SystemByteSystemGlobalizationCharUnicodeInfoget_CategoryCasingLevel1Index', ID = '6273'
Method 'SystemReadOnlySpan1SystemByteSystemGlobalizationCharUnicodeInfoget_CategoryCasingLevel2Index', ID = '6274'
Method 'SystemReadOnlySpan1SystemByteSystemGlobalizationCharUnicodeInfoget_CategoryCasingLevel3Index', ID = '6275'
Method 'SystemVoidSystemCollectionsGenericEqualityComparer1CosmosSystemFileSystemManagedPartitioncctor', ID = '6277'
Method 'SystemVoidCosmosIL2CPUSZArrayImpl1GetEnumeratord__0SystemUInt16SystemIDisposableDispose', ID = '6281'
Method 'SystemBooleanCosmosIL2CPUSZArrayImpl1GetEnumeratord__0SystemUInt16MoveNext', ID = '6282'
Method 'SystemInt32SystemTextEncodingGetCharsFastSystemBytepointerSystemInt32SystemCharpointerSystemInt32SystemInt32', ID = '6283'
Method 'SystemInt32SystemTextEncodingGetCharsWithFallbackSystemBytepointerSystemInt32SystemCharpointerSystemInt32SystemInt32SystemInt32', ID = '6284'
Method 'SystemInt32SystemTextEncodingGetCharCountSystemBytepointerSystemInt32', ID = '6285'
Method 'SystemInt32SystemTextEncodingGetCharsSystemBytepointerSystemInt32SystemCharpointerSystemInt32', ID = '6286'
Method 'SystemInt32SystemTextASCIIEncodingGetCharCountSystemBytearraySystemInt32SystemInt32', ID = '6287'
Method 'SystemInt32SystemTextUTF8EncodingGetCharCountSystemBytearraySystemInt32SystemInt32', ID = '6288'
Method 'SystemInt32SystemTextASCIIEncodingGetCharsSystemBytearraySystemInt32SystemInt32SystemChararraySystemInt32', ID = '6289'
Method 'SystemInt32SystemTextUTF8EncodingGetCharsSystemBytearraySystemInt32SystemInt32SystemChararraySystemInt32', ID = '6290'
Method 'SystemBooleanCosmosCore_PlugsSystemRuntimeCompilerServicesRuntimeHelpersImplIsReferenceOrContainsReferencesSystemGuid', ID = '6291'
Method 'SystemVoidCosmosIL2CPUSZArrayImpl1GetEnumeratord__0CosmosHALBlockDeviceGPTGPartInfoSystemIDisposableDispose', ID = '6296'
Method 'SystemBooleanCosmosIL2CPUSZArrayImpl1GetEnumeratord__0CosmosHALBlockDeviceGPTGPartInfoMoveNext', ID = '6297'
Method 'SystemVoidCosmosIL2CPUSZArrayImpl1GetEnumeratord__0CosmosHALBlockDeviceMBRPartInfoSystemIDisposableDispose', ID = '6302'
Method 'SystemBooleanCosmosIL2CPUSZArrayImpl1GetEnumeratord__0CosmosHALBlockDeviceMBRPartInfoMoveNext', ID = '6303'
Method 'SystemVoidCosmosIL2CPUSZArrayImpl1GetEnumeratord__0CosmosHALBlockDeviceEBRPartInfoSystemIDisposableDispose', ID = '6308'
Method 'SystemBooleanCosmosIL2CPUSZArrayImpl1GetEnumeratord__0CosmosHALBlockDeviceEBRPartInfoMoveNext', ID = '6309'
Method 'SystemVoidSystemCollectionsGenericEqualityComparer1CosmosHALBlockDevicePortsStoragePortcctor', ID = '6310'
Method 'SystemBooleanSystemNumericsVector1SystemUInt32EqualsSystemNumericsVector1SystemUInt32', ID = '6312'
Method 'SystemUInt32SystemNumericsVector1SystemUInt32GetElementSystemIntPtr', ID = '6313'
Method 'SystemVoidSystemHashCodeAddSystemUInt32SystemUInt32', ID = '6314'
Method 'SystemBooleanSystemNumericsVector1SystemSingleEqualsSystemNumericsVector1SystemSingle', ID = '6315'
Method 'SystemSingleSystemNumericsVector1SystemSingleGetElementSystemIntPtr', ID = '6316'
Method 'SystemVoidSystemHashCodeAddSystemSingleSystemSingle', ID = '6317'
Method 'SystemBooleanSystemNumericsVector1SystemDoubleEqualsSystemNumericsVector1SystemDouble', ID = '6318'
Method 'SystemDoubleSystemNumericsVector1SystemDoubleGetElementSystemIntPtr', ID = '6319'
Method 'SystemVoidSystemHashCodeAddSystemDoubleSystemDouble', ID = '6320'
Method 'SystemRuntimeIntrinsicsVector2561SystemByteInternalRuntimeCompilerServicesUnsafeAsSystemRuntimeIntrinsicsVector2561SystemSingleSystemRuntimeIntrinsicsVector2561SystemBy4FCD2360A16EA0E5BA373C174ED0FD3B', ID = '6321'
Method 'SystemVoidCosmosIL2CPUSZArrayImpl1GetEnumeratord__0CosmosHALBlockDeviceRegistersHBACommandHeaderSystemIDisposableDispose', ID = '6326'
Method 'SystemBooleanCosmosIL2CPUSZArrayImpl1GetEnumeratord__0CosmosHALBlockDeviceRegistersHBACommandHeaderMoveNext', ID = '6327'
Method 'SystemVoidSystemSZGenericArrayEnumerator1CosmosHALBlockDeviceRegistersHBAPRDTEntrycctor', ID = '6328'
Method 'SystemVoidSystemSZGenericArrayEnumerator1CosmosHALBlockDeviceRegistersHBAPRDTEntryDispose', ID = '6329'
Method 'SystemBooleanSystemSZGenericArrayEnumerator1CosmosHALBlockDeviceRegistersHBAPRDTEntryMoveNext', ID = '6330'
Method 'SystemBooleanSystemRuntimeCompilerServicesRuntimeHelpersIsBitwiseEquatableCosmosHALBlockDeviceRegistersHBAPRDTEntry', ID = '6331'
Method 'SystemInt32InternalRuntimeCompilerServicesUnsafeSizeOfCosmosHALBlockDeviceRegistersHBAPRDTEntry', ID = '6332'
Method 'SystemByteInternalRuntimeCompilerServicesUnsafeAsCosmosHALBlockDeviceRegistersHBAPRDTEntrySystemByteCosmosHALBlockDeviceRegistersHBAPRDTEntry', ID = '6333'
Method 'SystemCharInternalRuntimeCompilerServicesUnsafeAsCosmosHALBlockDeviceRegistersHBAPRDTEntrySystemCharCosmosHALBlockDeviceRegistersHBAPRDTEntry', ID = '6334'
Method 'SystemInt32InternalRuntimeCompilerServicesUnsafeAsCosmosHALBlockDeviceRegistersHBAPRDTEntrySystemInt32CosmosHALBlockDeviceRegistersHBAPRDTEntry', ID = '6335'
Method 'SystemInt64InternalRuntimeCompilerServicesUnsafeAsCosmosHALBlockDeviceRegistersHBAPRDTEntrySystemInt64CosmosHALBlockDeviceRegistersHBAPRDTEntry', ID = '6336'
Method 'SystemCollectionsGenericEqualityComparer1CosmosHALBlockDeviceRegistersHBAPRDTEntrySystemCollectionsGenericEqualityComparer1CosmosHALBlockDeviceRegistersHBAPRDTEntryget_Default', ID = '6337'
Method 'SystemInt32SystemCollectionsGenericEqualityComparer1CosmosHALBlockDeviceRegistersHBAPRDTEntryIndexOfCosmosHALBlockDeviceRegistersHBAPRDTEntryarrayCosmosHALBlockDeviceReE5FACEF57EFDF52A0723D324476F044A', ID = '6338'
Method 'SystemVoidCosmosIL2CPUSZArrayImpl1GetEnumeratord__0CosmosHALBlockDeviceRegistersHBAPRDTEntryctorSystemInt32', ID = '6339'
Method 'SystemChararrayCosmosCore_PlugsSystemBuffersArrayPoolImpl1CosmosArrayPoolSystemCharRentSystemInt32', ID = '6341'
Method 'SystemVoidCosmosCore_PlugsSystemBuffersArrayPoolImpl1CosmosArrayPoolSystemCharReturnSystemChararraySystemBoolean', ID = '6342'
Method 'SystemStringCosmosCore_PlugsSystemStringImplFormatSystemStringSystemObjectSystemObject', ID = '6343'
Method 'SystemBooleanSystemValueTuple2SystemUInt32SystemUInt32EqualsSystemValueTuple2SystemUInt32SystemUInt32', ID = '6344'
Method 'SystemInt32SystemHashCodeCombineSystemInt32SystemInt32SystemInt32SystemInt32', ID = '6345'
Method 'SystemBooleanSystemNumberRoundNumberg__ShouldRoundUpsLine80_0SystemBytepointerSystemInt32SystemNumberNumberBufferKindSystemBoolean', ID = '6346'
Method 'SystemInt32SystemGlobalizationNumberFormatInfoget_CurrencyPositivePattern', ID = '6347'
Method 'SystemInt32SystemGlobalizationNumberFormatInfoget_CurrencyNegativePattern', ID = '6348'
Method 'SystemStringSystemGlobalizationNumberFormatInfoget_CurrencyDecimalSeparator', ID = '6349'
Method 'SystemStringSystemGlobalizationNumberFormatInfoget_CurrencyGroupSeparator', ID = '6350'
Method 'SystemStringSystemGlobalizationNumberFormatInfoget_CurrencySymbol', ID = '6351'
Method 'SystemSpan1SystemCharSystemTextValueStringBuilderAppendSpanSystemInt32', ID = '6352'
Method 'SystemVoidSystemTextValueStringBuilderAppendSystemCharSystemInt32', ID = '6353'
Method 'SystemInt32SystemGlobalizationNumberFormatInfoget_NumberNegativePattern', ID = '6354'
Method 'SystemInt32SystemGlobalizationNumberFormatInfoget_PercentPositivePattern', ID = '6355'
Method 'SystemInt32SystemGlobalizationNumberFormatInfoget_PercentNegativePattern', ID = '6356'
Method 'SystemStringSystemGlobalizationNumberFormatInfoget_PercentDecimalSeparator', ID = '6357'
Method 'SystemStringSystemGlobalizationNumberFormatInfoget_PercentGroupSeparator', ID = '6358'
Method 'SystemVoidSystemSpan1SystemInt32ctorSystemInt32array', ID = '6359'
Method 'SystemInt32SystemByReference1SystemInt32get_Value', ID = '6360'
Method 'SystemVoidSystemBufferMemmoveSystemInt32SystemInt32SystemInt32SystemUIntPtr', ID = '6361'
Method 'SystemStringSystemGlobalizationNumberFormatInfoget_PositiveSign', ID = '6362'
Method 'SystemVoidSystemTextValueStringBuilderAppendSystemCharpointerSystemInt32', ID = '6363'
Method 'SystemVoidSystemGlobalizationCultureDataGetNFIValuesSystemGlobalizationNumberFormatInfo', ID = '6364'
Method 'SystemVoidSystemGlobalizationNumberFormatInfoInitializeInvariantAndNegativeSignFlags', ID = '6365'
Method 'SystemObjectInternalRuntimeCompilerServicesUnsafeAsSystemGlobalizationNumberFormatInfoSystemObjectSystemGlobalizationNumberFormatInfo', ID = '6368'
Method 'SystemGlobalizationNumberFormatInfoInternalRuntimeCompilerServicesUnsafeAsSystemGlobalizationNumberFormatInfoSystemObject', ID = '6370'
Method 'SystemTextStringBuilderSystemTextStringBuilderAppendSystemInt32', ID = '6371'
Method 'SystemTextStringBuilderSystemTextStringBuilderAppendSystemBoolean', ID = '6372'
Method 'SystemTextStringBuilderSystemTextStringBuilderAppendSystemObject', ID = '6373'
Method 'SystemVoidSystemNumberGrisu3cctor', ID = '6374'
Method 'SystemVoidSystemNumberDiyFpGetBoundariesSystemInt32SystemNumberDiyFpSystemNumberDiyFp', ID = '6377'
Method 'SystemInt32SystemNumericsBitOperationsLeadingZeroCountSystemUInt64', ID = '6378'
Method 'SystemVoidSystemNumberDiyFpctorSystemUInt64SystemInt32', ID = '6379'
Method 'SystemNumberDiyFpSystemNumberGrisu3GetCachedPowerForBinaryExponentRangeSystemInt32SystemInt32SystemInt32', ID = '6380'
Method 'SystemNumberDiyFpSystemNumberDiyFpMultiplySystemNumberDiyFp', ID = '6381'
Method 'SystemBooleanSystemNumberGrisu3TryDigitGenShortestSystemNumberDiyFpSystemNumberDiyFpSystemNumberDiyFpSystemSpan1SystemByteSystemInt32SystemInt32', ID = '6382'
Method 'SystemBooleanSystemNumberGrisu3TryDigitGenCountedSystemNumberDiyFpSystemInt32SystemSpan1SystemByteSystemInt32SystemInt32', ID = '6383'
Method 'SystemUInt64SystemBitConverterDoubleToUInt64BitsSystemDouble', ID = '6384'
Method 'SystemUInt64SystemRuntimeIntrinsicsX86LzcntX64LeadingZeroCountSystemUInt64', ID = '6386'
Method 'SystemUInt64SystemRuntimeIntrinsicsX86X86BaseX64BitScanReverseSystemUInt64', ID = '6387'
Method 'SystemVoidSystemNumberBigIntegerSetUInt64SystemNumberBigIntegerSystemUInt64', ID = '6388'
Method 'SystemVoidSystemNumberBigIntegerShiftLeftSystemUInt32', ID = '6389'
Method 'SystemVoidSystemNumberBigIntegerSetUInt32SystemNumberBigIntegerSystemUInt32', ID = '6390'
Method 'SystemVoidSystemNumberBigIntegerPow2SystemUInt32SystemNumberBigInteger', ID = '6391'
Method 'SystemVoidSystemNumberBigIntegerMultiplyPow10SystemUInt32', ID = '6393'
Method 'SystemVoidSystemNumberBigIntegerPow10SystemUInt32SystemNumberBigInteger', ID = '6394'
Method 'SystemVoidSystemNumberBigIntegerMultiplySystemNumberBigInteger', ID = '6395'
Method 'SystemVoidSystemNumberBigIntegerMultiplySystemNumberBigIntegerSystemUInt32SystemNumberBigInteger', ID = '6396'
Method 'SystemVoidSystemNumberBigIntegerAddSystemNumberBigIntegerSystemNumberBigIntegerSystemNumberBigInteger', ID = '6397'
Method 'SystemInt32SystemNumberBigIntegerCompareSystemNumberBigIntegerSystemNumberBigInteger', ID = '6398'
Method 'SystemVoidSystemNumberBigIntegerMultiply10', ID = '6399'
Method 'SystemInt32SystemNumberBigIntegerGetLength', ID = '6400'
Method 'SystemUInt32SystemNumberBigIntegerGetBlockSystemUInt32', ID = '6401'
Method 'SystemUInt32SystemNumberBigIntegerHeuristicDivideSystemNumberBigIntegerSystemNumberBigInteger', ID = '6402'
Method 'SystemBooleanSystemNumberBigIntegerIsZero', ID = '6403'
Method 'SystemRuntimeIntrinsicsVector1281SystemSingleSystemRuntimeIntrinsicsVector128CreateScalarUnsafeSystemSingle', ID = '6404'
Method 'SystemRuntimeIntrinsicsVector1281SystemInt32SystemRuntimeIntrinsicsVector128AsInt32SystemSingleSystemRuntimeIntrinsicsVector1281SystemSingle', ID = '6405'
Method 'SystemInt32SystemRuntimeIntrinsicsX86Sse2ConvertToInt32SystemRuntimeIntrinsicsVector1281SystemInt32', ID = '6406'
Method 'SystemUInt32SystemBitConverterSingleToUInt32BitsSystemSingle', ID = '6407'
Method 'SystemUInt32SystemRuntimeIntrinsicsX86LzcntLeadingZeroCountSystemUInt32', ID = '6409'
Method 'SystemUInt32SystemRuntimeIntrinsicsX86X86BaseBitScanReverseSystemUInt32', ID = '6410'
Method 'SystemInt32SystemNumericsBitOperationsLog2SoftwareFallbackSystemUInt32', ID = '6411'
Method 'SystemChararraySystemGCAllocateUninitializedArrayg__AllocateNewUninitializedArraysLine66_0SystemCharSystemInt32SystemBoolean', ID = '6412'
Method 'SystemVoidSystemCollectionsGenericEqualityComparer1CosmosCoreManagedMemoryBlockcctor', ID = '6413'
Method 'SystemVoidSystemCollectionsGenericEqualityComparer1SystemBytearraycctor', ID = '6415'
Method 'SystemObjectCosmosCore_PlugsSystemRuntimeTypeHandleImplGetAssemblySystemObject', ID = '6418'
Method 'SystemBooleanSystemRuntimeCompilerServicesDefaultInterpolatedStringHandlerHasCustomFormatterSystemIFormatProvider', ID = '6419'
Method 'SystemVoidSystemRuntimeCompilerServicesDefaultInterpolatedStringHandlerAppendCustomFormatterSystemObjectSystemObjectSystemString', ID = '6420'
Method 'SystemIntPtrSystemRuntimeFieldHandleget_Value', ID = '6422'
Method 'SystemVoidSystemRuntimeTypeHandlectorSystemRuntimeType', ID = '6432'
Method 'SystemStringSystemRuntimeTypeHandleConstructNameSystemTypeNameFormatFlags', ID = '6433'
Method 'SystemBooleanSystemTypeget_HasElementType', ID = '6435'
Method 'SystemBooleanSystemRuntimeTypeget_IsGenericTypeDefinition', ID = '6436'
Method 'SystemBooleanSystemRuntimeTypeget_ContainsGenericParameters', ID = '6437'
Method 'SystemBooleanSystemTypeget_IsGenericParameter', ID = '6438'
Method 'SystemBooleanSystemTypeget_IsGenericType', ID = '6439'
Method 'SystemTypearraySystemTypeGetGenericArguments', ID = '6440'
Method 'SystemStringSystemPrivateCoreLibSystemSRget_Arg_InvalidOperationException', ID = '6441'
Method 'SystemVoidSystemThrowHelperThrowInvalidOperationException_EnumCurrentSystemInt32', ID = '6442'
Method 'SystemVoidCosmosIL2CPUSZArrayImpl1GetEnumeratord__0CosmosHALKeyboardBaseSystemIDisposableDispose', ID = '6447'
Method 'CosmosHALKeyboardBaseCosmosIL2CPUSZArrayImpl1GetEnumeratord__0CosmosHALKeyboardBaseSystemCollectionsGenericIEnumeratorTget_Current', ID = '6448'
Method 'SystemBooleanCosmosIL2CPUSZArrayImpl1GetEnumeratord__0CosmosHALKeyboardBaseMoveNext', ID = '6449'
Method 'SystemVoidSystemSZGenericArrayEnumerator1CosmosSystemKeyMappingcctor', ID = '6450'
Method 'SystemVoidSystemSZGenericArrayEnumerator1CosmosSystemKeyMappingDispose', ID = '6451'
Method 'SystemBooleanSystemSZGenericArrayEnumerator1CosmosSystemKeyMappingMoveNext', ID = '6452'
Method 'SystemBooleanSystemRuntimeCompilerServicesRuntimeHelpersIsBitwiseEquatableCosmosSystemKeyMapping', ID = '6453'
Method 'SystemInt32InternalRuntimeCompilerServicesUnsafeSizeOfCosmosSystemKeyMapping', ID = '6454'
Method 'SystemByteInternalRuntimeCompilerServicesUnsafeAsCosmosSystemKeyMappingSystemByteCosmosSystemKeyMapping', ID = '6455'
Method 'SystemCharInternalRuntimeCompilerServicesUnsafeAsCosmosSystemKeyMappingSystemCharCosmosSystemKeyMapping', ID = '6456'
Method 'SystemInt32InternalRuntimeCompilerServicesUnsafeAsCosmosSystemKeyMappingSystemInt32CosmosSystemKeyMapping', ID = '6457'
Method 'SystemInt64InternalRuntimeCompilerServicesUnsafeAsCosmosSystemKeyMappingSystemInt64CosmosSystemKeyMapping', ID = '6458'
Method 'SystemCollectionsGenericEqualityComparer1CosmosSystemKeyMappingSystemCollectionsGenericEqualityComparer1CosmosSystemKeyMappingget_Default', ID = '6459'
Method 'SystemInt32SystemCollectionsGenericEqualityComparer1CosmosSystemKeyMappingIndexOfCosmosSystemKeyMappingarrayCosmosSystemKeyMappingSystemInt32SystemInt32', ID = '6460'
Method 'SystemVoidCosmosIL2CPUSZArrayImpl1GetEnumeratord__0CosmosSystemKeyMappingctorSystemInt32', ID = '6461'
Method 'SystemVoidSystemCollectionsGenericList1CosmosSystemKeyMappingGrowSystemInt32', ID = '6463'
Method 'SystemVoidCosmosSystemKeyMappingctorSystemByteSystemCharSystemCharSystemCharSystemCharSystemCharSystemCharSystemCharSystemCharSystemCharSystemCharCosmosSystemConsoleKeyExCosmosSystemConsoleKeyEx', ID = '6464'
Method 'SystemVoidSystemCollectionsGenericList1CosmosSystemFileSystemFileSystemFactoryctor', ID = '6465'
Method 'SystemVoidCosmosSystemFileSystemFATFatFileSystemFactoryctor', ID = '6466'
Method 'SystemVoidSystemCollectionsGenericList1CosmosSystemFileSystemFileSystemFactoryAddCosmosSystemFileSystemFileSystemFactory', ID = '6467'
Method 'SystemVoidCosmosSystemFileSystemISO9660ISO9660FileSystemFactoryctor', ID = '6468'
Method 'CosmosSystemFileSystemFileSystemFactoryarrayInternalRuntimeCompilerServicesUnsafeAsCosmosSystemFileSystemFileSystemFactoryarraySystemObject', ID = '6469'
Method 'SystemVoidSystemSZGenericArrayEnumerator1CosmosSystemFileSystemFileSystemFactoryctorCosmosSystemFileSystemFileSystemFactoryarray', ID = '6470'
Method 'SystemInt32SystemArrayIndexOfCosmosSystemFileSystemFileSystemFactoryCosmosSystemFileSystemFileSystemFactoryarrayCosmosSystemFileSystemFileSystemFactorySystemInt32SystemInt32', ID = '6473'
Method 'SystemCollectionsGenericIEnumerator1CosmosSystemFileSystemFileSystemFactoryCosmosIL2CPUSZArrayImpl1CosmosSystemFileSystemFileSystemFactoryGetEnumerator', ID = '6474'
Method 'SystemVoidCosmosIL2CPUSZArrayImpl1CosmosSystemFileSystemFileSystemFactoryCopyToCosmosSystemFileSystemFileSystemFactoryarraySystemInt32', ID = '6475'
Method 'SystemInt32CosmosIL2CPUSZArrayImpl1CosmosSystemFileSystemFileSystemFactoryget_Count', ID = '6476'
Method 'CosmosSystemFileSystemFileSystemFactoryCosmosIL2CPUSZArrayImpl1CosmosSystemFileSystemFileSystemFactoryget_ItemSystemInt32', ID = '6477'
Method 'SystemVoidCosmosIL2CPUSZArrayImpl1CosmosSystemFileSystemFileSystemFactoryset_ItemSystemInt32CosmosSystemFileSystemFileSystemFactory', ID = '6478'
Method 'SystemVoidCosmosIL2CPUSZArrayImpl1CosmosSystemFileSystemFileSystemFactoryAddCosmosSystemFileSystemFileSystemFactory', ID = '6479'
Method 'SystemBooleanCosmosIL2CPUSZArrayImpl1CosmosSystemFileSystemFileSystemFactoryContainsCosmosSystemFileSystemFileSystemFactory', ID = '6480'
Method 'SystemBooleanCosmosIL2CPUSZArrayImpl1CosmosSystemFileSystemFileSystemFactoryget_IsReadOnly', ID = '6481'
Method 'SystemVoidCosmosIL2CPUSZArrayImpl1CosmosSystemFileSystemFileSystemFactoryClear', ID = '6482'
Method 'SystemInt32CosmosIL2CPUSZArrayImpl1CosmosSystemFileSystemFileSystemFactoryIndexOfCosmosSystemFileSystemFileSystemFactory', ID = '6483'
Method 'SystemVoidCosmosIL2CPUSZArrayImpl1CosmosSystemFileSystemFileSystemFactoryInsertSystemInt32CosmosSystemFileSystemFileSystemFactory', ID = '6484'
Method 'SystemVoidCosmosIL2CPUSZArrayImpl1CosmosSystemFileSystemFileSystemFactoryRemoveAtSystemInt32', ID = '6485'
Method 'SystemBooleanCosmosIL2CPUSZArrayImpl1CosmosSystemFileSystemFileSystemFactoryget_IsFixedSize', ID = '6486'
Method 'SystemVoidCosmosIL2CPUSZArrayImpl1CosmosSystemFileSystemFileSystemFactoryRemoveCosmosSystemFileSystemFileSystemFactory', ID = '6487'
Method 'SystemObjectCosmosIL2CPUSZArrayImpl1CosmosSystemFileSystemFileSystemFactoryget_SyncRoot', ID = '6488'
Method 'SystemBooleanCosmosIL2CPUSZArrayImpl1CosmosSystemFileSystemFileSystemFactoryget_IsSynchronized', ID = '6489'
Method 'SystemVoidSystemCollectionsGenericEqualityComparer1CosmosSystemKeyEventcctor', ID = '6490'
Method 'SystemStringSystemIOFileNotFoundExceptionget_FileName', ID = '6495'
Method 'SystemStringSystemPrivateCoreLibSystemSRget_IO_FileNotFound', ID = '6496'
Method 'SystemStringSystemStringCreateTrimmedStringSystemInt32SystemInt32', ID = '6499'
Method 'SystemVoidSystemArrayEmptyArray1SystemStringcctor', ID = '6500'
Method 'SystemStringSystemSpan1SystemInt32ToString', ID = '6501'
Method 'SystemBooleanSystemSpan1SystemInt32EqualsSystemObject', ID = '6502'
Method 'SystemInt32SystemSpan1SystemInt32GetHashCode', ID = '6503'
Method 'SystemBooleanCosmosCore_PlugsSystemRuntimeCompilerServicesRuntimeHelpersImplIsReferenceOrContainsReferencesSystemInt32', ID = '6504'
Method 'SystemVoidSystemCollectionsGenericValueListBuilder1SystemInt32Grow', ID = '6505'
Method 'SystemVoidSystemPlatformNotSupportedExceptionctor', ID = '6506'
Method 'SystemRuntimeIntrinsicsVector1281SystemByteSystemRuntimeIntrinsicsVector128CreateSystemByteSystemByteSystemByteSystemByteSystemByteSystemByteSystemByteSystemByteSystemBE91E3999C6FAA242EFF989E5AD1BD485', ID = '6507'
Method 'SystemRuntimeIntrinsicsVector1281SystemUInt16SystemStringMakeSeparatorListVectorizedg__ReadVectorsLine201_0SystemCharSystemInt32', ID = '6508'
Method 'SystemRuntimeIntrinsicsVector1281SystemUInt64SystemRuntimeIntrinsicsVector128AsUInt64SystemUInt16SystemRuntimeIntrinsicsVector1281SystemUInt16', ID = '6509'
Method 'SystemRuntimeIntrinsicsVector1281SystemUInt64SystemRuntimeIntrinsicsX86Sse2ShiftRightLogicalSystemRuntimeIntrinsicsVector1281SystemUInt64SystemByte', ID = '6510'
Method 'SystemRuntimeIntrinsicsVector1281SystemByteSystemRuntimeIntrinsicsX86Ssse3ShuffleSystemRuntimeIntrinsicsVector1281SystemByteSystemRuntimeIntrinsicsVector1281SystemByte', ID = '6511'
Method 'SystemVoidSystemStringSetCharBitSystemUInt32pointerSystemByte', ID = '6512'
Method 'SystemBooleanSystemSpanHelpersContainsSystemByteSystemByteSystemInt32', ID = '6513'
Method 'SystemBooleanSystemSpanHelpersContainsSystemCharSystemCharSystemInt32', ID = '6514'
Method 'SystemBooleanSystemSpanHelpersContainsSystemCharSystemCharSystemCharSystemInt32', ID = '6515'
Method 'SystemVoidSystemSpan1SystemInt32ctorSystemInt32SystemInt32', ID = '6516'
Method 'SystemVoidSystemReadOnlySpan1SystemInt32ctorSystemInt32SystemInt32', ID = '6517'
Method 'SystemStringSystemRuntimeInteropServicesMemoryMarshalGetArrayDataReferenceSystemStringSystemStringarray', ID = '6519'
Method 'SystemVoidSystemBufferMemmoveSystemStringSystemStringSystemStringSystemUIntPtr', ID = '6520'
Method 'SystemBuffersArrayPool1SystemInt32CosmosCore_PlugsSystemBuffersArrayPoolImpl1SystemInt32get_Shared', ID = '6522'
Method 'SystemThreadingTasksTask1SystemInt32arraySystemThreadingTasksTaskCacheCreateInt32Tasks', ID = '6526'
Method 'SystemVoidSystemThreadingTasksTaskContingentPropertiesctor', ID = '6528'
Method 'SystemVoidSystemSZGenericArrayEnumerator1SystemThreadingIAsyncLocalcctor', ID = '6529'
Method 'SystemVoidSystemSZGenericArrayEnumerator1SystemThreadingIAsyncLocalDispose', ID = '6530'
Method 'SystemBooleanSystemSZGenericArrayEnumerator1SystemThreadingIAsyncLocalMoveNext', ID = '6531'
Method 'SystemBooleanSystemRuntimeCompilerServicesRuntimeHelpersIsBitwiseEquatableSystemThreadingIAsyncLocal', ID = '6532'
Method 'SystemInt32InternalRuntimeCompilerServicesUnsafeSizeOfSystemThreadingIAsyncLocal', ID = '6533'
Method 'SystemByteInternalRuntimeCompilerServicesUnsafeAsSystemThreadingIAsyncLocalSystemByteSystemThreadingIAsyncLocal', ID = '6534'
Method 'SystemCharInternalRuntimeCompilerServicesUnsafeAsSystemThreadingIAsyncLocalSystemCharSystemThreadingIAsyncLocal', ID = '6535'
Method 'SystemInt32InternalRuntimeCompilerServicesUnsafeAsSystemThreadingIAsyncLocalSystemInt32SystemThreadingIAsyncLocal', ID = '6536'
Method 'SystemInt64InternalRuntimeCompilerServicesUnsafeAsSystemThreadingIAsyncLocalSystemInt64SystemThreadingIAsyncLocal', ID = '6537'
Method 'SystemCollectionsGenericEqualityComparer1SystemThreadingIAsyncLocalSystemCollectionsGenericEqualityComparer1SystemThreadingIAsyncLocalget_Default', ID = '6538'
Method 'SystemInt32SystemCollectionsGenericEqualityComparer1SystemThreadingIAsyncLocalIndexOfSystemThreadingIAsyncLocalarraySystemThreadingIAsyncLocalSystemInt32SystemInt32', ID = '6539'
Method 'SystemVoidCosmosIL2CPUSZArrayImpl1GetEnumeratord__0SystemThreadingIAsyncLocalctorSystemInt32', ID = '6540'
Method 'SystemRuntimeExceptionServicesExceptionDispatchInfoarrayInternalRuntimeCompilerServicesUnsafeAsSystemRuntimeExceptionServicesExceptionDispatchInfoarraySystemObject', ID = '6543'
Method 'SystemVoidSystemSZGenericArrayEnumerator1SystemRuntimeExceptionServicesExceptionDispatchInfoctorSystemRuntimeExceptionServicesExceptionDispatchInfoarray', ID = '6544'
Method 'SystemInt32SystemArrayIndexOfSystemRuntimeExceptionServicesExceptionDispatchInfoSystemRuntimeExceptionServicesExceptionDispatchInfoarraySystemRuntimeExceptionServicesEx5C3505B461A14CFF8C40FFC76E023BD7', ID = '6547'
Method 'SystemCollectionsGenericIEnumerator1SystemRuntimeExceptionServicesExceptionDispatchInfoCosmosIL2CPUSZArrayImpl1SystemRuntimeExceptionServicesExceptionDispatchInfoGetEnumerator', ID = '6548'
Method 'SystemVoidCosmosIL2CPUSZArrayImpl1SystemRuntimeExceptionServicesExceptionDispatchInfoCopyToSystemRuntimeExceptionServicesExceptionDispatchInfoarraySystemInt32', ID = '6549'
Method 'SystemInt32CosmosIL2CPUSZArrayImpl1SystemRuntimeExceptionServicesExceptionDispatchInfoget_Count', ID = '6550'
Method 'SystemRuntimeExceptionServicesExceptionDispatchInfoCosmosIL2CPUSZArrayImpl1SystemRuntimeExceptionServicesExceptionDispatchInfoget_ItemSystemInt32', ID = '6551'
Method 'SystemVoidCosmosIL2CPUSZArrayImpl1SystemRuntimeExceptionServicesExceptionDispatchInfoset_ItemSystemInt32SystemRuntimeExceptionServicesExceptionDispatchInfo', ID = '6552'
Method 'SystemVoidCosmosIL2CPUSZArrayImpl1SystemRuntimeExceptionServicesExceptionDispatchInfoAddSystemRuntimeExceptionServicesExceptionDispatchInfo', ID = '6553'
Method 'SystemBooleanCosmosIL2CPUSZArrayImpl1SystemRuntimeExceptionServicesExceptionDispatchInfoContainsSystemRuntimeExceptionServicesExceptionDispatchInfo', ID = '6554'
Method 'SystemBooleanCosmosIL2CPUSZArrayImpl1SystemRuntimeExceptionServicesExceptionDispatchInfoget_IsReadOnly', ID = '6555'
Method 'SystemVoidCosmosIL2CPUSZArrayImpl1SystemRuntimeExceptionServicesExceptionDispatchInfoClear', ID = '6556'
Method 'SystemInt32CosmosIL2CPUSZArrayImpl1SystemRuntimeExceptionServicesExceptionDispatchInfoIndexOfSystemRuntimeExceptionServicesExceptionDispatchInfo', ID = '6557'
Method 'SystemVoidCosmosIL2CPUSZArrayImpl1SystemRuntimeExceptionServicesExceptionDispatchInfoInsertSystemInt32SystemRuntimeExceptionServicesExceptionDispatchInfo', ID = '6558'
Method 'SystemVoidCosmosIL2CPUSZArrayImpl1SystemRuntimeExceptionServicesExceptionDispatchInfoRemoveAtSystemInt32', ID = '6559'
Method 'SystemBooleanCosmosIL2CPUSZArrayImpl1SystemRuntimeExceptionServicesExceptionDispatchInfoget_IsFixedSize', ID = '6560'
Method 'SystemVoidCosmosIL2CPUSZArrayImpl1SystemRuntimeExceptionServicesExceptionDispatchInfoRemoveSystemRuntimeExceptionServicesExceptionDispatchInfo', ID = '6561'
Method 'SystemObjectCosmosIL2CPUSZArrayImpl1SystemRuntimeExceptionServicesExceptionDispatchInfoget_SyncRoot', ID = '6562'
Method 'SystemBooleanCosmosIL2CPUSZArrayImpl1SystemRuntimeExceptionServicesExceptionDispatchInfoget_IsSynchronized', ID = '6563'
Method 'SystemVoidSystemThreadingTimerQueueTimercompilergeneratedccctorb__27_0SystemObject', ID = '6567'
Method 'SystemVoidCosmosCore_AsmDelegateImplCtorSystemObjectSystemIntPtr', ID = '1668'
Method 'SystemVoidSystemThreadingTimerQueuecctor', ID = '6570'
Method 'SystemVoidSystemThreadingCancellationTokenSourceRegistrationsEnterLock', ID = '6573'
Method 'SystemVoidSystemThreadingCancellationTokenSourceRegistrationsRecycleSystemThreadingCancellationTokenSourceCallbackNode', ID = '6574'
Method 'SystemVoidSystemThreadingCancellationTokenSourceRegistrationsExitLock', ID = '6575'
Method 'SystemBooleanSystemThreadingCancellationTokenSourceget_IsCancellationRequested', ID = '6576'
Method 'SystemBooleanSystemThreadingCancellationTokenSourceget_IsCancellationCompleted', ID = '6577'
Method 'SystemVoidSystemThreadingCancellationTokenSourceRegistrationsWaitForCallbackToCompleteSystemInt64', ID = '6579'
Method 'SystemVoidSystemSZGenericArrayEnumerator1SystemThreadingTasksTaskcctor', ID = '6580'
Method 'SystemVoidSystemSZGenericArrayEnumerator1SystemThreadingTasksTaskDispose', ID = '6581'
Method 'SystemBooleanSystemSZGenericArrayEnumerator1SystemThreadingTasksTaskMoveNext', ID = '6582'
Method 'SystemBooleanSystemRuntimeCompilerServicesRuntimeHelpersIsBitwiseEquatableSystemThreadingTasksTask', ID = '6583'
Method 'SystemInt32InternalRuntimeCompilerServicesUnsafeSizeOfSystemThreadingTasksTask', ID = '6584'
Method 'SystemByteInternalRuntimeCompilerServicesUnsafeAsSystemThreadingTasksTaskSystemByteSystemThreadingTasksTask', ID = '6585'
Method 'SystemCharInternalRuntimeCompilerServicesUnsafeAsSystemThreadingTasksTaskSystemCharSystemThreadingTasksTask', ID = '6586'
Method 'SystemInt32InternalRuntimeCompilerServicesUnsafeAsSystemThreadingTasksTaskSystemInt32SystemThreadingTasksTask', ID = '6587'
Method 'SystemInt64InternalRuntimeCompilerServicesUnsafeAsSystemThreadingTasksTaskSystemInt64SystemThreadingTasksTask', ID = '6588'
Method 'SystemCollectionsGenericEqualityComparer1SystemThreadingTasksTaskSystemCollectionsGenericEqualityComparer1SystemThreadingTasksTaskget_Default', ID = '6589'
Method 'SystemInt32SystemCollectionsGenericEqualityComparer1SystemThreadingTasksTaskIndexOfSystemThreadingTasksTaskarraySystemThreadingTasksTaskSystemInt32SystemInt32', ID = '6590'
Method 'SystemVoidCosmosIL2CPUSZArrayImpl1GetEnumeratord__0SystemThreadingTasksTaskctorSystemInt32', ID = '6591'
Method 'SystemVoidSystemTextEncoderFallbackctor', ID = '6599'
Method 'SystemBooleanSystemCharIsSurrogateSystemChar', ID = '6600'
Method 'SystemStringSystemPrivateCoreLibSystemSRget_Argument_InvalidCharSequenceNoIndex', ID = '6601'
Method 'SystemVoidSystemTextDecoderFallbackctor', ID = '6602'
Method 'SystemVoidSystemTextDecoderReplacementFallbackcctor', ID = '6603'
Method 'SystemBooleanSystemTextDecoderReplacementFallbackEqualsSystemObject', ID = '6604'
Method 'SystemInt32SystemTextDecoderReplacementFallbackGetHashCode', ID = '6605'
Method 'SystemNumericsVector1SystemUInt16SystemNumericsVector1SystemUInt16LessThanOrEqualSystemNumericsVector1SystemUInt16SystemNumericsVector1SystemUInt16', ID = '6606'
Method 'SystemNumericsVector1SystemInt32SystemNumericsVector1SystemInt32get_AllBitsSet', ID = '6607'
Method 'SystemStringSystemRuntimeIntrinsicsVector1281SystemUInt64ToString', ID = '6609'
Method 'SystemBooleanSystemRuntimeIntrinsicsVector1281SystemUInt64EqualsSystemObject', ID = '6610'
Method 'SystemInt32SystemRuntimeIntrinsicsVector1281SystemUInt64GetHashCode', ID = '6611'
Method 'SystemRuntimeIntrinsicsVector1281SystemByteInternalRuntimeCompilerServicesUnsafeAsSystemRuntimeIntrinsicsVector1281SystemUInt64SystemRuntimeIntrinsicsVector1281SystemBy8A0863D28F7C25B5F26F92A27244EA62', ID = '6613'
Method 'SystemStringSystemRuntimeIntrinsicsVector1281SystemInt16ToString', ID = '6615'
Method 'SystemBooleanSystemRuntimeIntrinsicsVector1281SystemInt16EqualsSystemObject', ID = '6616'
Method 'SystemInt32SystemRuntimeIntrinsicsVector1281SystemInt16GetHashCode', ID = '6617'
Method 'SystemVoidSystemThrowHelperThrowForUnsupportedIntrinsicsVectorBaseTypeSystemInt16', ID = '6619'
Method 'SystemRuntimeIntrinsicsVector1281SystemInt16InternalRuntimeCompilerServicesUnsafeAsSystemRuntimeIntrinsicsVector1281SystemUInt16SystemRuntimeIntrinsicsVector1281SystemI1F70998B0FDD942175EAB14BAD31D43C', ID = '6620'
Method 'SystemRuntimeIntrinsicsVector1281SystemByteInternalRuntimeCompilerServicesUnsafeAsSystemRuntimeIntrinsicsVector1281SystemInt16SystemRuntimeIntrinsicsVector1281SystemByt562168870D16589447785389E93206EC', ID = '6621'
Method 'SystemBooleanSystemNumericsVector1SystemUInt16ScalarGreaterThanOrEqualSystemUInt16SystemUInt16', ID = '6622'
Method 'SystemStringSystemNumericsVector1SystemUIntPtrToString', ID = '6623'
Method 'SystemBooleanSystemNumericsVector1SystemUIntPtrEqualsSystemObject', ID = '6624'
Method 'SystemInt32SystemNumericsVector1SystemUIntPtrGetHashCode', ID = '6625'
Method 'SystemStringSystemNumericsVector1SystemUIntPtrToStringSystemStringSystemIFormatProvider', ID = '6626'
Method 'SystemNumericsVector1SystemUIntPtrInternalRuntimeCompilerServicesUnsafeAsRefSystemNumericsVector1SystemUIntPtrSystemNumericsVector1SystemUIntPtr', ID = '6629'
Method 'SystemUIntPtrInternalRuntimeCompilerServicesUnsafeAsSystemNumericsVector1SystemUIntPtrSystemUIntPtrSystemNumericsVector1SystemUIntPtr', ID = '6630'
Method 'SystemUIntPtrInternalRuntimeCompilerServicesUnsafeAddSystemUIntPtrSystemUIntPtrSystemIntPtr', ID = '6631'
Method 'SystemBooleanSystemNumericsVector1SystemUInt16ScalarLessThanSystemUInt16SystemUInt16', ID = '6632'
Method 'SystemNumericsVector1SystemUInt16SystemNumericsVector1SystemUInt16get_AllBitsSet', ID = '6633'
Method 'SystemNumericsVector1SystemUInt16SystemNumericsVector1SystemUInt16op_ExclusiveOrSystemNumericsVector1SystemUInt16SystemNumericsVector1SystemUInt16', ID = '6634'
Method 'SystemVoidSystemTextEncoderReplacementFallbackBufferctorSystemTextEncoderReplacementFallback', ID = '6635'
Method 'SystemBooleanSystemTextRuneget_IsBmp', ID = '6636'
Method 'SystemVoidSystemTextUnicodeUtilityGetUtf16SurrogatesFromSupplementaryPlaneScalarSystemUInt32SystemCharSystemChar', ID = '6637'
Method 'SystemStringSystemStringCreateFromCharSystemCharSystemChar', ID = '6638'
Method 'SystemBooleanSystemTextRuneEqualsSystemTextRune', ID = '6639'
Method 'SystemBooleanSystemTextRuneTryEncodeToUtf16SystemSpan1SystemCharSystemInt32', ID = '6640'
Method 'SystemVoidSystemTextRunectorSystemUInt32SystemBoolean', ID = '6641'
Method 'SystemBooleanSystemTextASCIIEncodingTryGetByteCountSystemTextRuneSystemInt32', ID = '6642'
Method 'SystemBooleanSystemTextUTF8EncodingTryGetByteCountSystemTextRuneSystemInt32', ID = '6643'
Method 'SystemStringSystemPrivateCoreLibSystemSRget_Argument_RecursiveFallback', ID = '6644'
Method 'SystemRuntimeIntrinsicsVector1281SystemUInt16SystemRuntimeIntrinsicsVector128AsSystemInt16SystemUInt16SystemRuntimeIntrinsicsVector1281SystemInt16', ID = '6647'
Method 'SystemBooleanSystemNumericsVector1SystemUInt16ScalarGreaterThanSystemUInt16SystemUInt16', ID = '6648'
Method 'SystemNumericsVector1SystemInt32InternalRuntimeCompilerServicesUnsafeAsSystemNumericsVector1SystemUInt16SystemNumericsVector1SystemInt32SystemNumericsVector1SystemUInt16', ID = '6650'
Method 'SystemVoidSystemThrowHelperThrowForUnsupportedNumericsVectorBaseTypeSystemInt32', ID = '6651'
Method 'SystemBooleanSystemNumericsVector1SystemInt32op_EqualitySystemNumericsVector1SystemInt32SystemNumericsVector1SystemInt32', ID = '6652'
Method 'SystemRuntimeIntrinsicsVector1281SystemInt16InternalRuntimeCompilerServicesUnsafeAsRefSystemRuntimeIntrinsicsVector1281SystemInt16SystemVoidpointer', ID = '6655'
Method 'SystemRuntimeIntrinsicsVector1281SystemUInt64InternalRuntimeCompilerServicesUnsafeAsSystemRuntimeIntrinsicsVector1281SystemByteSystemRuntimeIntrinsicsVector1281SystemUIA7FFABDD6BB05D53ACE2EC593BEE2D71', ID = '6656'
Method 'SystemRuntimeIntrinsicsVector1281SystemInt16InternalRuntimeCompilerServicesUnsafeAsSystemRuntimeIntrinsicsVector1281SystemUInt64SystemRuntimeIntrinsicsVector1281SystemI8E6460461BF6EC57ECF081C92931527A', ID = '6658'
Method 'SystemStringSystemRuntimeIntrinsicsVector1281SystemUInt32ToString', ID = '6659'
Method 'SystemBooleanSystemRuntimeIntrinsicsVector1281SystemUInt32EqualsSystemObject', ID = '6660'
Method 'SystemInt32SystemRuntimeIntrinsicsVector1281SystemUInt32GetHashCode', ID = '6661'
Method 'SystemVoidSystemThrowHelperThrowForUnsupportedIntrinsicsVectorBaseTypeSystemUInt32', ID = '6663'
Method 'SystemRuntimeIntrinsicsVector1281SystemUInt32InternalRuntimeCompilerServicesUnsafeAsSystemRuntimeIntrinsicsVector1281SystemByteSystemRuntimeIntrinsicsVector1281SystemUIC6E521C9C0FD89A6A87DE01474538F1E', ID = '6664'
Method 'SystemRuntimeIntrinsicsVector1281SystemUInt64InternalRuntimeCompilerServicesUnsafeAsSystemRuntimeIntrinsicsVector1281SystemInt16SystemRuntimeIntrinsicsVector1281SystemUE0A4CEFD037217A16BCE1AB5B954D47C', ID = '6665'
Method 'SystemUInt32SystemNumericsBitOperationsRotateRightSystemUInt32SystemInt32', ID = '6667'
Method 'SystemBooleanSystemTextUnicodeUtilityIsAsciiCodePointSystemUInt32', ID = '6668'
Method 'SystemBooleanSystemTextRuneTryEncodeToUtf8SystemTextRuneSystemSpan1SystemByteSystemInt32', ID = '6669'
Method 'SystemInt32SystemTextUnicodeUtilityGetUtf16SequenceLengthSystemUInt32', ID = '6670'
Method 'SystemVoidSystemTextEncodingGetDataItem', ID = '6671'
Method 'SystemStringSystemTextCodePageDataItemget_DisplayName', ID = '6672'
Method 'SystemVoidSystemCollectionsGenericList1CosmosHALPITPITTimerset_CapacitySystemInt32', ID = '6673'
Method 'SystemVoidSystemApplicationExceptionctorSystemStringSystemException', ID = '6675'
Method 'SystemBooleanSystemGlobalizationCultureInfoget_UseUserOverride', ID = '6676'
Method 'SystemBooleanSystemGlobalizationGlobalizationModeget_Invariant', ID = '6680'
Method 'SystemBooleanSystemGlobalizationCompareInfoStartsWithCoreSystemReadOnlySpan1SystemCharSystemReadOnlySpan1SystemCharSystemGlobalizationCompareOptionsSystemInt32pointer', ID = '6681'
Method 'SystemVoidSystemGlobalizationCompareInfoThrowCompareOptionsCheckFailedSystemGlobalizationCompareOptions', ID = '6682'
Method 'SystemBooleanSystemSpanHelpersSequenceEqualSystemByteSystemByteSystemUIntPtr', ID = '6683'
Method 'SystemBooleanSystemSpanHelpersSequenceEqualSystemCharSystemCharSystemCharSystemInt32', ID = '6684'
Method 'SystemCollectionsGenericDictionary2EntrySystemStringSystemReflectionAssemblyarrayInternalRuntimeCompilerServicesUnsafeAsSystemCollectionsGenericDictionary2EntrySystemSt9985CBADB571AD0294F5942C5CE3FEF4', ID = '6686'
Method 'SystemVoidSystemSZGenericArrayEnumerator1SystemCollectionsGenericDictionary2EntrySystemStringSystemReflectionAssemblyctorSystemCollectionsGenericDictionary2EntrySystemS1943722C3842154932DB9DDC93667B57', ID = '6687'
Method 'SystemInt32SystemArrayIndexOfSystemCollectionsGenericDictionary2EntrySystemStringSystemReflectionAssemblySystemCollectionsGenericDictionary2EntrySystemStringSystemRefle3C1BC36A390E247D5605A287584160E7', ID = '6690'
Method 'SystemCollectionsGenericIEnumerator1SystemCollectionsGenericDictionary2EntrySystemStringSystemReflectionAssemblyCosmosIL2CPUSZArrayImpl1SystemCollectionsGenericDictiona26BAFFC144B73AABF407F724C9F9860C', ID = '6691'
Method 'SystemVoidCosmosIL2CPUSZArrayImpl1SystemCollectionsGenericDictionary2EntrySystemStringSystemReflectionAssemblyCopyToSystemCollectionsGenericDictionary2EntrySystemStringA667AEADF054527D52A2B0B88A8E6971', ID = '6692'
Method 'SystemInt32CosmosIL2CPUSZArrayImpl1SystemCollectionsGenericDictionary2EntrySystemStringSystemReflectionAssemblyget_Count', ID = '6693'
Method 'SystemCollectionsGenericDictionary2EntrySystemStringSystemReflectionAssemblyCosmosIL2CPUSZArrayImpl1SystemCollectionsGenericDictionary2EntrySystemStringSystemReflectionAssemblyget_ItemSystemInt32', ID = '6694'
Method 'SystemVoidCosmosIL2CPUSZArrayImpl1SystemCollectionsGenericDictionary2EntrySystemStringSystemReflectionAssemblyset_ItemSystemInt32SystemCollectionsGenericDictionary2Entr12F992EB9C7BA8708B7449685E25099D', ID = '6695'
Method 'SystemVoidCosmosIL2CPUSZArrayImpl1SystemCollectionsGenericDictionary2EntrySystemStringSystemReflectionAssemblyAddSystemCollectionsGenericDictionary2EntrySystemStringSystemReflectionAssembly', ID = '6696'
Method 'SystemBooleanCosmosIL2CPUSZArrayImpl1SystemCollectionsGenericDictionary2EntrySystemStringSystemReflectionAssemblyContainsSystemCollectionsGenericDictionary2EntrySystemStringSystemReflectionAssembly', ID = '6697'
Method 'SystemBooleanCosmosIL2CPUSZArrayImpl1SystemCollectionsGenericDictionary2EntrySystemStringSystemReflectionAssemblyget_IsReadOnly', ID = '6698'
Method 'SystemVoidCosmosIL2CPUSZArrayImpl1SystemCollectionsGenericDictionary2EntrySystemStringSystemReflectionAssemblyClear', ID = '6699'
Method 'SystemInt32CosmosIL2CPUSZArrayImpl1SystemCollectionsGenericDictionary2EntrySystemStringSystemReflectionAssemblyIndexOfSystemCollectionsGenericDictionary2EntrySystemStringSystemReflectionAssembly', ID = '6700'
Method 'SystemVoidCosmosIL2CPUSZArrayImpl1SystemCollectionsGenericDictionary2EntrySystemStringSystemReflectionAssemblyInsertSystemInt32SystemCollectionsGenericDictionary2EntrySC7F087C6CB275FE068C49E755BD55E4A', ID = '6701'
Method 'SystemVoidCosmosIL2CPUSZArrayImpl1SystemCollectionsGenericDictionary2EntrySystemStringSystemReflectionAssemblyRemoveAtSystemInt32', ID = '6702'
Method 'SystemBooleanCosmosIL2CPUSZArrayImpl1SystemCollectionsGenericDictionary2EntrySystemStringSystemReflectionAssemblyget_IsFixedSize', ID = '6703'
Method 'SystemVoidCosmosIL2CPUSZArrayImpl1SystemCollectionsGenericDictionary2EntrySystemStringSystemReflectionAssemblyRemoveSystemCollectionsGenericDictionary2EntrySystemStringSystemReflectionAssembly', ID = '6704'
Method 'SystemObjectCosmosIL2CPUSZArrayImpl1SystemCollectionsGenericDictionary2EntrySystemStringSystemReflectionAssemblyget_SyncRoot', ID = '6705'
Method 'SystemBooleanCosmosIL2CPUSZArrayImpl1SystemCollectionsGenericDictionary2EntrySystemStringSystemReflectionAssemblyget_IsSynchronized', ID = '6706'
Method 'SystemCollectionsGenericIEnumerator1SystemCollectionsGenericKeyValuePair2SystemStringSystemReflectionAssemblySystemSZArrayHelperGetEnumeratorSystemCollectionsGenericKeyF97CDF5A3009B566812E867FB1951296', ID = '6708'
Method 'SystemVoidSystemSZArrayHelperCopyToSystemCollectionsGenericKeyValuePair2SystemStringSystemReflectionAssemblySystemCollectionsGenericKeyValuePair2SystemStringSystemReflectionAssemblyarraySystemInt32', ID = '6709'
Method 'SystemInt32SystemSZArrayHelperget_CountSystemCollectionsGenericKeyValuePair2SystemStringSystemReflectionAssembly', ID = '6710'
Method 'SystemCollectionsGenericKeyValuePair2SystemStringSystemReflectionAssemblySystemSZArrayHelperget_ItemSystemCollectionsGenericKeyValuePair2SystemStringSystemReflectionAssemblySystemInt32', ID = '6711'
Method 'SystemVoidSystemSZArrayHelperset_ItemSystemCollectionsGenericKeyValuePair2SystemStringSystemReflectionAssemblySystemInt32SystemCollectionsGenericKeyValuePair2SystemStringSystemReflectionAssembly', ID = '6712'
Method 'SystemVoidSystemSZArrayHelperAddSystemCollectionsGenericKeyValuePair2SystemStringSystemReflectionAssemblySystemCollectionsGenericKeyValuePair2SystemStringSystemReflectionAssembly', ID = '6713'
Method 'SystemBooleanSystemSZArrayHelperContainsSystemCollectionsGenericKeyValuePair2SystemStringSystemReflectionAssemblySystemCollectionsGenericKeyValuePair2SystemStringSystemReflectionAssembly', ID = '6714'
Method 'SystemBooleanSystemSZArrayHelperget_IsReadOnlySystemCollectionsGenericKeyValuePair2SystemStringSystemReflectionAssembly', ID = '6715'
Method 'SystemVoidSystemSZArrayHelperClearSystemCollectionsGenericKeyValuePair2SystemStringSystemReflectionAssembly', ID = '6716'
Method 'SystemInt32SystemSZArrayHelperIndexOfSystemCollectionsGenericKeyValuePair2SystemStringSystemReflectionAssemblySystemCollectionsGenericKeyValuePair2SystemStringSystemReflectionAssembly', ID = '6717'
Method 'SystemVoidSystemSZArrayHelperInsertSystemCollectionsGenericKeyValuePair2SystemStringSystemReflectionAssemblySystemInt32SystemCollectionsGenericKeyValuePair2SystemStringSystemReflectionAssembly', ID = '6718'
Method 'SystemBooleanSystemSZArrayHelperRemoveSystemCollectionsGenericKeyValuePair2SystemStringSystemReflectionAssemblySystemCollectionsGenericKeyValuePair2SystemStringSystemReflectionAssembly', ID = '6719'
Method 'SystemVoidSystemSZArrayHelperRemoveAtSystemCollectionsGenericKeyValuePair2SystemStringSystemReflectionAssemblySystemInt32', ID = '6720'
Method 'SystemVoidSystemGlobalizationCultureDatactor', ID = '6724'
Method 'SystemBooleanSystemGlobalizationSortVersionEqualsSystemGlobalizationSortVersion', ID = '6728'
Method 'SystemVoidSystemGlobalizationTextInfoctorSystemGlobalizationCultureData', ID = '6729'
Method 'SystemVoidSystemGlobalizationTextInfoSetReadOnlyStateSystemBoolean', ID = '6730'
Method 'SystemGlobalizationCalendarIdarrayInternalRuntimeCompilerServicesUnsafeAsSystemGlobalizationCalendarIdarraySystemObject', ID = '6732'
Method 'SystemVoidSystemSZGenericArrayEnumerator1SystemGlobalizationCalendarIdctorSystemGlobalizationCalendarIdarray', ID = '6733'
Method 'SystemInt32SystemArrayIndexOfSystemGlobalizationCalendarIdSystemGlobalizationCalendarIdarraySystemGlobalizationCalendarIdSystemInt32SystemInt32', ID = '6736'
Method 'SystemCollectionsGenericIEnumerator1SystemGlobalizationCalendarIdCosmosIL2CPUSZArrayImpl1SystemGlobalizationCalendarIdGetEnumerator', ID = '6737'
Method 'SystemVoidCosmosIL2CPUSZArrayImpl1SystemGlobalizationCalendarIdCopyToSystemGlobalizationCalendarIdarraySystemInt32', ID = '6738'
Method 'SystemInt32CosmosIL2CPUSZArrayImpl1SystemGlobalizationCalendarIdget_Count', ID = '6739'
Method 'SystemGlobalizationCalendarIdCosmosIL2CPUSZArrayImpl1SystemGlobalizationCalendarIdget_ItemSystemInt32', ID = '6740'
Method 'SystemVoidCosmosIL2CPUSZArrayImpl1SystemGlobalizationCalendarIdset_ItemSystemInt32SystemGlobalizationCalendarId', ID = '6741'
Method 'SystemVoidCosmosIL2CPUSZArrayImpl1SystemGlobalizationCalendarIdAddSystemGlobalizationCalendarId', ID = '6742'
Method 'SystemBooleanCosmosIL2CPUSZArrayImpl1SystemGlobalizationCalendarIdContainsSystemGlobalizationCalendarId', ID = '6743'
Method 'SystemBooleanCosmosIL2CPUSZArrayImpl1SystemGlobalizationCalendarIdget_IsReadOnly', ID = '6744'
Method 'SystemVoidCosmosIL2CPUSZArrayImpl1SystemGlobalizationCalendarIdClear', ID = '6745'
Method 'SystemInt32CosmosIL2CPUSZArrayImpl1SystemGlobalizationCalendarIdIndexOfSystemGlobalizationCalendarId', ID = '6746'
Method 'SystemVoidCosmosIL2CPUSZArrayImpl1SystemGlobalizationCalendarIdInsertSystemInt32SystemGlobalizationCalendarId', ID = '6747'
Method 'SystemVoidCosmosIL2CPUSZArrayImpl1SystemGlobalizationCalendarIdRemoveAtSystemInt32', ID = '6748'
Method 'SystemBooleanCosmosIL2CPUSZArrayImpl1SystemGlobalizationCalendarIdget_IsFixedSize', ID = '6749'
Method 'SystemVoidCosmosIL2CPUSZArrayImpl1SystemGlobalizationCalendarIdRemoveSystemGlobalizationCalendarId', ID = '6750'
Method 'SystemObjectCosmosIL2CPUSZArrayImpl1SystemGlobalizationCalendarIdget_SyncRoot', ID = '6751'
Method 'SystemBooleanCosmosIL2CPUSZArrayImpl1SystemGlobalizationCalendarIdget_IsSynchronized', ID = '6752'
Method 'SystemGlobalizationDateTimeFormatInfoTokenHashValuearrayInternalRuntimeCompilerServicesUnsafeAsSystemGlobalizationDateTimeFormatInfoTokenHashValuearraySystemObject', ID = '6754'
Method 'SystemVoidSystemSZGenericArrayEnumerator1SystemGlobalizationDateTimeFormatInfoTokenHashValuectorSystemGlobalizationDateTimeFormatInfoTokenHashValuearray', ID = '6755'
Method 'SystemInt32SystemArrayIndexOfSystemGlobalizationDateTimeFormatInfoTokenHashValueSystemGlobalizationDateTimeFormatInfoTokenHashValuearraySystemGlobalizationDateTimeForma2F2ACF1D77124EF8ABF048F11E758694', ID = '6759'
Method 'SystemCollectionsGenericIEnumerator1SystemGlobalizationDateTimeFormatInfoTokenHashValueCosmosIL2CPUSZArrayImpl1SystemGlobalizationDateTimeFormatInfoTokenHashValueGetEnumerator', ID = '6760'
Method 'SystemVoidCosmosIL2CPUSZArrayImpl1SystemGlobalizationDateTimeFormatInfoTokenHashValueCopyToSystemGlobalizationDateTimeFormatInfoTokenHashValuearraySystemInt32', ID = '6761'
Method 'SystemInt32CosmosIL2CPUSZArrayImpl1SystemGlobalizationDateTimeFormatInfoTokenHashValueget_Count', ID = '6762'
Method 'SystemGlobalizationDateTimeFormatInfoTokenHashValueCosmosIL2CPUSZArrayImpl1SystemGlobalizationDateTimeFormatInfoTokenHashValueget_ItemSystemInt32', ID = '6763'
Method 'SystemVoidCosmosIL2CPUSZArrayImpl1SystemGlobalizationDateTimeFormatInfoTokenHashValueset_ItemSystemInt32SystemGlobalizationDateTimeFormatInfoTokenHashValue', ID = '6764'
Method 'SystemVoidCosmosIL2CPUSZArrayImpl1SystemGlobalizationDateTimeFormatInfoTokenHashValueAddSystemGlobalizationDateTimeFormatInfoTokenHashValue', ID = '6765'
Method 'SystemBooleanCosmosIL2CPUSZArrayImpl1SystemGlobalizationDateTimeFormatInfoTokenHashValueContainsSystemGlobalizationDateTimeFormatInfoTokenHashValue', ID = '6766'
Method 'SystemBooleanCosmosIL2CPUSZArrayImpl1SystemGlobalizationDateTimeFormatInfoTokenHashValueget_IsReadOnly', ID = '6767'
Method 'SystemVoidCosmosIL2CPUSZArrayImpl1SystemGlobalizationDateTimeFormatInfoTokenHashValueClear', ID = '6768'
Method 'SystemInt32CosmosIL2CPUSZArrayImpl1SystemGlobalizationDateTimeFormatInfoTokenHashValueIndexOfSystemGlobalizationDateTimeFormatInfoTokenHashValue', ID = '6769'
Method 'SystemVoidCosmosIL2CPUSZArrayImpl1SystemGlobalizationDateTimeFormatInfoTokenHashValueInsertSystemInt32SystemGlobalizationDateTimeFormatInfoTokenHashValue', ID = '6770'
Method 'SystemVoidCosmosIL2CPUSZArrayImpl1SystemGlobalizationDateTimeFormatInfoTokenHashValueRemoveAtSystemInt32', ID = '6771'
Method 'SystemBooleanCosmosIL2CPUSZArrayImpl1SystemGlobalizationDateTimeFormatInfoTokenHashValueget_IsFixedSize', ID = '6772'
Method 'SystemVoidCosmosIL2CPUSZArrayImpl1SystemGlobalizationDateTimeFormatInfoTokenHashValueRemoveSystemGlobalizationDateTimeFormatInfoTokenHashValue', ID = '6773'
Method 'SystemObjectCosmosIL2CPUSZArrayImpl1SystemGlobalizationDateTimeFormatInfoTokenHashValueget_SyncRoot', ID = '6774'
Method 'SystemBooleanCosmosIL2CPUSZArrayImpl1SystemGlobalizationDateTimeFormatInfoTokenHashValueget_IsSynchronized', ID = '6775'
Method 'SystemGlobalizationCalendarDataarrayInternalRuntimeCompilerServicesUnsafeAsSystemGlobalizationCalendarDataarraySystemObject', ID = '6777'
Method 'SystemVoidSystemSZGenericArrayEnumerator1SystemGlobalizationCalendarDatactorSystemGlobalizationCalendarDataarray', ID = '6778'
Method 'SystemInt32SystemArrayIndexOfSystemGlobalizationCalendarDataSystemGlobalizationCalendarDataarraySystemGlobalizationCalendarDataSystemInt32SystemInt32', ID = '6781'
Method 'SystemCollectionsGenericIEnumerator1SystemGlobalizationCalendarDataCosmosIL2CPUSZArrayImpl1SystemGlobalizationCalendarDataGetEnumerator', ID = '6782'
Method 'SystemVoidCosmosIL2CPUSZArrayImpl1SystemGlobalizationCalendarDataCopyToSystemGlobalizationCalendarDataarraySystemInt32', ID = '6783'
Method 'SystemInt32CosmosIL2CPUSZArrayImpl1SystemGlobalizationCalendarDataget_Count', ID = '6784'
Method 'SystemGlobalizationCalendarDataCosmosIL2CPUSZArrayImpl1SystemGlobalizationCalendarDataget_ItemSystemInt32', ID = '6785'
Method 'SystemVoidCosmosIL2CPUSZArrayImpl1SystemGlobalizationCalendarDataset_ItemSystemInt32SystemGlobalizationCalendarData', ID = '6786'
Method 'SystemVoidCosmosIL2CPUSZArrayImpl1SystemGlobalizationCalendarDataAddSystemGlobalizationCalendarData', ID = '6787'
Method 'SystemBooleanCosmosIL2CPUSZArrayImpl1SystemGlobalizationCalendarDataContainsSystemGlobalizationCalendarData', ID = '6788'
Method 'SystemBooleanCosmosIL2CPUSZArrayImpl1SystemGlobalizationCalendarDataget_IsReadOnly', ID = '6789'
Method 'SystemVoidCosmosIL2CPUSZArrayImpl1SystemGlobalizationCalendarDataClear', ID = '6790'
Method 'SystemInt32CosmosIL2CPUSZArrayImpl1SystemGlobalizationCalendarDataIndexOfSystemGlobalizationCalendarData', ID = '6791'
Method 'SystemVoidCosmosIL2CPUSZArrayImpl1SystemGlobalizationCalendarDataInsertSystemInt32SystemGlobalizationCalendarData', ID = '6792'
Method 'SystemVoidCosmosIL2CPUSZArrayImpl1SystemGlobalizationCalendarDataRemoveAtSystemInt32', ID = '6793'
Method 'SystemBooleanCosmosIL2CPUSZArrayImpl1SystemGlobalizationCalendarDataget_IsFixedSize', ID = '6794'
Method 'SystemVoidCosmosIL2CPUSZArrayImpl1SystemGlobalizationCalendarDataRemoveSystemGlobalizationCalendarData', ID = '6795'
Method 'SystemObjectCosmosIL2CPUSZArrayImpl1SystemGlobalizationCalendarDataget_SyncRoot', ID = '6796'
Method 'SystemBooleanCosmosIL2CPUSZArrayImpl1SystemGlobalizationCalendarDataget_IsSynchronized', ID = '6797'
Method 'SystemVoidSystemGlobalizationCalendarSetReadOnlyStateSystemBoolean', ID = '6800'
Method 'SystemGlobalizationCalendarIdSystemGlobalizationCalendarget_ID', ID = '6801'
Method 'SystemVoidSystemGlobalizationDateTimeFormatInfoInitializeOverridablePropertiesSystemGlobalizationCultureDataSystemGlobalizationCalendarId', ID = '6802'
Method 'SystemObjectInternalRuntimeCompilerServicesUnsafeAsSystemGlobalizationDateTimeFormatInfoSystemObjectSystemGlobalizationDateTimeFormatInfo', ID = '6804'
Method 'SystemGlobalizationDateTimeFormatInfoInternalRuntimeCompilerServicesUnsafeAsSystemGlobalizationDateTimeFormatInfoSystemObject', ID = '6805'
Method 'SystemSingleInternalRuntimeCompilerServicesUnsafeAddSystemSingleSystemSingleSystemInt32', ID = '6806'
Method 'SystemRuntimeIntrinsicsVector1281SystemSingleSystemRuntimeIntrinsicsVector128AsSingleSystemSingleSystemRuntimeIntrinsicsVector1281SystemSingle', ID = '6807'
Method 'SystemRuntimeIntrinsicsVector1281SystemDoubleSystemRuntimeIntrinsicsVector128AsDoubleSystemSingleSystemRuntimeIntrinsicsVector1281SystemSingle', ID = '6808'
Method 'SystemRuntimeIntrinsicsVector1281SystemByteSystemRuntimeIntrinsicsVector128AsByteSystemSingleSystemRuntimeIntrinsicsVector1281SystemSingle', ID = '6809'
Method 'SystemBooleanSystemRuntimeIntrinsicsVector1281SystemSingleEqualsg__SoftwareFallbacksLine12_0SystemRuntimeIntrinsicsVector1281SystemSingleSystemRuntimeIntrinsicsVector1281SystemSingle', ID = '6810'
Method 'SystemSingleInternalRuntimeCompilerServicesUnsafeAsSystemRuntimeIntrinsicsVector2561SystemSingleSystemSingleSystemRuntimeIntrinsicsVector2561SystemSingle', ID = '6811'
Method 'SystemRuntimeIntrinsicsVector2561SystemSingleSystemRuntimeIntrinsicsVector256AsSingleSystemSingleSystemRuntimeIntrinsicsVector2561SystemSingle', ID = '6812'
Method 'SystemRuntimeIntrinsicsVector2561SystemDoubleSystemRuntimeIntrinsicsVector256AsDoubleSystemSingleSystemRuntimeIntrinsicsVector2561SystemSingle', ID = '6813'
Method 'SystemRuntimeIntrinsicsVector2561SystemByteSystemRuntimeIntrinsicsVector256AsByteSystemSingleSystemRuntimeIntrinsicsVector2561SystemSingle', ID = '6814'
Method 'SystemBooleanSystemRuntimeIntrinsicsVector2561SystemSingleEqualsg__SoftwareFallbacksLine14_0SystemRuntimeIntrinsicsVector2561SystemSingleSystemRuntimeIntrinsicsVector2561SystemSingle', ID = '6815'
Method 'SystemDoubleInternalRuntimeCompilerServicesUnsafeAsSystemRuntimeIntrinsicsVector2561SystemDoubleSystemDoubleSystemRuntimeIntrinsicsVector2561SystemDouble', ID = '6816'
Method 'SystemRuntimeIntrinsicsVector2561SystemSingleSystemRuntimeIntrinsicsVector256AsSingleSystemDoubleSystemRuntimeIntrinsicsVector2561SystemDouble', ID = '6817'
Method 'SystemRuntimeIntrinsicsVector2561SystemDoubleSystemRuntimeIntrinsicsVector256AsDoubleSystemDoubleSystemRuntimeIntrinsicsVector2561SystemDouble', ID = '6818'
Method 'SystemRuntimeIntrinsicsVector2561SystemByteSystemRuntimeIntrinsicsVector256AsByteSystemDoubleSystemRuntimeIntrinsicsVector2561SystemDouble', ID = '6819'
Method 'SystemBooleanSystemRuntimeIntrinsicsVector2561SystemDoubleEqualsg__SoftwareFallbacksLine14_0SystemRuntimeIntrinsicsVector2561SystemDoubleSystemRuntimeIntrinsicsVector2561SystemDouble', ID = '6820'
Method 'SystemInt32InternalRuntimeCompilerServicesUnsafeAsSystemRuntimeIntrinsicsVector1281SystemInt32SystemInt32SystemRuntimeIntrinsicsVector1281SystemInt32', ID = '6821'
Method 'SystemRuntimeIntrinsicsVector1281SystemDoubleSystemRuntimeIntrinsicsVector128AsDoubleSystemInt32SystemRuntimeIntrinsicsVector1281SystemInt32', ID = '6822'
Method 'SystemRuntimeIntrinsicsVector1281SystemByteSystemRuntimeIntrinsicsVector128AsByteSystemInt32SystemRuntimeIntrinsicsVector1281SystemInt32', ID = '6823'
Method 'SystemBooleanSystemRuntimeIntrinsicsVector1281SystemInt32Equalsg__SoftwareFallbacksLine12_0SystemRuntimeIntrinsicsVector1281SystemInt32SystemRuntimeIntrinsicsVector1281SystemInt32', ID = '6824'
Method 'SystemVoidSystemRandomThreadSafeRandomctor', ID = '6829'
Method 'SystemVoidCosmosSystem_PlugsSystemRandomImplcctor', ID = '6831'
Method 'SystemVoidCosmosHALRTCWaitForReady', ID = '6833'
Method 'SystemByteCosmosHALRTCFromBCDSystemByte', ID = '6836'
Method 'SystemInt32SystemMathAbsSystemInt32', ID = '6837'
Method 'SystemVoidSystemCollectionsGenericEqualityComparer1SystemCollectionsGenericDictionary2EntrySystemStringSystemBooleancctor', ID = '6841'
Method 'SystemVoidSystemSZGenericArrayEnumerator1SystemBooleancctor', ID = '6843'
Method 'SystemVoidSystemSZGenericArrayEnumerator1SystemBooleanDispose', ID = '6844'
Method 'SystemBooleanSystemSZGenericArrayEnumerator1SystemBooleanMoveNext', ID = '6845'
Method 'SystemBooleanSystemRuntimeCompilerServicesRuntimeHelpersIsBitwiseEquatableSystemBoolean', ID = '6846'
Method 'SystemInt32InternalRuntimeCompilerServicesUnsafeSizeOfSystemBoolean', ID = '6847'
Method 'SystemByteInternalRuntimeCompilerServicesUnsafeAsSystemBooleanSystemByteSystemBoolean', ID = '6848'
Method 'SystemCharInternalRuntimeCompilerServicesUnsafeAsSystemBooleanSystemCharSystemBoolean', ID = '6849'
Method 'SystemInt32InternalRuntimeCompilerServicesUnsafeAsSystemBooleanSystemInt32SystemBoolean', ID = '6850'
Method 'SystemInt64InternalRuntimeCompilerServicesUnsafeAsSystemBooleanSystemInt64SystemBoolean', ID = '6851'
Method 'SystemCollectionsGenericEqualityComparer1SystemBooleanSystemCollectionsGenericEqualityComparer1SystemBooleanget_Default', ID = '6852'
Method 'SystemInt32SystemCollectionsGenericEqualityComparer1SystemBooleanIndexOfSystemBooleanarraySystemBooleanSystemInt32SystemInt32', ID = '6853'
Method 'SystemVoidCosmosIL2CPUSZArrayImpl1GetEnumeratord__0SystemBooleanctorSystemInt32', ID = '6854'
Method 'SystemStringSystemCollectionsGenericKeyValuePair2SystemStringSystemBooleanget_Key', ID = '6856'
Method 'SystemBooleanSystemCollectionsGenericKeyValuePair2SystemStringSystemBooleanget_Value', ID = '6857'
Method 'SystemVoidCosmosIL2CPUSZArrayImpl1GetEnumeratord__0SystemCollectionsGenericKeyValuePair2SystemStringSystemBooleanSystemIDisposableDispose', ID = '6862'
Method 'SystemBooleanCosmosIL2CPUSZArrayImpl1GetEnumeratord__0SystemCollectionsGenericKeyValuePair2SystemStringSystemBooleanMoveNext', ID = '6863'
Method 'SystemBooleanSystemTypeget_IsInterface', ID = '6864'
Method 'SystemTypearraySystemTypeGetGenericParameterConstraints', ID = '6866'
Method 'SystemReflectionGenericParameterAttributesSystemTypeget_GenericParameterAttributes', ID = '6867'
Method 'SystemUInt32CosmosCoreVTablesImplGetBaseTypeSystemUInt32', ID = '6870'
Method 'SystemInt32SystemGlobalizationOrdinalToUpperOrdinalSystemReadOnlySpan1SystemCharSystemSpan1SystemChar', ID = '6871'
Method 'SystemCharSystemSpan1SystemCharGetPinnableReference', ID = '6872'
Method 'SystemInt32SystemGlobalizationInvariantModeCasingCompareStringIgnoreCaseSystemCharSystemInt32SystemCharSystemInt32', ID = '6873'
Method 'SystemBooleanSystemGlobalizationGlobalizationModeget_UseNls', ID = '6874'
Method 'SystemInt32SystemGlobalizationCompareInfoNlsCompareStringOrdinalIgnoreCaseSystemCharSystemInt32SystemCharSystemInt32', ID = '6875'
Method 'SystemInt32SystemGlobalizationOrdinalCasingCompareStringIgnoreCaseSystemCharSystemInt32SystemCharSystemInt32', ID = '6876'
Method 'SystemVoidCosmosIL2CPUSZArrayImpl1GetEnumeratord__0SystemCollectionsGenericDictionary2EntrySystemStringSystemObjectSystemIDisposableDispose', ID = '6880'
Method 'SystemBooleanCosmosIL2CPUSZArrayImpl1GetEnumeratord__0SystemCollectionsGenericDictionary2EntrySystemStringSystemObjectMoveNext', ID = '6881'
Method 'SystemVoidSystemSZGenericArrayEnumerator1SystemCollectionsGenericKeyValuePair2SystemStringSystemObjectcctor', ID = '6882'
Method 'SystemVoidSystemSZGenericArrayEnumerator1SystemCollectionsGenericKeyValuePair2SystemStringSystemObjectDispose', ID = '6883'
Method 'SystemBooleanSystemSZGenericArrayEnumerator1SystemCollectionsGenericKeyValuePair2SystemStringSystemObjectMoveNext', ID = '6884'
Method 'SystemStringSystemCollectionsGenericKeyValuePair2SystemStringSystemObjectToString', ID = '6885'
Method 'SystemBooleanSystemRuntimeCompilerServicesRuntimeHelpersIsBitwiseEquatableSystemCollectionsGenericKeyValuePair2SystemStringSystemObject', ID = '6886'
Method 'SystemInt32InternalRuntimeCompilerServicesUnsafeSizeOfSystemCollectionsGenericKeyValuePair2SystemStringSystemObject', ID = '6887'
Method 'SystemByteInternalRuntimeCompilerServicesUnsafeAsSystemCollectionsGenericKeyValuePair2SystemStringSystemObjectSystemByteSystemCollectionsGenericKeyValuePair2SystemStringSystemObject', ID = '6888'
Method 'SystemCharInternalRuntimeCompilerServicesUnsafeAsSystemCollectionsGenericKeyValuePair2SystemStringSystemObjectSystemCharSystemCollectionsGenericKeyValuePair2SystemStringSystemObject', ID = '6889'
Method 'SystemInt32InternalRuntimeCompilerServicesUnsafeAsSystemCollectionsGenericKeyValuePair2SystemStringSystemObjectSystemInt32SystemCollectionsGenericKeyValuePair2SystemStringSystemObject', ID = '6890'
Method 'SystemInt64InternalRuntimeCompilerServicesUnsafeAsSystemCollectionsGenericKeyValuePair2SystemStringSystemObjectSystemInt64SystemCollectionsGenericKeyValuePair2SystemStringSystemObject', ID = '6891'
Method 'SystemCollectionsGenericEqualityComparer1SystemCollectionsGenericKeyValuePair2SystemStringSystemObjectSystemCollectionsGenericEqualityComparer1SystemCollectionsGenericK22B3FA97EF0C5AA7287AC8C0113349E9', ID = '6892'
Method 'SystemInt32SystemCollectionsGenericEqualityComparer1SystemCollectionsGenericKeyValuePair2SystemStringSystemObjectIndexOfSystemCollectionsGenericKeyValuePair2SystemStrin29EC905B122B7C8FB44FF29EC65EE5CC', ID = '6893'
Method 'SystemVoidCosmosIL2CPUSZArrayImpl1GetEnumeratord__0SystemCollectionsGenericKeyValuePair2SystemStringSystemObjectctorSystemInt32', ID = '6894'
Method 'SystemBooleanCosmosCore_PlugsSystemCollectionsGenericUInt16EqualityComparerEqualsSystemUInt16SystemUInt16', ID = '6899'
Method 'SystemInt32SystemTextASCIIEncodingGetCharsFastSystemBytepointerSystemInt32SystemCharpointerSystemInt32SystemInt32', ID = '6900'
Method 'SystemInt32SystemTextUTF8EncodingGetCharsFastSystemBytepointerSystemInt32SystemCharpointerSystemInt32SystemInt32', ID = '6901'
Method 'SystemReadOnlySpan1SystemByteSystemReadOnlySpan1SystemByteSliceSystemInt32', ID = '6902'
Method 'SystemInt32SystemTextEncodingGetCharsWithFallbackSystemReadOnlySpan1SystemByteSystemInt32SystemSpan1SystemCharSystemInt32SystemTextDecoderNLS', ID = '6903'
Method 'SystemInt32SystemTextASCIIEncodingGetCharCountSystemBytepointerSystemInt32', ID = '6904'
Method 'SystemInt32SystemTextUTF8EncodingGetCharCountSystemBytepointerSystemInt32', ID = '6905'
Method 'SystemBytearraySystemReadOnlySpan1SystemByteToArray', ID = '6906'
Method 'SystemInt32SystemTextASCIIEncodingGetCharsSystemBytepointerSystemInt32SystemCharpointerSystemInt32', ID = '6907'
Method 'SystemInt32SystemTextUTF8EncodingGetCharsSystemBytepointerSystemInt32SystemCharpointerSystemInt32', ID = '6908'
Method 'SystemVoidSystemReadOnlySpan1SystemCharctorSystemChararraySystemInt32SystemInt32', ID = '6909'
Method 'SystemInt32SystemTextASCIIEncodingGetCharCountCommonSystemBytepointerSystemInt32', ID = '6910'
Method 'SystemInt32SystemTextUTF8EncodingGetCharCountCommonSystemBytepointerSystemInt32', ID = '6911'
Method 'SystemInt32SystemTextASCIIEncodingGetCharsCommonSystemBytepointerSystemInt32SystemCharpointerSystemInt32', ID = '6912'
Method 'SystemVoidSystemCollectionsGenericEqualityComparer1CosmosHALBlockDeviceGPTGPartInfocctor', ID = '6913'
Method 'SystemVoidSystemCollectionsGenericEqualityComparer1CosmosHALBlockDeviceMBRPartInfocctor', ID = '6915'
Method 'SystemVoidSystemCollectionsGenericEqualityComparer1CosmosHALBlockDeviceEBRPartInfocctor', ID = '6917'
Method 'SystemBooleanSystemNumericsVector1SystemUInt32op_EqualitySystemNumericsVector1SystemUInt32SystemNumericsVector1SystemUInt32', ID = '6919'
Method 'SystemBooleanSystemNumericsVector1SystemSingleop_EqualitySystemNumericsVector1SystemSingleSystemNumericsVector1SystemSingle', ID = '6920'
Method 'SystemBooleanSystemNumericsVector1SystemDoubleop_EqualitySystemNumericsVector1SystemDoubleSystemNumericsVector1SystemDouble', ID = '6921'
Method 'SystemVoidSystemCollectionsGenericEqualityComparer1CosmosHALBlockDeviceRegistersHBACommandHeadercctor', ID = '6922'
Method 'SystemVoidCosmosIL2CPUSZArrayImpl1GetEnumeratord__0CosmosHALBlockDeviceRegistersHBAPRDTEntrySystemIDisposableDispose', ID = '6928'
Method 'SystemBooleanCosmosIL2CPUSZArrayImpl1GetEnumeratord__0CosmosHALBlockDeviceRegistersHBAPRDTEntryMoveNext', ID = '6929'
Method 'SystemBooleanSystemGlobalizationCultureDataget_IsInvariantCulture', ID = '6930'
Method 'SystemInt32SystemGlobalizationCultureDataGetLocaleInfoCoreUserOverrideSystemGlobalizationCultureDataLocaleNumberData', ID = '6932'
Method 'SystemBooleanSystemGlobalizationCultureDataget_ShouldUseUserOverrideNlsData', ID = '6933'
Method 'SystemInt32SystemGlobalizationCultureDataIcuGetDigitSubstitutionSystemString', ID = '6934'
Method 'SystemInt32SystemGlobalizationCultureDataNlsGetLocaleInfoSystemGlobalizationCultureDataLocaleNumberData', ID = '6935'
Method 'SystemInt32SystemGlobalizationCultureDataget_PercentNegativePattern', ID = '6938'
Method 'SystemInt32SystemGlobalizationCultureDataget_PercentPositivePattern', ID = '6939'
Method 'SystemObjectCosmosCore_PlugsSystemThreadingInterlockedImplCompareExchangeSystemObjectSystemObjectSystemObject', ID = '6945'
Method 'SystemTextStringBuilderSystemTextStringBuilderAppendSpanFormattableSystemInt32SystemInt32', ID = '6946'
Method 'SystemInt32SystemNumericsBitOperationsLeadingZeroCountSystemUInt32', ID = '6955'
Method 'SystemNumberDiyFpSystemNumberDiyFpSubtractSystemNumberDiyFp', ID = '6956'
Method 'SystemUInt32SystemNumberGrisu3BiggestPowerTenSystemUInt32SystemInt32SystemInt32', ID = '6957'
Method 'SystemBooleanSystemNumberGrisu3TryRoundWeedShortestSystemSpan1SystemByteSystemInt32SystemUInt64SystemUInt64SystemUInt64SystemUInt64SystemUInt64', ID = '6958'
Method 'SystemBooleanSystemNumberGrisu3TryRoundWeedCountedSystemSpan1SystemByteSystemInt32SystemUInt64SystemUInt64SystemUInt64SystemInt32', ID = '6959'
Method 'SystemBooleanCosmosCore_PlugsRuntimeIntrinsicsX86X64LzcntImplget_IsSupported', ID = '6961'
Method 'SystemUInt32SystemNumberBigIntegerDivRem32SystemUInt32SystemUInt32', ID = '6965'
Method 'SystemVoidSystemNumberBigIntegerSetZeroSystemNumberBigInteger', ID = '6966'
Method 'SystemVoidSystemNumberBigIntegerClearSystemUInt32', ID = '6967'
Method 'SystemDoubleCosmosSystem_PlugsSystemMathImplCeilingSystemDouble', ID = '6968'
Method 'SystemVoidSystemNumberBigIntegerMultiplySystemUInt32', ID = '6970'
Method 'SystemVoidSystemNumberBigIntegerMultiplySystemNumberBigIntegerSystemNumberBigIntegerSystemNumberBigInteger', ID = '6973'
Method 'SystemVoidSystemNumberBigIntegerSetValueSystemNumberBigIntegerSystemNumberBigInteger', ID = '6974'
Method 'SystemUInt32SystemNumberBigIntegerToUInt32', ID = '6975'
Method 'SystemRuntimeIntrinsicsVector1281SystemSingleInternalRuntimeCompilerServicesUnsafeAsRefSystemRuntimeIntrinsicsVector1281SystemSingleSystemVoidpointer', ID = '6976'
Method 'SystemRuntimeIntrinsicsVector1281SystemInt32SystemRuntimeIntrinsicsVector128AsSystemSingleSystemInt32SystemRuntimeIntrinsicsVector1281SystemSingle', ID = '6977'
Method 'SystemBooleanCosmosCore_PlugsRuntimeIntrinsicsX86LzcntImplget_IsSupported', ID = '6979'
Method 'SystemReadOnlySpan1SystemByteSystemNumericsBitOperationsget_Log2DeBruijn', ID = '6980'
Method 'SystemIntPtrSystemRuntimeTypeHandleget_Value', ID = '6982'
Method 'SystemStringSystemReflectionRuntimeAssemblyget_FullName', ID = '6985'
Method 'SystemIntPtrSystemRuntimeFieldHandleInternalget_Value', ID = '6988'
Method 'SystemRuntimeTypeHandleSystemRuntimeTypeHandleGetNativeHandle', ID = '7001'
Method 'SystemVoidSystemRuntimeCompilerServicesQCallTypeHandlectorSystemRuntimeTypeHandle', ID = '7002'
Method 'SystemVoidSystemRuntimeCompilerServicesStringHandleOnStackctorSystemString', ID = '7003'
Method 'SystemTypeCosmosCoreCosmosRuntimeTypeGetElementType', ID = '7005'
Method 'SystemTypeSystemRuntimeTypeGetElementType', ID = '7006'
Method 'SystemRuntimeTypeHandleSystemTypeGetTypeHandleInternal', ID = '7009'
Method 'SystemBooleanSystemRuntimeTypeget_IsGenericParameter', ID = '7011'
Method 'SystemBooleanSystemRuntimeTypeget_IsGenericType', ID = '7012'
Method 'SystemTypearraySystemRuntimeTypeGetGenericArguments', ID = '7014'
Method 'SystemStringSystemPrivateCoreLibSystemSRget_NotSupported_SubclassOverride', ID = '7015'
Method 'SystemInvalidOperationExceptionSystemThrowHelperGetInvalidOperationException_EnumCurrentSystemInt32', ID = '7016'
Method 'SystemVoidSystemCollectionsGenericEqualityComparer1CosmosHALKeyboardBasecctor', ID = '7017'
Method 'SystemVoidCosmosIL2CPUSZArrayImpl1GetEnumeratord__0CosmosSystemKeyMappingSystemIDisposableDispose', ID = '7023'
Method 'SystemBooleanCosmosIL2CPUSZArrayImpl1GetEnumeratord__0CosmosSystemKeyMappingMoveNext', ID = '7024'
Method 'SystemVoidSystemCollectionsGenericList1CosmosSystemKeyMappingset_CapacitySystemInt32', ID = '7025'
Method 'SystemVoidCosmosSystemFileSystemFileSystemFactoryctor', ID = '7027'
Method 'SystemVoidSystemCollectionsGenericList1CosmosSystemFileSystemFileSystemFactoryAddWithResizeCosmosSystemFileSystemFileSystemFactory', ID = '7028'
Method 'SystemVoidSystemSZGenericArrayEnumerator1CosmosSystemFileSystemFileSystemFactorycctor', ID = '7030'
Method 'SystemVoidSystemSZGenericArrayEnumerator1CosmosSystemFileSystemFileSystemFactoryDispose', ID = '7031'
Method 'SystemBooleanSystemSZGenericArrayEnumerator1CosmosSystemFileSystemFileSystemFactoryMoveNext', ID = '7032'
Method 'SystemBooleanSystemRuntimeCompilerServicesRuntimeHelpersIsBitwiseEquatableCosmosSystemFileSystemFileSystemFactory', ID = '7033'
Method 'SystemInt32InternalRuntimeCompilerServicesUnsafeSizeOfCosmosSystemFileSystemFileSystemFactory', ID = '7034'
Method 'SystemByteInternalRuntimeCompilerServicesUnsafeAsCosmosSystemFileSystemFileSystemFactorySystemByteCosmosSystemFileSystemFileSystemFactory', ID = '7035'
Method 'SystemCharInternalRuntimeCompilerServicesUnsafeAsCosmosSystemFileSystemFileSystemFactorySystemCharCosmosSystemFileSystemFileSystemFactory', ID = '7036'
Method 'SystemInt32InternalRuntimeCompilerServicesUnsafeAsCosmosSystemFileSystemFileSystemFactorySystemInt32CosmosSystemFileSystemFileSystemFactory', ID = '7037'
Method 'SystemInt64InternalRuntimeCompilerServicesUnsafeAsCosmosSystemFileSystemFileSystemFactorySystemInt64CosmosSystemFileSystemFileSystemFactory', ID = '7038'
Method 'SystemCollectionsGenericEqualityComparer1CosmosSystemFileSystemFileSystemFactorySystemCollectionsGenericEqualityComparer1CosmosSystemFileSystemFileSystemFactoryget_Default', ID = '7039'
Method 'SystemInt32SystemCollectionsGenericEqualityComparer1CosmosSystemFileSystemFileSystemFactoryIndexOfCosmosSystemFileSystemFileSystemFactoryarrayCosmosSystemFileSystemFile4D7DC32CFBEFFC24B17AB24080A531D6', ID = '7040'
Method 'SystemVoidCosmosIL2CPUSZArrayImpl1GetEnumeratord__0CosmosSystemFileSystemFileSystemFactoryctorSystemInt32', ID = '7041'
Method 'SystemVoidCosmosSystem_PlugsSystemIODirectoryImplcctor', ID = '7043'
Method 'SystemStringCosmosSystem_PlugsSystemIOFileLoadExceptionImplFormatFileLoadExceptionMessageSystemStringSystemInt32', ID = '7045'
Method 'SystemStringSystemPrivateCoreLibSystemSRget_Arg_PlatformNotSupported', ID = '7048'
Method 'SystemRuntimeIntrinsicsVector1281SystemByteSystemRuntimeIntrinsicsVector128Createg__SoftwareFallbacksLine30_0SystemByteSystemByteSystemByteSystemByteSystemByteSystemByt713C44E7AFDDB9B42F9C7CB24FB7CAC5', ID = '7049'
Method 'SystemRuntimeIntrinsicsVector1281SystemUInt64SystemRuntimeIntrinsicsVector128AsSystemUInt16SystemUInt64SystemRuntimeIntrinsicsVector1281SystemUInt16', ID = '7050'
Method 'SystemStringInternalRuntimeCompilerServicesUnsafeAsSystemByteSystemStringSystemByte', ID = '7052'
Method 'SystemVoidSystemBuffersArrayPool1SystemInt32cctor', ID = '7054'
Method 'SystemThreadingTasksTask1SystemInt32SystemThreadingTasksTaskCacheCreateCacheableTaskSystemInt32SystemInt32', ID = '7059'
Method 'SystemVoidCosmosIL2CPUSZArrayImpl1GetEnumeratord__0SystemThreadingIAsyncLocalSystemIDisposableDispose', ID = '7064'
Method 'SystemBooleanCosmosIL2CPUSZArrayImpl1GetEnumeratord__0SystemThreadingIAsyncLocalMoveNext', ID = '7065'
Method 'SystemVoidSystemSZGenericArrayEnumerator1SystemRuntimeExceptionServicesExceptionDispatchInfocctor', ID = '7066'
Method 'SystemVoidSystemSZGenericArrayEnumerator1SystemRuntimeExceptionServicesExceptionDispatchInfoDispose', ID = '7067'
Method 'SystemBooleanSystemSZGenericArrayEnumerator1SystemRuntimeExceptionServicesExceptionDispatchInfoMoveNext', ID = '7068'
Method 'SystemBooleanSystemRuntimeCompilerServicesRuntimeHelpersIsBitwiseEquatableSystemRuntimeExceptionServicesExceptionDispatchInfo', ID = '7069'
Method 'SystemInt32InternalRuntimeCompilerServicesUnsafeSizeOfSystemRuntimeExceptionServicesExceptionDispatchInfo', ID = '7070'
Method 'SystemByteInternalRuntimeCompilerServicesUnsafeAsSystemRuntimeExceptionServicesExceptionDispatchInfoSystemByteSystemRuntimeExceptionServicesExceptionDispatchInfo', ID = '7071'
Method 'SystemCharInternalRuntimeCompilerServicesUnsafeAsSystemRuntimeExceptionServicesExceptionDispatchInfoSystemCharSystemRuntimeExceptionServicesExceptionDispatchInfo', ID = '7072'
Method 'SystemInt32InternalRuntimeCompilerServicesUnsafeAsSystemRuntimeExceptionServicesExceptionDispatchInfoSystemInt32SystemRuntimeExceptionServicesExceptionDispatchInfo', ID = '7073'
Method 'SystemInt64InternalRuntimeCompilerServicesUnsafeAsSystemRuntimeExceptionServicesExceptionDispatchInfoSystemInt64SystemRuntimeExceptionServicesExceptionDispatchInfo', ID = '7074'
Method 'SystemCollectionsGenericEqualityComparer1SystemRuntimeExceptionServicesExceptionDispatchInfoSystemCollectionsGenericEqualityComparer1SystemRuntimeExceptionServicesExceptionDispatchInfoget_Default', ID = '7075'
Method 'SystemInt32SystemCollectionsGenericEqualityComparer1SystemRuntimeExceptionServicesExceptionDispatchInfoIndexOfSystemRuntimeExceptionServicesExceptionDispatchInfoarraySyECFCC820B9B20FADFC041AB225319453', ID = '7076'
Method 'SystemVoidCosmosIL2CPUSZArrayImpl1GetEnumeratord__0SystemRuntimeExceptionServicesExceptionDispatchInfoctorSystemInt32', ID = '7077'
Method 'SystemVoidCosmosSystem_PlugsSystemThreadingCancellationTokenSourceImplNotifyCancellationSystemBoolean', ID = '7079'
Method 'SystemVoidSystemThreadingTimerQueueTimercompilergeneratedccctor', ID = '7080'
Method 'SystemVoidCosmosCore_AsmDelegateImplInvoke', ID = '1468'
Method 'SystemInt64SystemThreadingTimerQueueget_TickCount64', ID = '7083'
Method 'SystemVoidSystemValueTuple2SystemInt64SystemDateTimectorSystemInt64SystemDateTime', ID = '7085'
Method 'SystemThreadingTimerQueuearraySystemThreadingTimerQueueCreateTimerQueues', ID = '7087'
Method 'SystemVoidSystemThreadingCancellationTokenSourceRegistrationsEnterLockg__ContentionsLine13_0SystemInt32', ID = '7090'
Method 'SystemVoidSystemThreadingVolatileWriteSystemInt32SystemInt32', ID = '7091'
Method 'SystemInt32CosmosCore_PlugsSystemInternalEnvironmentImplget_CurrentManagedThreadId', ID = '7092'
Method 'SystemInt64SystemThreadingVolatileReadSystemInt64', ID = '7095'
Method 'SystemVoidCosmosIL2CPUSZArrayImpl1GetEnumeratord__0SystemThreadingTasksTaskSystemIDisposableDispose', ID = '7100'
Method 'SystemBooleanCosmosIL2CPUSZArrayImpl1GetEnumeratord__0SystemThreadingTasksTaskMoveNext', ID = '7101'
Method 'SystemVoidSystemArrayEmptyArray1SystemBytecctor', ID = '7102'
Method 'SystemVoidSystemTextEncoderExceptionFallbackcctor', ID = '7103'
Method 'SystemBooleanSystemTextEncoderExceptionFallbackEqualsSystemObject', ID = '7104'
Method 'SystemInt32SystemTextEncoderExceptionFallbackGetHashCode', ID = '7105'
Method 'SystemInt32SystemTextEncoderExceptionFallbackget_MaxCharCount', ID = '7106'
Method 'SystemTextEncoderFallbackBufferSystemTextEncoderExceptionFallbackCreateFallbackBuffer', ID = '7107'
Method 'SystemVoidSystemTextDecoderExceptionFallbackcctor', ID = '7108'
Method 'SystemBooleanSystemTextDecoderExceptionFallbackEqualsSystemObject', ID = '7109'
Method 'SystemInt32SystemTextDecoderExceptionFallbackGetHashCode', ID = '7110'
Method 'SystemVoidSystemTextDecoderReplacementFallbackctor', ID = '7111'
Method 'SystemBooleanSystemNumericsVector1SystemUInt16ScalarLessThanOrEqualSystemUInt16SystemUInt16', ID = '7112'
Method 'SystemInt32SystemNumericsVector1SystemInt32GetAllBitsSetValue', ID = '7113'
Method 'SystemVoidSystemNumericsVector1SystemInt32ctorSystemInt32', ID = '7114'
Method 'SystemBooleanSystemRuntimeIntrinsicsVector1281SystemUInt64EqualsSystemRuntimeIntrinsicsVector1281SystemUInt64', ID = '7115'
Method 'SystemInt32SystemRuntimeIntrinsicsVector1281SystemInt16get_Count', ID = '7116'
Method 'SystemInt16SystemRuntimeIntrinsicsVector128GetElementSystemInt16SystemRuntimeIntrinsicsVector1281SystemInt16SystemInt32', ID = '7117'
Method 'SystemBooleanSystemRuntimeIntrinsicsVector1281SystemInt16EqualsSystemRuntimeIntrinsicsVector1281SystemInt16', ID = '7118'
Method 'SystemBooleanSystemNumericsVector1SystemUIntPtrEqualsSystemNumericsVector1SystemUIntPtr', ID = '7119'
Method 'SystemVoidSystemHashCodeAddSystemUIntPtrSystemUIntPtr', ID = '7120'
Method 'SystemVoidSystemTextEncoderFallbackBufferctor', ID = '7122'
Method 'SystemBooleanSystemTextUnicodeUtilityIsBmpCodePointSystemUInt32', ID = '7123'
Method 'SystemBooleanSystemTextRuneop_EqualitySystemTextRuneSystemTextRune', ID = '7124'
Method 'SystemBooleanSystemTextRuneTryEncodeToUtf16SystemTextRuneSystemSpan1SystemCharSystemInt32', ID = '7125'
Method 'SystemInt32SystemTextRuneget_Utf8SequenceLength', ID = '7126'
Method 'SystemCharSystemTextEncoderReplacementFallbackBufferGetNextChar', ID = '7127'
Method 'SystemRuntimeIntrinsicsVector1281SystemUInt16InternalRuntimeCompilerServicesUnsafeAsSystemRuntimeIntrinsicsVector1281SystemInt16SystemRuntimeIntrinsicsVector1281SystemUB82A4D067BE502ED83DEC94FF9E8D6B5', ID = '7128'
Method 'SystemStringSystemNumericsVector1SystemInt32ToString', ID = '7129'
Method 'SystemBooleanSystemNumericsVector1SystemInt32EqualsSystemObject', ID = '7130'
Method 'SystemInt32SystemNumericsVector1SystemInt32GetHashCode', ID = '7131'
Method 'SystemStringSystemNumericsVector1SystemInt32ToStringSystemStringSystemIFormatProvider', ID = '7132'
Method 'SystemInt32SystemNumericsVector1SystemInt32GetElementSystemIntPtr', ID = '7135'
Method 'SystemBooleanSystemNumericsVector1SystemInt32ScalarEqualsSystemInt32SystemInt32', ID = '7136'
Method 'SystemInt32SystemNumericsVector1SystemInt32get_Count', ID = '7137'
Method 'SystemInt32SystemRuntimeIntrinsicsVector1281SystemUInt32get_Count', ID = '7139'
Method 'SystemUInt32SystemRuntimeIntrinsicsVector128GetElementSystemUInt32SystemRuntimeIntrinsicsVector1281SystemUInt32SystemInt32', ID = '7140'
Method 'SystemBooleanSystemRuntimeIntrinsicsVector1281SystemUInt32EqualsSystemRuntimeIntrinsicsVector1281SystemUInt32', ID = '7141'
Method 'SystemStringSystemPrivateCoreLibSystemSRget_NotSupported_NoCodepageData', ID = '7144'
Method 'SystemVoidSystemExceptionctorSystemStringSystemException', ID = '7145'
Method 'SystemBooleanSystemGlobalizationCultureDataget_UseUserOverride', ID = '7146'
Method 'SystemVoidCosmosSystem_PlugsSystemGlobalizationCompareInfoImplCtorSystemGlobalizationCultureInfo', ID = '7147'
Method 'SystemGlobalizationCultureInfoCosmosCore_PlugsSystemGlobalizationCultureInfoImplGetCultureInfoSystemString', ID = '7148'
Method 'SystemBooleanSystemGlobalizationGlobalizationModeSettingsget_Invariant', ID = '7150'
Method 'SystemBooleanSystemGlobalizationCompareInfoIcuStartsWithSystemReadOnlySpan1SystemCharSystemReadOnlySpan1SystemCharSystemGlobalizationCompareOptionsSystemInt32pointer', ID = '7151'
Method 'SystemBooleanSystemGlobalizationCompareInfoNlsStartsWithSystemReadOnlySpan1SystemCharSystemReadOnlySpan1SystemCharSystemGlobalizationCompareOptionsSystemInt32pointer', ID = '7152'
Method 'SystemStringSystemPrivateCoreLibSystemSRget_Argument_CompareOptionOrdinal', ID = '7153'
Method 'SystemUInt16SystemSpanHelpersLoadUShortSystemByte', ID = '7154'
Method 'SystemUInt32SystemSpanHelpersLoadUIntSystemByte', ID = '7155'
Method 'SystemUInt32SystemSpanHelpersLoadUIntSystemByteSystemUIntPtr', ID = '7156'
Method 'SystemBooleanInternalRuntimeCompilerServicesUnsafeAreSameSystemByteSystemByteSystemByte', ID = '7157'
Method 'SystemBooleanSystemNumericsVector1SystemByteop_InequalitySystemNumericsVector1SystemByteSystemNumericsVector1SystemByte', ID = '7158'
Method 'SystemUIntPtrSystemSpanHelpersLoadNUIntSystemByte', ID = '7159'
Method 'SystemUIntPtrSystemSpanHelpersLoadNUIntSystemByteSystemUIntPtr', ID = '7160'
Method 'SystemBooleanInternalRuntimeCompilerServicesUnsafeAreSameSystemCharSystemCharSystemChar', ID = '7161'
Method 'SystemVoidSystemSZGenericArrayEnumerator1SystemCollectionsGenericDictionary2EntrySystemStringSystemReflectionAssemblycctor', ID = '7162'
Method 'SystemVoidSystemSZGenericArrayEnumerator1SystemCollectionsGenericDictionary2EntrySystemStringSystemReflectionAssemblyDispose', ID = '7163'
Method 'SystemBooleanSystemSZGenericArrayEnumerator1SystemCollectionsGenericDictionary2EntrySystemStringSystemReflectionAssemblyMoveNext', ID = '7164'
Method 'SystemBooleanSystemRuntimeCompilerServicesRuntimeHelpersIsBitwiseEquatableSystemCollectionsGenericDictionary2EntrySystemStringSystemReflectionAssembly', ID = '7165'
Method 'SystemInt32InternalRuntimeCompilerServicesUnsafeSizeOfSystemCollectionsGenericDictionary2EntrySystemStringSystemReflectionAssembly', ID = '7166'
Method 'SystemByteInternalRuntimeCompilerServicesUnsafeAsSystemCollectionsGenericDictionary2EntrySystemStringSystemReflectionAssemblySystemByteSystemCollectionsGenericDictionarD6ED3CE689C5CF8DC261F1ABE42ADC5A', ID = '7167'
Method 'SystemCharInternalRuntimeCompilerServicesUnsafeAsSystemCollectionsGenericDictionary2EntrySystemStringSystemReflectionAssemblySystemCharSystemCollectionsGenericDictionar69FF70B84AABB62DBF8C5FEFD45EA5E4', ID = '7168'
Method 'SystemInt32InternalRuntimeCompilerServicesUnsafeAsSystemCollectionsGenericDictionary2EntrySystemStringSystemReflectionAssemblySystemInt32SystemCollectionsGenericDiction0ACE9174CF9D54FB2F60E0BD0160CF98', ID = '7169'
Method 'SystemInt64InternalRuntimeCompilerServicesUnsafeAsSystemCollectionsGenericDictionary2EntrySystemStringSystemReflectionAssemblySystemInt64SystemCollectionsGenericDiction397816DB6649682CB01EA077F71A2A6E', ID = '7170'
Method 'SystemCollectionsGenericEqualityComparer1SystemCollectionsGenericDictionary2EntrySystemStringSystemReflectionAssemblySystemCollectionsGenericEqualityComparer1SystemCollBFBC3278EC5E4CA4E072FEFF8D13C8FC', ID = '7171'
Method 'SystemInt32SystemCollectionsGenericEqualityComparer1SystemCollectionsGenericDictionary2EntrySystemStringSystemReflectionAssemblyIndexOfSystemCollectionsGenericDictionar130BC1987029B5A594C5543E77785A37', ID = '7172'
Method 'SystemVoidCosmosIL2CPUSZArrayImpl1GetEnumeratord__0SystemCollectionsGenericDictionary2EntrySystemStringSystemReflectionAssemblyctorSystemInt32', ID = '7173'
Method 'SystemCollectionsGenericIEnumerator1SystemReflectionAssemblySystemSZArrayHelperGetEnumeratorSystemReflectionAssembly', ID = '7175'
Method 'SystemVoidSystemSZArrayHelperCopyToSystemReflectionAssemblySystemReflectionAssemblyarraySystemInt32', ID = '7176'
Method 'SystemInt32SystemSZArrayHelperget_CountSystemReflectionAssembly', ID = '7177'
Method 'SystemReflectionAssemblySystemSZArrayHelperget_ItemSystemReflectionAssemblySystemInt32', ID = '7178'
Method 'SystemVoidSystemSZArrayHelperset_ItemSystemReflectionAssemblySystemInt32SystemReflectionAssembly', ID = '7179'
Method 'SystemVoidSystemSZArrayHelperAddSystemReflectionAssemblySystemReflectionAssembly', ID = '7180'
Method 'SystemBooleanSystemSZArrayHelperContainsSystemReflectionAssemblySystemReflectionAssembly', ID = '7181'
Method 'SystemBooleanSystemSZArrayHelperget_IsReadOnlySystemReflectionAssembly', ID = '7182'
Method 'SystemVoidSystemSZArrayHelperClearSystemReflectionAssembly', ID = '7183'
Method 'SystemInt32SystemSZArrayHelperIndexOfSystemReflectionAssemblySystemReflectionAssembly', ID = '7184'
Method 'SystemVoidSystemSZArrayHelperInsertSystemReflectionAssemblySystemInt32SystemReflectionAssembly', ID = '7185'
Method 'SystemBooleanSystemSZArrayHelperRemoveSystemReflectionAssemblySystemReflectionAssembly', ID = '7186'
Method 'SystemVoidSystemSZArrayHelperRemoveAtSystemReflectionAssemblySystemInt32', ID = '7187'
Method 'SystemCollectionsGenericKeyValuePair2SystemStringSystemReflectionAssemblyarrayInternalRuntimeCompilerServicesUnsafeAsSystemCollectionsGenericKeyValuePair2SystemStringSyC8434A5776741D096A76980615BD499E', ID = '7192'
Method 'SystemVoidSystemSZGenericArrayEnumerator1SystemCollectionsGenericKeyValuePair2SystemStringSystemReflectionAssemblyctorSystemCollectionsGenericKeyValuePair2SystemStringSystemReflectionAssemblyarray', ID = '7193'
Method 'SystemInt32SystemArrayIndexOfSystemCollectionsGenericKeyValuePair2SystemStringSystemReflectionAssemblySystemCollectionsGenericKeyValuePair2SystemStringSystemReflectionA013C3ADAD4C103A94B9B7756266A4DF5', ID = '7197'
Method 'SystemCollectionsGenericIEnumerator1SystemCollectionsGenericKeyValuePair2SystemStringSystemReflectionAssemblyCosmosIL2CPUSZArrayImpl1SystemCollectionsGenericKeyValuePaiD99764F6CF6B872A8BF04299DEF8A103', ID = '7198'
Method 'SystemVoidCosmosIL2CPUSZArrayImpl1SystemCollectionsGenericKeyValuePair2SystemStringSystemReflectionAssemblyCopyToSystemCollectionsGenericKeyValuePair2SystemStringSystem7BC2797D07E0C1D6229EDDC7D4FB1E6E', ID = '7199'
Method 'SystemInt32CosmosIL2CPUSZArrayImpl1SystemCollectionsGenericKeyValuePair2SystemStringSystemReflectionAssemblyget_Count', ID = '7200'
Method 'SystemCollectionsGenericKeyValuePair2SystemStringSystemReflectionAssemblyCosmosIL2CPUSZArrayImpl1SystemCollectionsGenericKeyValuePair2SystemStringSystemReflectionAssemblyget_ItemSystemInt32', ID = '7201'
Method 'SystemVoidCosmosIL2CPUSZArrayImpl1SystemCollectionsGenericKeyValuePair2SystemStringSystemReflectionAssemblyset_ItemSystemInt32SystemCollectionsGenericKeyValuePair2SystemStringSystemReflectionAssembly', ID = '7202'
Method 'SystemVoidCosmosIL2CPUSZArrayImpl1SystemCollectionsGenericKeyValuePair2SystemStringSystemReflectionAssemblyAddSystemCollectionsGenericKeyValuePair2SystemStringSystemReflectionAssembly', ID = '7203'
Method 'SystemBooleanCosmosIL2CPUSZArrayImpl1SystemCollectionsGenericKeyValuePair2SystemStringSystemReflectionAssemblyContainsSystemCollectionsGenericKeyValuePair2SystemStringSystemReflectionAssembly', ID = '7204'
Method 'SystemBooleanCosmosIL2CPUSZArrayImpl1SystemCollectionsGenericKeyValuePair2SystemStringSystemReflectionAssemblyget_IsReadOnly', ID = '7205'
Method 'SystemVoidCosmosIL2CPUSZArrayImpl1SystemCollectionsGenericKeyValuePair2SystemStringSystemReflectionAssemblyClear', ID = '7206'
Method 'SystemInt32CosmosIL2CPUSZArrayImpl1SystemCollectionsGenericKeyValuePair2SystemStringSystemReflectionAssemblyIndexOfSystemCollectionsGenericKeyValuePair2SystemStringSystemReflectionAssembly', ID = '7207'
Method 'SystemVoidCosmosIL2CPUSZArrayImpl1SystemCollectionsGenericKeyValuePair2SystemStringSystemReflectionAssemblyInsertSystemInt32SystemCollectionsGenericKeyValuePair2SystemStringSystemReflectionAssembly', ID = '7208'
Method 'SystemVoidCosmosIL2CPUSZArrayImpl1SystemCollectionsGenericKeyValuePair2SystemStringSystemReflectionAssemblyRemoveAtSystemInt32', ID = '7209'
Method 'SystemBooleanCosmosIL2CPUSZArrayImpl1SystemCollectionsGenericKeyValuePair2SystemStringSystemReflectionAssemblyget_IsFixedSize', ID = '7210'
Method 'SystemVoidCosmosIL2CPUSZArrayImpl1SystemCollectionsGenericKeyValuePair2SystemStringSystemReflectionAssemblyRemoveSystemCollectionsGenericKeyValuePair2SystemStringSystemReflectionAssembly', ID = '7211'
Method 'SystemObjectCosmosIL2CPUSZArrayImpl1SystemCollectionsGenericKeyValuePair2SystemStringSystemReflectionAssemblyget_SyncRoot', ID = '7212'
Method 'SystemBooleanCosmosIL2CPUSZArrayImpl1SystemCollectionsGenericKeyValuePair2SystemStringSystemReflectionAssemblyget_IsSynchronized', ID = '7213'
Method 'SystemVoidSystemGlobalizationCalendarDatacctor', ID = '7214'
Method 'SystemBooleanSystemGlobalizationSortVersionop_EqualitySystemGlobalizationSortVersionSystemGlobalizationSortVersion', ID = '7215'
Method 'SystemBooleanSystemGuidop_EqualitySystemGuidSystemGuid', ID = '7216'
Method 'SystemStringSystemGlobalizationCultureDataget_TextInfoName', ID = '7217'
Method 'SystemIntPtrSystemGlobalizationCompareInfoNlsGetSortHandleSystemString', ID = '7218'
Method 'SystemVoidSystemSZGenericArrayEnumerator1SystemGlobalizationCalendarIdcctor', ID = '7219'
Method 'SystemVoidSystemSZGenericArrayEnumerator1SystemGlobalizationCalendarIdDispose', ID = '7220'
Method 'SystemBooleanSystemSZGenericArrayEnumerator1SystemGlobalizationCalendarIdMoveNext', ID = '7221'
Method 'SystemBooleanSystemRuntimeCompilerServicesRuntimeHelpersIsBitwiseEquatableSystemGlobalizationCalendarId', ID = '7222'
Method 'SystemInt32InternalRuntimeCompilerServicesUnsafeSizeOfSystemGlobalizationCalendarId', ID = '7223'
Method 'SystemByteInternalRuntimeCompilerServicesUnsafeAsSystemGlobalizationCalendarIdSystemByteSystemGlobalizationCalendarId', ID = '7224'
Method 'SystemCharInternalRuntimeCompilerServicesUnsafeAsSystemGlobalizationCalendarIdSystemCharSystemGlobalizationCalendarId', ID = '7225'
Method 'SystemInt32InternalRuntimeCompilerServicesUnsafeAsSystemGlobalizationCalendarIdSystemInt32SystemGlobalizationCalendarId', ID = '7226'
Method 'SystemInt64InternalRuntimeCompilerServicesUnsafeAsSystemGlobalizationCalendarIdSystemInt64SystemGlobalizationCalendarId', ID = '7227'
Method 'SystemCollectionsGenericEqualityComparer1SystemGlobalizationCalendarIdSystemCollectionsGenericEqualityComparer1SystemGlobalizationCalendarIdget_Default', ID = '7228'
Method 'SystemInt32SystemCollectionsGenericEqualityComparer1SystemGlobalizationCalendarIdIndexOfSystemGlobalizationCalendarIdarraySystemGlobalizationCalendarIdSystemInt32SystemInt32', ID = '7229'
Method 'SystemVoidCosmosIL2CPUSZArrayImpl1GetEnumeratord__0SystemGlobalizationCalendarIdctorSystemInt32', ID = '7230'
Method 'SystemVoidSystemSZGenericArrayEnumerator1SystemGlobalizationDateTimeFormatInfoTokenHashValuecctor', ID = '7232'
Method 'SystemVoidSystemSZGenericArrayEnumerator1SystemGlobalizationDateTimeFormatInfoTokenHashValueDispose', ID = '7233'
Method 'SystemBooleanSystemSZGenericArrayEnumerator1SystemGlobalizationDateTimeFormatInfoTokenHashValueMoveNext', ID = '7234'
Method 'SystemBooleanSystemRuntimeCompilerServicesRuntimeHelpersIsBitwiseEquatableSystemGlobalizationDateTimeFormatInfoTokenHashValue', ID = '7236'
Method 'SystemInt32InternalRuntimeCompilerServicesUnsafeSizeOfSystemGlobalizationDateTimeFormatInfoTokenHashValue', ID = '7237'
Method 'SystemByteInternalRuntimeCompilerServicesUnsafeAsSystemGlobalizationDateTimeFormatInfoTokenHashValueSystemByteSystemGlobalizationDateTimeFormatInfoTokenHashValue', ID = '7238'
Method 'SystemCharInternalRuntimeCompilerServicesUnsafeAsSystemGlobalizationDateTimeFormatInfoTokenHashValueSystemCharSystemGlobalizationDateTimeFormatInfoTokenHashValue', ID = '7239'
Method 'SystemInt32InternalRuntimeCompilerServicesUnsafeAsSystemGlobalizationDateTimeFormatInfoTokenHashValueSystemInt32SystemGlobalizationDateTimeFormatInfoTokenHashValue', ID = '7240'
Method 'SystemInt64InternalRuntimeCompilerServicesUnsafeAsSystemGlobalizationDateTimeFormatInfoTokenHashValueSystemInt64SystemGlobalizationDateTimeFormatInfoTokenHashValue', ID = '7241'
Method 'SystemCollectionsGenericEqualityComparer1SystemGlobalizationDateTimeFormatInfoTokenHashValueSystemCollectionsGenericEqualityComparer1SystemGlobalizationDateTimeFormatInfoTokenHashValueget_Default', ID = '7242'
Method 'SystemInt32SystemCollectionsGenericEqualityComparer1SystemGlobalizationDateTimeFormatInfoTokenHashValueIndexOfSystemGlobalizationDateTimeFormatInfoTokenHashValuearraySy8AC1E9F9631459D911786B908833DCC0', ID = '7243'
Method 'SystemVoidCosmosIL2CPUSZArrayImpl1GetEnumeratord__0SystemGlobalizationDateTimeFormatInfoTokenHashValuectorSystemInt32', ID = '7244'
Method 'SystemVoidSystemSZGenericArrayEnumerator1SystemGlobalizationCalendarDatacctor', ID = '7246'
Method 'SystemVoidSystemSZGenericArrayEnumerator1SystemGlobalizationCalendarDataDispose', ID = '7247'
Method 'SystemBooleanSystemSZGenericArrayEnumerator1SystemGlobalizationCalendarDataMoveNext', ID = '7248'
Method 'SystemBooleanSystemRuntimeCompilerServicesRuntimeHelpersIsBitwiseEquatableSystemGlobalizationCalendarData', ID = '7249'
Method 'SystemInt32InternalRuntimeCompilerServicesUnsafeSizeOfSystemGlobalizationCalendarData', ID = '7250'
Method 'SystemByteInternalRuntimeCompilerServicesUnsafeAsSystemGlobalizationCalendarDataSystemByteSystemGlobalizationCalendarData', ID = '7251'
Method 'SystemCharInternalRuntimeCompilerServicesUnsafeAsSystemGlobalizationCalendarDataSystemCharSystemGlobalizationCalendarData', ID = '7252'
Method 'SystemInt32InternalRuntimeCompilerServicesUnsafeAsSystemGlobalizationCalendarDataSystemInt32SystemGlobalizationCalendarData', ID = '7253'
Method 'SystemInt64InternalRuntimeCompilerServicesUnsafeAsSystemGlobalizationCalendarDataSystemInt64SystemGlobalizationCalendarData', ID = '7254'
Method 'SystemCollectionsGenericEqualityComparer1SystemGlobalizationCalendarDataSystemCollectionsGenericEqualityComparer1SystemGlobalizationCalendarDataget_Default', ID = '7255'
Method 'SystemInt32SystemCollectionsGenericEqualityComparer1SystemGlobalizationCalendarDataIndexOfSystemGlobalizationCalendarDataarraySystemGlobalizationCalendarDataSystemInt32SystemInt32', ID = '7256'
Method 'SystemVoidCosmosIL2CPUSZArrayImpl1GetEnumeratord__0SystemGlobalizationCalendarDatactorSystemInt32', ID = '7257'
Method 'SystemGlobalizationCalendarCosmosSystem_PlugsSystemGlobalizationCultureDataImplget_DefaultCalendar', ID = '7259'
Method 'SystemVoidCosmosCore_PlugsSystemThreadingInterlockedImplMemoryBarrier', ID = '7260'
Method 'SystemStringSystemGlobalizationCultureDataDateSeparatorSystemGlobalizationCalendarId', ID = '7266'
Method 'SystemRuntimeIntrinsicsVector1281SystemSingleSystemRuntimeIntrinsicsVector128AsSystemSingleSystemSingleSystemRuntimeIntrinsicsVector1281SystemSingle', ID = '7272'
Method 'SystemRuntimeIntrinsicsVector1281SystemDoubleSystemRuntimeIntrinsicsVector128AsSystemSingleSystemDoubleSystemRuntimeIntrinsicsVector1281SystemSingle', ID = '7273'
Method 'SystemRuntimeIntrinsicsVector1281SystemByteSystemRuntimeIntrinsicsVector128AsSystemSingleSystemByteSystemRuntimeIntrinsicsVector1281SystemSingle', ID = '7274'
Method 'SystemRuntimeIntrinsicsVector2561SystemSingleSystemRuntimeIntrinsicsVector256AsSystemSingleSystemSingleSystemRuntimeIntrinsicsVector2561SystemSingle', ID = '7276'
Method 'SystemRuntimeIntrinsicsVector2561SystemDoubleSystemRuntimeIntrinsicsVector256AsSystemSingleSystemDoubleSystemRuntimeIntrinsicsVector2561SystemSingle', ID = '7277'
Method 'SystemRuntimeIntrinsicsVector2561SystemSingleSystemRuntimeIntrinsicsVector256AsSystemDoubleSystemSingleSystemRuntimeIntrinsicsVector2561SystemDouble', ID = '7278'
Method 'SystemRuntimeIntrinsicsVector2561SystemDoubleSystemRuntimeIntrinsicsVector256AsSystemDoubleSystemDoubleSystemRuntimeIntrinsicsVector2561SystemDouble', ID = '7279'
Method 'SystemRuntimeIntrinsicsVector2561SystemByteSystemRuntimeIntrinsicsVector256AsSystemDoubleSystemByteSystemRuntimeIntrinsicsVector2561SystemDouble', ID = '7280'
Method 'SystemRuntimeIntrinsicsVector1281SystemDoubleSystemRuntimeIntrinsicsVector128AsSystemInt32SystemDoubleSystemRuntimeIntrinsicsVector1281SystemInt32', ID = '7281'
Method 'SystemRuntimeIntrinsicsVector1281SystemByteSystemRuntimeIntrinsicsVector128AsSystemInt32SystemByteSystemRuntimeIntrinsicsVector1281SystemInt32', ID = '7282'
Method 'SystemVoidSystemRandomctorSystemBoolean', ID = '7284'
Method 'SystemVoidCosmosHALRTCcctor', ID = '7286'
Method 'SystemVoidSystemMathThrowAbsOverflow', ID = '7287'
Method 'SystemVoidCosmosIL2CPUSZArrayImpl1GetEnumeratord__0SystemBooleanSystemIDisposableDispose', ID = '7291'
Method 'SystemBooleanCosmosIL2CPUSZArrayImpl1GetEnumeratord__0SystemBooleanMoveNext', ID = '7292'
Method 'SystemVoidSystemCollectionsGenericEqualityComparer1SystemCollectionsGenericKeyValuePair2SystemStringSystemBooleancctor', ID = '7293'
Method 'SystemBooleanCosmosCore_PlugsSystemRuntimeTypeHandleImplIsGenericVariableSystemObject', ID = '7297'
Method 'SystemTypearraySystemRuntimeTypeGetGenericParameterConstraints', ID = '7298'
Method 'SystemStringSystemPrivateCoreLibSystemSRget_Arg_NotGenericParameter', ID = '7299'
Method 'SystemReflectionGenericParameterAttributesSystemRuntimeTypeget_GenericParameterAttributes', ID = '7301'
Method 'SystemObjectCosmosCore_PlugsSystemRuntimeTypeHandleImplGetBaseTypeSystemObject', ID = '7302'
Method 'SystemBooleanSystemMemoryExtensionsOverlapsSystemCharSystemReadOnlySpan1SystemCharSystemReadOnlySpan1SystemChar', ID = '7303'
Method 'SystemStringSystemPrivateCoreLibSystemSRget_InvalidOperation_SpanOverlappedOperation', ID = '7304'
Method 'SystemVoidSystemGlobalizationInvariantModeCasingToUpperSystemReadOnlySpan1SystemCharSystemSpan1SystemChar', ID = '7305'
Method 'SystemVoidSystemGlobalizationTextInfoChangeCaseToUpperSystemReadOnlySpan1SystemCharSystemSpan1SystemChar', ID = '7306'
Method 'SystemVoidSystemGlobalizationOrdinalCasingToUpperOrdinalSystemReadOnlySpan1SystemCharSystemSpan1SystemChar', ID = '7307'
Method 'SystemCharInternalRuntimeCompilerServicesUnsafeNullRefSystemChar', ID = '7308'
Method 'SystemValueTuple2SystemUInt32SystemInt32SystemGlobalizationInvariantModeCasingGetScalarSystemCharSystemInt32SystemInt32', ID = '7310'
Method 'SystemUInt32SystemGlobalizationCharUnicodeInfoToUpperSystemUInt32', ID = '7312'
Method 'SystemStringSystemPrivateCoreLibSystemSRget_Arg_ExternalException', ID = '7315'
Method 'SystemBooleanSystemCharIsLowSurrogateSystemChar', ID = '7317'
Method 'SystemCharSystemGlobalizationOrdinalCasingToUpperSystemChar', ID = '7318'
Method 'SystemUInt32SystemTextUnicodeUtilityGetScalarFromUtf16SurrogatePairSystemUInt32SystemUInt32', ID = '7319'
Method 'SystemVoidSystemCollectionsGenericEqualityComparer1SystemCollectionsGenericDictionary2EntrySystemStringSystemObjectcctor', ID = '7320'
Method 'SystemStringSystemCollectionsGenericKeyValuePair2SystemStringSystemObjectget_Key', ID = '7322'
Method 'SystemObjectSystemCollectionsGenericKeyValuePair2SystemStringSystemObjectget_Value', ID = '7323'
Method 'SystemVoidCosmosIL2CPUSZArrayImpl1GetEnumeratord__0SystemCollectionsGenericKeyValuePair2SystemStringSystemObjectSystemIDisposableDispose', ID = '7328'
Method 'SystemBooleanCosmosIL2CPUSZArrayImpl1GetEnumeratord__0SystemCollectionsGenericKeyValuePair2SystemStringSystemObjectMoveNext', ID = '7329'
Method 'SystemUIntPtrSystemTextASCIIUtilityWidenAsciiToUtf16SystemBytepointerSystemCharpointerSystemUIntPtr', ID = '7330'
Method 'SystemBuffersOperationStatusSystemTextUnicodeUtf8UtilityTranscodeToUtf16SystemBytepointerSystemInt32SystemCharpointerSystemInt32SystemBytepointerSystemCharpointer', ID = '7331'
Method 'SystemVoidSystemReadOnlySpan1SystemBytectorSystemByteSystemInt32', ID = '7332'
Method 'SystemInt32SystemTextASCIIEncodingGetCharsWithFallbackSystemReadOnlySpan1SystemByteSystemInt32SystemSpan1SystemCharSystemInt32SystemTextDecoderNLS', ID = '7334'
Method 'SystemInt32SystemTextUTF8EncodingGetCharsWithFallbackSystemReadOnlySpan1SystemByteSystemInt32SystemSpan1SystemCharSystemInt32SystemTextDecoderNLS', ID = '7335'
Method 'SystemTextDecoderFallbackBufferSystemTextDecoderFallbackBufferCreateAndInitializeSystemTextEncodingSystemTextDecoderNLSSystemInt32', ID = '7336'
Method 'SystemBuffersOperationStatusSystemTextEncodingDecodeFirstRuneSystemReadOnlySpan1SystemByteSystemTextRuneSystemInt32', ID = '7337'
Method 'SystemBooleanSystemTextDecoderNLSget_MustFlush', ID = '7338'
Method 'SystemVoidSystemTextDecoderNLSSetLeftoverDataSystemReadOnlySpan1SystemByte', ID = '7339'
Method 'SystemReadOnlySpan1SystemByteSystemReadOnlySpan1SystemByteget_Empty', ID = '7340'
Method 'SystemBooleanSystemTextDecoderFallbackBufferTryInternalFallbackGetCharsSystemReadOnlySpan1SystemByteSystemInt32SystemSpan1SystemCharSystemInt32', ID = '7341'
Method 'SystemBooleanSystemReadOnlySpan1SystemByteget_IsEmpty', ID = '7342'
Method 'SystemVoidSystemTextEncodingThrowCharsOverflowSystemTextDecoderNLSSystemBoolean', ID = '7343'
Method 'SystemInt32SystemTextEncodingGetCharCountFastSystemBytepointerSystemInt32SystemTextDecoderFallbackSystemInt32', ID = '7344'
Method 'SystemInt32SystemTextEncodingGetCharCountWithFallbackSystemBytepointerSystemInt32SystemInt32', ID = '7345'
Method 'SystemBooleanSystemNumericsVector1SystemUInt32ScalarEqualsSystemUInt32SystemUInt32', ID = '7346'
Method 'SystemBooleanSystemNumericsVector1SystemSingleScalarEqualsSystemSingleSystemSingle', ID = '7347'
Method 'SystemBooleanSystemNumericsVector1SystemDoubleScalarEqualsSystemDoubleSystemDouble', ID = '7348'
Method 'SystemVoidSystemCollectionsGenericEqualityComparer1CosmosHALBlockDeviceRegistersHBAPRDTEntrycctor', ID = '7349'
Method 'SystemStringSystemGlobalizationCultureDataget_Name', ID = '7351'
Method 'SystemStringCosmosSystem_PlugsSystemGlobalizationCultureDataImplGetLocaleInfoCoreUserOverrideSystemUInt32', ID = '7353'
Method 'SystemInt32SystemGlobalizationCultureDataIcuGetLocaleInfoSystemGlobalizationCultureDataLocaleNumberData', ID = '7355'
Method 'SystemInt32SystemGlobalizationIcuLocaleDataGetLocaleDataNumericPartSystemStringSystemGlobalizationIcuLocaleDataParts', ID = '7356'
Method 'SystemInt32arrayCosmosSystem_PlugsSystemGlobalizationCultureDataImplget_NumberGroupSizes', ID = '7358'
Method 'SystemInt32arrayCosmosSystem_PlugsSystemGlobalizationCultureDataImplget_CurrencyGroupSizes', ID = '7359'
Method 'SystemInt32SystemGlobalizationCultureDataGetLocaleInfoCoreSystemGlobalizationCultureDataLocaleNumberData', ID = '7360'
Method 'SystemStringCosmosSystem_PlugsSystemGlobalizationCultureDataImplget_PercentSymbol', ID = '7361'
Method 'SystemStringCosmosSystem_PlugsSystemGlobalizationCultureDataImplget_PerMilleSymbol', ID = '7362'
Method 'SystemStringCosmosSystem_PlugsSystemGlobalizationCultureDataImplget_NegativeInfinitySymbol', ID = '7363'
Method 'SystemStringCosmosSystem_PlugsSystemGlobalizationCultureDataImplget_PositiveInfinitySymbol', ID = '7364'
Method 'SystemStringCosmosSystem_PlugsSystemGlobalizationCultureDataImplget_NaNSymbol', ID = '7365'
Method 'SystemSpan1SystemCharSystemTextStringBuilderget_RemainingCurrentChunk', ID = '7367'
Method 'SystemVoidSystemNumberBigIntegercctor', ID = '7369'
Method 'SystemVoidpointerInternalRuntimeCompilerServicesUnsafeAsPointerSystemUInt32SystemUInt32', ID = '7370'
Method 'SystemVoidSystemBufferZeroMemorySystemBytepointerSystemUIntPtr', ID = '7371'
Method 'SystemBooleanSystemDoubleIsInfinitySystemDouble', ID = '7372'
Method 'SystemVoidSystemBufferMemmoveSystemUInt32SystemUInt32SystemUInt32SystemUIntPtr', ID = '7373'
Method 'SystemRuntimeIntrinsicsVector1281SystemInt32InternalRuntimeCompilerServicesUnsafeAsSystemRuntimeIntrinsicsVector1281SystemSingleSystemRuntimeIntrinsicsVector1281SystemI36EDD5FCCC04FCDD23C66771394C9F23', ID = '7374'
Method 'SystemRuntimeTypeHandleSystemRuntimeTypeget_TypeHandle', ID = '7377'
Method 'SystemRuntimeTypeHandleCosmosCore_PlugsSystemTypeImplget_TypeHandle', ID = '7378'
Method 'SystemArrayCosmosCore_PlugsSystemGCImplAllocateNewArraySystemInt32pointerSystemInt32SystemUInt32', ID = '7380'
Method 'SystemVoidSystemRuntimeCompilerServicesQCallAssemblyctorSystemReflectionRuntimeAssembly', ID = '7381'
Method 'SystemStringSystemThreadingInterlockedCompareExchangeSystemStringSystemStringSystemStringSystemString', ID = '7383'
Method 'SystemCollectionsGenericIEnumerator1SystemReflectionRuntimeMethodInfoSystemSZArrayHelperGetEnumeratorSystemReflectionRuntimeMethodInfo', ID = '7386'
Method 'SystemVoidSystemSZArrayHelperCopyToSystemReflectionRuntimeMethodInfoSystemReflectionRuntimeMethodInfoarraySystemInt32', ID = '7387'
Method 'SystemInt32SystemSZArrayHelperget_CountSystemReflectionRuntimeMethodInfo', ID = '7388'
Method 'SystemReflectionRuntimeMethodInfoSystemSZArrayHelperget_ItemSystemReflectionRuntimeMethodInfoSystemInt32', ID = '7389'
Method 'SystemVoidSystemSZArrayHelperset_ItemSystemReflectionRuntimeMethodInfoSystemInt32SystemReflectionRuntimeMethodInfo', ID = '7390'
Method 'SystemVoidSystemSZArrayHelperAddSystemReflectionRuntimeMethodInfoSystemReflectionRuntimeMethodInfo', ID = '7391'
Method 'SystemBooleanSystemSZArrayHelperContainsSystemReflectionRuntimeMethodInfoSystemReflectionRuntimeMethodInfo', ID = '7392'
Method 'SystemBooleanSystemSZArrayHelperget_IsReadOnlySystemReflectionRuntimeMethodInfo', ID = '7393'
Method 'SystemVoidSystemSZArrayHelperClearSystemReflectionRuntimeMethodInfo', ID = '7394'
Method 'SystemInt32SystemSZArrayHelperIndexOfSystemReflectionRuntimeMethodInfoSystemReflectionRuntimeMethodInfo', ID = '7395'
Method 'SystemVoidSystemSZArrayHelperInsertSystemReflectionRuntimeMethodInfoSystemInt32SystemReflectionRuntimeMethodInfo', ID = '7396'
Method 'SystemBooleanSystemSZArrayHelperRemoveSystemReflectionRuntimeMethodInfoSystemReflectionRuntimeMethodInfo', ID = '7397'
Method 'SystemVoidSystemSZArrayHelperRemoveAtSystemReflectionRuntimeMethodInfoSystemInt32', ID = '7398'
Method 'SystemCollectionsGenericIEnumerator1SystemReflectionRuntimeConstructorInfoSystemSZArrayHelperGetEnumeratorSystemReflectionRuntimeConstructorInfo', ID = '7406'
Method 'SystemVoidSystemSZArrayHelperCopyToSystemReflectionRuntimeConstructorInfoSystemReflectionRuntimeConstructorInfoarraySystemInt32', ID = '7407'
Method 'SystemInt32SystemSZArrayHelperget_CountSystemReflectionRuntimeConstructorInfo', ID = '7408'
Method 'SystemReflectionRuntimeConstructorInfoSystemSZArrayHelperget_ItemSystemReflectionRuntimeConstructorInfoSystemInt32', ID = '7409'
Method 'SystemVoidSystemSZArrayHelperset_ItemSystemReflectionRuntimeConstructorInfoSystemInt32SystemReflectionRuntimeConstructorInfo', ID = '7410'
Method 'SystemVoidSystemSZArrayHelperAddSystemReflectionRuntimeConstructorInfoSystemReflectionRuntimeConstructorInfo', ID = '7411'
Method 'SystemBooleanSystemSZArrayHelperContainsSystemReflectionRuntimeConstructorInfoSystemReflectionRuntimeConstructorInfo', ID = '7412'
Method 'SystemBooleanSystemSZArrayHelperget_IsReadOnlySystemReflectionRuntimeConstructorInfo', ID = '7413'
Method 'SystemVoidSystemSZArrayHelperClearSystemReflectionRuntimeConstructorInfo', ID = '7414'
Method 'SystemInt32SystemSZArrayHelperIndexOfSystemReflectionRuntimeConstructorInfoSystemReflectionRuntimeConstructorInfo', ID = '7415'
Method 'SystemVoidSystemSZArrayHelperInsertSystemReflectionRuntimeConstructorInfoSystemInt32SystemReflectionRuntimeConstructorInfo', ID = '7416'
Method 'SystemBooleanSystemSZArrayHelperRemoveSystemReflectionRuntimeConstructorInfoSystemReflectionRuntimeConstructorInfo', ID = '7417'
Method 'SystemVoidSystemSZArrayHelperRemoveAtSystemReflectionRuntimeConstructorInfoSystemInt32', ID = '7418'
Method 'SystemCollectionsGenericIEnumerator1SystemReflectionRuntimeFieldInfoSystemSZArrayHelperGetEnumeratorSystemReflectionRuntimeFieldInfo', ID = '7426'
Method 'SystemVoidSystemSZArrayHelperCopyToSystemReflectionRuntimeFieldInfoSystemReflectionRuntimeFieldInfoarraySystemInt32', ID = '7427'
Method 'SystemInt32SystemSZArrayHelperget_CountSystemReflectionRuntimeFieldInfo', ID = '7428'
Method 'SystemReflectionRuntimeFieldInfoSystemSZArrayHelperget_ItemSystemReflectionRuntimeFieldInfoSystemInt32', ID = '7429'
Method 'SystemVoidSystemSZArrayHelperset_ItemSystemReflectionRuntimeFieldInfoSystemInt32SystemReflectionRuntimeFieldInfo', ID = '7430'
Method 'SystemVoidSystemSZArrayHelperAddSystemReflectionRuntimeFieldInfoSystemReflectionRuntimeFieldInfo', ID = '7431'
Method 'SystemBooleanSystemSZArrayHelperContainsSystemReflectionRuntimeFieldInfoSystemReflectionRuntimeFieldInfo', ID = '7432'
Method 'SystemBooleanSystemSZArrayHelperget_IsReadOnlySystemReflectionRuntimeFieldInfo', ID = '7433'
Method 'SystemVoidSystemSZArrayHelperClearSystemReflectionRuntimeFieldInfo', ID = '7434'
Method 'SystemInt32SystemSZArrayHelperIndexOfSystemReflectionRuntimeFieldInfoSystemReflectionRuntimeFieldInfo', ID = '7435'
Method 'SystemVoidSystemSZArrayHelperInsertSystemReflectionRuntimeFieldInfoSystemInt32SystemReflectionRuntimeFieldInfo', ID = '7436'
Method 'SystemBooleanSystemSZArrayHelperRemoveSystemReflectionRuntimeFieldInfoSystemReflectionRuntimeFieldInfo', ID = '7437'
Method 'SystemVoidSystemSZArrayHelperRemoveAtSystemReflectionRuntimeFieldInfoSystemInt32', ID = '7438'
Method 'SystemCollectionsGenericIEnumerator1SystemRuntimeTypeSystemSZArrayHelperGetEnumeratorSystemRuntimeType', ID = '7446'
Method 'SystemVoidSystemSZArrayHelperCopyToSystemRuntimeTypeSystemRuntimeTypearraySystemInt32', ID = '7447'
Method 'SystemInt32SystemSZArrayHelperget_CountSystemRuntimeType', ID = '7448'
Method 'SystemRuntimeTypeSystemSZArrayHelperget_ItemSystemRuntimeTypeSystemInt32', ID = '7449'
Method 'SystemVoidSystemSZArrayHelperset_ItemSystemRuntimeTypeSystemInt32SystemRuntimeType', ID = '7450'
Method 'SystemVoidSystemSZArrayHelperAddSystemRuntimeTypeSystemRuntimeType', ID = '7451'
Method 'SystemBooleanSystemSZArrayHelperContainsSystemRuntimeTypeSystemRuntimeType', ID = '7452'
Method 'SystemBooleanSystemSZArrayHelperget_IsReadOnlySystemRuntimeType', ID = '7453'
Method 'SystemVoidSystemSZArrayHelperClearSystemRuntimeType', ID = '7454'
Method 'SystemInt32SystemSZArrayHelperIndexOfSystemRuntimeTypeSystemRuntimeType', ID = '7455'
Method 'SystemVoidSystemSZArrayHelperInsertSystemRuntimeTypeSystemInt32SystemRuntimeType', ID = '7456'
Method 'SystemBooleanSystemSZArrayHelperRemoveSystemRuntimeTypeSystemRuntimeType', ID = '7457'
Method 'SystemVoidSystemSZArrayHelperRemoveAtSystemRuntimeTypeSystemInt32', ID = '7458'
Method 'SystemCollectionsGenericIEnumerator1SystemReflectionRuntimePropertyInfoSystemSZArrayHelperGetEnumeratorSystemReflectionRuntimePropertyInfo', ID = '7466'
Method 'SystemVoidSystemSZArrayHelperCopyToSystemReflectionRuntimePropertyInfoSystemReflectionRuntimePropertyInfoarraySystemInt32', ID = '7467'
Method 'SystemInt32SystemSZArrayHelperget_CountSystemReflectionRuntimePropertyInfo', ID = '7468'
Method 'SystemReflectionRuntimePropertyInfoSystemSZArrayHelperget_ItemSystemReflectionRuntimePropertyInfoSystemInt32', ID = '7469'
Method 'SystemVoidSystemSZArrayHelperset_ItemSystemReflectionRuntimePropertyInfoSystemInt32SystemReflectionRuntimePropertyInfo', ID = '7470'
Method 'SystemVoidSystemSZArrayHelperAddSystemReflectionRuntimePropertyInfoSystemReflectionRuntimePropertyInfo', ID = '7471'
Method 'SystemBooleanSystemSZArrayHelperContainsSystemReflectionRuntimePropertyInfoSystemReflectionRuntimePropertyInfo', ID = '7472'
Method 'SystemBooleanSystemSZArrayHelperget_IsReadOnlySystemReflectionRuntimePropertyInfo', ID = '7473'
Method 'SystemVoidSystemSZArrayHelperClearSystemReflectionRuntimePropertyInfo', ID = '7474'
Method 'SystemInt32SystemSZArrayHelperIndexOfSystemReflectionRuntimePropertyInfoSystemReflectionRuntimePropertyInfo', ID = '7475'
Method 'SystemVoidSystemSZArrayHelperInsertSystemReflectionRuntimePropertyInfoSystemInt32SystemReflectionRuntimePropertyInfo', ID = '7476'
Method 'SystemBooleanSystemSZArrayHelperRemoveSystemReflectionRuntimePropertyInfoSystemReflectionRuntimePropertyInfo', ID = '7477'
Method 'SystemVoidSystemSZArrayHelperRemoveAtSystemReflectionRuntimePropertyInfoSystemInt32', ID = '7478'
Method 'SystemCollectionsGenericIEnumerator1SystemReflectionRuntimeEventInfoSystemSZArrayHelperGetEnumeratorSystemReflectionRuntimeEventInfo', ID = '7486'
Method 'SystemVoidSystemSZArrayHelperCopyToSystemReflectionRuntimeEventInfoSystemReflectionRuntimeEventInfoarraySystemInt32', ID = '7487'
Method 'SystemInt32SystemSZArrayHelperget_CountSystemReflectionRuntimeEventInfo', ID = '7488'
Method 'SystemReflectionRuntimeEventInfoSystemSZArrayHelperget_ItemSystemReflectionRuntimeEventInfoSystemInt32', ID = '7489'
Method 'SystemVoidSystemSZArrayHelperset_ItemSystemReflectionRuntimeEventInfoSystemInt32SystemReflectionRuntimeEventInfo', ID = '7490'
Method 'SystemVoidSystemSZArrayHelperAddSystemReflectionRuntimeEventInfoSystemReflectionRuntimeEventInfo', ID = '7491'
Method 'SystemBooleanSystemSZArrayHelperContainsSystemReflectionRuntimeEventInfoSystemReflectionRuntimeEventInfo', ID = '7492'
Method 'SystemBooleanSystemSZArrayHelperget_IsReadOnlySystemReflectionRuntimeEventInfo', ID = '7493'
Method 'SystemVoidSystemSZArrayHelperClearSystemReflectionRuntimeEventInfo', ID = '7494'
Method 'SystemInt32SystemSZArrayHelperIndexOfSystemReflectionRuntimeEventInfoSystemReflectionRuntimeEventInfo', ID = '7495'
Method 'SystemVoidSystemSZArrayHelperInsertSystemReflectionRuntimeEventInfoSystemInt32SystemReflectionRuntimeEventInfo', ID = '7496'
Method 'SystemBooleanSystemSZArrayHelperRemoveSystemReflectionRuntimeEventInfoSystemReflectionRuntimeEventInfo', ID = '7497'
Method 'SystemVoidSystemSZArrayHelperRemoveAtSystemReflectionRuntimeEventInfoSystemInt32', ID = '7498'
Method 'SystemStringSystemPrivateCoreLibSystemSRget_Arg_InvalidHandle', ID = '7505'
Method 'SystemVoidpointerInternalRuntimeCompilerServicesUnsafeAsPointerSystemRuntimeTypeHandleSystemRuntimeTypeHandle', ID = '7508'
Method 'SystemVoidpointerInternalRuntimeCompilerServicesUnsafeAsPointerSystemStringSystemString', ID = '7510'
Method 'SystemVoidCosmosCore_PlugsSystemRuntimeTypeHandleImplGetConstraintsSystemObjectSystemObjectSystemObject', ID = '7511'
Method 'SystemBooleanCosmosCoreCosmosRuntimeTypeHasElementTypeImpl', ID = '7513'
Method 'SystemBooleanSystemRuntimeTypeHasElementTypeImpl', ID = '7514'
Method 'SystemBooleanCosmosCore_PlugsSystemRuntimeTypeHandleImplIsGenericTypeDefinitionSystemObject', ID = '7515'
Method 'SystemBooleanCosmosCore_PlugsSystemRuntimeTypeHandleImplContainsGenericVariablesSystemObject', ID = '7516'
Method 'SystemCollectionsGenericIEnumerator1SystemTypeSystemSZArrayHelperGetEnumeratorSystemType', ID = '7518'
Method 'SystemVoidSystemSZArrayHelperCopyToSystemTypeSystemTypearraySystemInt32', ID = '7519'
Method 'SystemInt32SystemSZArrayHelperget_CountSystemType', ID = '7520'
Method 'SystemTypeSystemSZArrayHelperget_ItemSystemTypeSystemInt32', ID = '7521'
Method 'SystemVoidSystemSZArrayHelperset_ItemSystemTypeSystemInt32SystemType', ID = '7522'
Method 'SystemVoidSystemSZArrayHelperAddSystemTypeSystemType', ID = '7523'
Method 'SystemBooleanSystemSZArrayHelperContainsSystemTypeSystemType', ID = '7524'
Method 'SystemBooleanSystemSZArrayHelperget_IsReadOnlySystemType', ID = '7525'
Method 'SystemVoidSystemSZArrayHelperClearSystemType', ID = '7526'
Method 'SystemInt32SystemSZArrayHelperIndexOfSystemTypeSystemType', ID = '7527'
Method 'SystemVoidSystemSZArrayHelperInsertSystemTypeSystemInt32SystemType', ID = '7528'
Method 'SystemBooleanSystemSZArrayHelperRemoveSystemTypeSystemType', ID = '7529'
Method 'SystemVoidSystemSZArrayHelperRemoveAtSystemTypeSystemInt32', ID = '7530'
Method 'SystemTypearraySystemRuntimeTypeHandleGetInstantiationPublic', ID = '7537'
Method 'SystemStringSystemPrivateCoreLibSystemSRget_InvalidOperation_EnumEnded', ID = '7539'
Method 'SystemStringSystemPrivateCoreLibSystemSRget_InvalidOperation_EnumNotStarted', ID = '7540'
Method 'SystemVoidSystemCollectionsGenericEqualityComparer1CosmosSystemKeyMappingcctor', ID = '7541'
Method 'SystemBooleanCosmosSystemFileSystemFATFatFileSystemFactoryIsTypeCosmosHALBlockDevicePartition', ID = '7543'
Method 'CosmosSystemFileSystemFileSystemCosmosSystemFileSystemFATFatFileSystemFactoryCreateCosmosHALBlockDevicePartitionSystemStringSystemInt64', ID = '7544'
Method 'SystemVoidSystemCollectionsGenericList1CosmosSystemFileSystemFileSystemFactoryGrowSystemInt32', ID = '7545'
Method 'SystemBooleanCosmosSystemFileSystemISO9660ISO9660FileSystemFactoryIsTypeCosmosHALBlockDevicePartition', ID = '7546'
Method 'CosmosSystemFileSystemFileSystemCosmosSystemFileSystemISO9660ISO9660FileSystemFactoryCreateCosmosHALBlockDevicePartitionSystemStringSystemInt64', ID = '7547'
Method 'SystemVoidCosmosIL2CPUSZArrayImpl1GetEnumeratord__0CosmosSystemFileSystemFileSystemFactorySystemIDisposableDispose', ID = '7552'
Method 'SystemBooleanCosmosIL2CPUSZArrayImpl1GetEnumeratord__0CosmosSystemFileSystemFileSystemFactoryMoveNext', ID = '7553'
Method 'SystemStringSystemIOFileLoadExceptionget_Message', ID = '7555'
Method 'SystemRuntimeIntrinsicsVector1281SystemUInt64InternalRuntimeCompilerServicesUnsafeAsSystemRuntimeIntrinsicsVector1281SystemUInt16SystemRuntimeIntrinsicsVector1281System009107EA1D98A4AAABE54AE3EC041BFB', ID = '7557'
Method 'SystemBooleanSystemCharEqualsSystemChar', ID = '7558'
Method 'SystemBooleanCosmosCore_PlugsSystemRuntimeCompilerServicesRuntimeHelpersImplIsReferenceOrContainsReferencesSystemString', ID = '7559'
Method 'SystemVoidCosmosCore_PlugsSystemBuffersArrayPoolImpl1SystemInt32cctor', ID = '7560'
Method 'SystemCollectionsGenericIEnumerator1SystemThreadingTasksTask1SystemInt32SystemSZArrayHelperGetEnumeratorSystemThreadingTasksTask1SystemInt32', ID = '7561'
Method 'SystemVoidSystemSZArrayHelperCopyToSystemThreadingTasksTask1SystemInt32SystemThreadingTasksTask1SystemInt32arraySystemInt32', ID = '7562'
Method 'SystemInt32SystemSZArrayHelperget_CountSystemThreadingTasksTask1SystemInt32', ID = '7563'
Method 'SystemThreadingTasksTask1SystemInt32SystemSZArrayHelperget_ItemSystemThreadingTasksTask1SystemInt32SystemInt32', ID = '7564'
Method 'SystemVoidSystemSZArrayHelperset_ItemSystemThreadingTasksTask1SystemInt32SystemInt32SystemThreadingTasksTask1SystemInt32', ID = '7565'
Method 'SystemVoidSystemSZArrayHelperAddSystemThreadingTasksTask1SystemInt32SystemThreadingTasksTask1SystemInt32', ID = '7566'
Method 'SystemBooleanSystemSZArrayHelperContainsSystemThreadingTasksTask1SystemInt32SystemThreadingTasksTask1SystemInt32', ID = '7567'
Method 'SystemBooleanSystemSZArrayHelperget_IsReadOnlySystemThreadingTasksTask1SystemInt32', ID = '7568'
Method 'SystemVoidSystemSZArrayHelperClearSystemThreadingTasksTask1SystemInt32', ID = '7569'
Method 'SystemInt32SystemSZArrayHelperIndexOfSystemThreadingTasksTask1SystemInt32SystemThreadingTasksTask1SystemInt32', ID = '7570'
Method 'SystemVoidSystemSZArrayHelperInsertSystemThreadingTasksTask1SystemInt32SystemInt32SystemThreadingTasksTask1SystemInt32', ID = '7571'
Method 'SystemBooleanSystemSZArrayHelperRemoveSystemThreadingTasksTask1SystemInt32SystemThreadingTasksTask1SystemInt32', ID = '7572'
Method 'SystemVoidSystemSZArrayHelperRemoveAtSystemThreadingTasksTask1SystemInt32SystemInt32', ID = '7573'
Method 'SystemVoidSystemThreadingTasksTask1SystemInt32cctor', ID = '7580'
Method 'SystemVoidSystemThreadingTasksTask1SystemInt32ctorSystemBooleanSystemInt32SystemThreadingTasksTaskCreationOptionsSystemThreadingCancellationToken', ID = '7581'
Method 'SystemVoidSystemCollectionsGenericEqualityComparer1SystemThreadingIAsyncLocalcctor', ID = '7582'
Method 'SystemVoidCosmosIL2CPUSZArrayImpl1GetEnumeratord__0SystemRuntimeExceptionServicesExceptionDispatchInfoSystemIDisposableDispose', ID = '7588'
Method 'SystemBooleanCosmosIL2CPUSZArrayImpl1GetEnumeratord__0SystemRuntimeExceptionServicesExceptionDispatchInfoMoveNext', ID = '7589'
Method 'SystemVoidSystemThreadingTimerQueueTimercompilergeneratedcctor', ID = '7590'
Method 'SystemBooleanSystemEnvironmentget_IsWindows8OrAbove', ID = '7591'
Method 'SystemDateTimeCosmosSystem_PlugsSystemDateTimeImplget_UtcNow', ID = '7595'
Method 'SystemVoidSystemThreadingTimerQueuectorSystemInt32', ID = '7599'
Method 'SystemInt32CosmosCore_PlugsSystemThreadingInterlockedImplExchangeSystemInt32SystemInt32', ID = '7600'
Method 'SystemThreadingVolatileVolatileInt32InternalRuntimeCompilerServicesUnsafeAsSystemInt32SystemThreadingVolatileVolatileInt32SystemInt32', ID = '7602'
Method 'SystemVoidSystemThreadingSpinWaitcctor', ID = '7604'
Method 'SystemVoidCosmosSystem_PlugsSystemThreadingSpinWaitImplSpinOnce', ID = '7605'
Method 'SystemThreadingVolatileVolatileIntPtrInternalRuntimeCompilerServicesUnsafeAsSystemInt64SystemThreadingVolatileVolatileIntPtrSystemInt64', ID = '7606'
Method 'SystemInt64SystemIntPtrop_ExplicitSystemIntPtr', ID = '7608'
Method 'SystemVoidSystemCollectionsGenericEqualityComparer1SystemThreadingTasksTaskcctor', ID = '7609'
Method 'SystemVoidSystemTextEncoderExceptionFallbackctor', ID = '7611'
Method 'SystemVoidSystemTextEncoderExceptionFallbackBufferctor', ID = '7612'
Method 'SystemVoidSystemTextDecoderExceptionFallbackctor', ID = '7613'
Method 'SystemVoidInternalRuntimeCompilerServicesUnsafeSkipInitSystemNumericsVector1SystemInt32SystemNumericsVector1SystemInt32', ID = '7614'
Method 'SystemVoidSystemNumericsVector1SystemInt32SetElementSystemIntPtrSystemInt32', ID = '7615'
Method 'SystemRuntimeIntrinsicsVector1281SystemSingleSystemRuntimeIntrinsicsVector128AsSingleSystemUInt64SystemRuntimeIntrinsicsVector1281SystemUInt64', ID = '7616'
Method 'SystemRuntimeIntrinsicsVector1281SystemDoubleSystemRuntimeIntrinsicsVector128AsDoubleSystemUInt64SystemRuntimeIntrinsicsVector1281SystemUInt64', ID = '7617'
Method 'SystemBooleanSystemRuntimeIntrinsicsVector1281SystemUInt64Equalsg__SoftwareFallbacksLine12_0SystemRuntimeIntrinsicsVector1281SystemUInt64SystemRuntimeIntrinsicsVector1281SystemUInt64', ID = '7618'
Method 'SystemInt32InternalRuntimeCompilerServicesUnsafeSizeOfSystemInt16', ID = '7619'
Method 'SystemInt16InternalRuntimeCompilerServicesUnsafeAsSystemRuntimeIntrinsicsVector1281SystemInt16SystemInt16SystemRuntimeIntrinsicsVector1281SystemInt16', ID = '7620'
Method 'SystemInt16InternalRuntimeCompilerServicesUnsafeAddSystemInt16SystemInt16SystemInt32', ID = '7621'
Method 'SystemRuntimeIntrinsicsVector1281SystemSingleSystemRuntimeIntrinsicsVector128AsSingleSystemInt16SystemRuntimeIntrinsicsVector1281SystemInt16', ID = '7622'
Method 'SystemRuntimeIntrinsicsVector1281SystemDoubleSystemRuntimeIntrinsicsVector128AsDoubleSystemInt16SystemRuntimeIntrinsicsVector1281SystemInt16', ID = '7623'
Method 'SystemBooleanSystemRuntimeIntrinsicsVector1281SystemInt16Equalsg__SoftwareFallbacksLine12_0SystemRuntimeIntrinsicsVector1281SystemInt16SystemRuntimeIntrinsicsVector1281SystemInt16', ID = '7624'
Method 'SystemBooleanSystemNumericsVector1SystemUIntPtrop_EqualitySystemNumericsVector1SystemUIntPtrSystemNumericsVector1SystemUIntPtr', ID = '7625'
Method 'SystemInt32SystemTextEncoderReplacementFallbackBufferget_Remaining', ID = '7626'
Method 'SystemBooleanSystemTextEncoderReplacementFallbackBufferFallbackSystemCharSystemInt32', ID = '7627'
Method 'SystemBooleanSystemTextEncoderReplacementFallbackBufferFallbackSystemCharSystemCharSystemInt32', ID = '7628'
Method 'SystemBooleanSystemTextEncoderReplacementFallbackBufferMovePrevious', ID = '7629'
Method 'SystemVoidSystemTextEncoderReplacementFallbackBufferReset', ID = '7630'
Method 'SystemInt32SystemTextUnicodeUtilityGetUtf8SequenceLengthSystemUInt32', ID = '7631'
Method 'SystemNumericsVector1SystemInt32InternalRuntimeCompilerServicesUnsafeAsRefSystemNumericsVector1SystemInt32SystemNumericsVector1SystemInt32', ID = '7632'
Method 'SystemInt32InternalRuntimeCompilerServicesUnsafeAsSystemNumericsVector1SystemInt32SystemInt32SystemNumericsVector1SystemInt32', ID = '7633'
Method 'SystemInt32InternalRuntimeCompilerServicesUnsafeSizeOfSystemNumericsVector1SystemInt32', ID = '7634'
Method 'SystemUInt32InternalRuntimeCompilerServicesUnsafeAsSystemRuntimeIntrinsicsVector1281SystemUInt32SystemUInt32SystemRuntimeIntrinsicsVector1281SystemUInt32', ID = '7635'
Method 'SystemUInt32InternalRuntimeCompilerServicesUnsafeAddSystemUInt32SystemUInt32SystemInt32', ID = '7636'
Method 'SystemRuntimeIntrinsicsVector1281SystemSingleSystemRuntimeIntrinsicsVector128AsSingleSystemUInt32SystemRuntimeIntrinsicsVector1281SystemUInt32', ID = '7637'
Method 'SystemRuntimeIntrinsicsVector1281SystemDoubleSystemRuntimeIntrinsicsVector128AsDoubleSystemUInt32SystemRuntimeIntrinsicsVector1281SystemUInt32', ID = '7638'
Method 'SystemRuntimeIntrinsicsVector1281SystemByteSystemRuntimeIntrinsicsVector128AsByteSystemUInt32SystemRuntimeIntrinsicsVector1281SystemUInt32', ID = '7639'
Method 'SystemBooleanSystemRuntimeIntrinsicsVector1281SystemUInt32Equalsg__SoftwareFallbacksLine12_0SystemRuntimeIntrinsicsVector1281SystemUInt32SystemRuntimeIntrinsicsVector1281SystemUInt32', ID = '7640'
Method 'SystemObjectCosmosSystem_PlugsSystemGlobalizationEncodingTableImplGetCodePageDataItemSystemInt32', ID = '7642'
Method 'SystemVoidSystemExceptionctor', ID = '7643'
Method 'SystemVoidSystemGlobalizationGlobalizationModecctor', ID = '7645'
Method 'SystemBooleanSystemGlobalizationCompareInfoCanUseAsciiOrdinalForOptionsSystemGlobalizationCompareOptions', ID = '7648'
Method 'SystemBooleanSystemGlobalizationCompareInfoStartsWithOrdinalIgnoreCaseHelperSystemReadOnlySpan1SystemCharSystemReadOnlySpan1SystemCharSystemGlobalizationCompareOptionsSystemInt32pointer', ID = '7649'
Method 'SystemBooleanSystemGlobalizationCompareInfoStartsWithOrdinalHelperSystemReadOnlySpan1SystemCharSystemReadOnlySpan1SystemCharSystemGlobalizationCompareOptionsSystemInt32pointer', ID = '7650'
Method 'SystemInt32SystemGlobalizationCompareInfoGetNativeCompareFlagsSystemGlobalizationCompareOptions', ID = '7652'
Method 'SystemInt32SystemGlobalizationCompareInfoFindStringSystemUInt32SystemReadOnlySpan1SystemCharSystemReadOnlySpan1SystemCharSystemInt32pointer', ID = '7653'
Method 'SystemUIntPtrInternalRuntimeCompilerServicesUnsafeReadUnalignedSystemUIntPtrSystemByte', ID = '7654'
Method 'SystemVoidCosmosIL2CPUSZArrayImpl1GetEnumeratord__0SystemCollectionsGenericDictionary2EntrySystemStringSystemReflectionAssemblySystemIDisposableDispose', ID = '7659'
Method 'SystemBooleanCosmosIL2CPUSZArrayImpl1GetEnumeratord__0SystemCollectionsGenericDictionary2EntrySystemStringSystemReflectionAssemblyMoveNext', ID = '7660'
Method 'SystemReflectionAssemblyarrayInternalRuntimeCompilerServicesUnsafeAsSystemReflectionAssemblyarraySystemObject', ID = '7662'
Method 'SystemVoidSystemSZGenericArrayEnumerator1SystemReflectionAssemblyctorSystemReflectionAssemblyarray', ID = '7663'
Method 'SystemInt32SystemArrayIndexOfSystemReflectionAssemblySystemReflectionAssemblyarraySystemReflectionAssemblySystemInt32SystemInt32', ID = '7666'
Method 'SystemCollectionsGenericIEnumerator1SystemReflectionAssemblyCosmosIL2CPUSZArrayImpl1SystemReflectionAssemblyGetEnumerator', ID = '7667'
Method 'SystemVoidCosmosIL2CPUSZArrayImpl1SystemReflectionAssemblyCopyToSystemReflectionAssemblyarraySystemInt32', ID = '7668'
Method 'SystemInt32CosmosIL2CPUSZArrayImpl1SystemReflectionAssemblyget_Count', ID = '7669'
Method 'SystemReflectionAssemblyCosmosIL2CPUSZArrayImpl1SystemReflectionAssemblyget_ItemSystemInt32', ID = '7670'
Method 'SystemVoidCosmosIL2CPUSZArrayImpl1SystemReflectionAssemblyset_ItemSystemInt32SystemReflectionAssembly', ID = '7671'
Method 'SystemVoidCosmosIL2CPUSZArrayImpl1SystemReflectionAssemblyAddSystemReflectionAssembly', ID = '7672'
Method 'SystemBooleanCosmosIL2CPUSZArrayImpl1SystemReflectionAssemblyContainsSystemReflectionAssembly', ID = '7673'
Method 'SystemBooleanCosmosIL2CPUSZArrayImpl1SystemReflectionAssemblyget_IsReadOnly', ID = '7674'
Method 'SystemVoidCosmosIL2CPUSZArrayImpl1SystemReflectionAssemblyClear', ID = '7675'
Method 'SystemInt32CosmosIL2CPUSZArrayImpl1SystemReflectionAssemblyIndexOfSystemReflectionAssembly', ID = '7676'
Method 'SystemVoidCosmosIL2CPUSZArrayImpl1SystemReflectionAssemblyInsertSystemInt32SystemReflectionAssembly', ID = '7677'
Method 'SystemVoidCosmosIL2CPUSZArrayImpl1SystemReflectionAssemblyRemoveAtSystemInt32', ID = '7678'
Method 'SystemBooleanCosmosIL2CPUSZArrayImpl1SystemReflectionAssemblyget_IsFixedSize', ID = '7679'
Method 'SystemVoidCosmosIL2CPUSZArrayImpl1SystemReflectionAssemblyRemoveSystemReflectionAssembly', ID = '7680'
Method 'SystemObjectCosmosIL2CPUSZArrayImpl1SystemReflectionAssemblyget_SyncRoot', ID = '7681'
Method 'SystemBooleanCosmosIL2CPUSZArrayImpl1SystemReflectionAssemblyget_IsSynchronized', ID = '7682'
Method 'SystemVoidSystemSZGenericArrayEnumerator1SystemCollectionsGenericKeyValuePair2SystemStringSystemReflectionAssemblycctor', ID = '7683'
Method 'SystemVoidSystemSZGenericArrayEnumerator1SystemCollectionsGenericKeyValuePair2SystemStringSystemReflectionAssemblyDispose', ID = '7684'
Method 'SystemBooleanSystemSZGenericArrayEnumerator1SystemCollectionsGenericKeyValuePair2SystemStringSystemReflectionAssemblyMoveNext', ID = '7685'
Method 'SystemStringSystemCollectionsGenericKeyValuePair2SystemStringSystemReflectionAssemblyToString', ID = '7686'
Method 'SystemBooleanSystemRuntimeCompilerServicesRuntimeHelpersIsBitwiseEquatableSystemCollectionsGenericKeyValuePair2SystemStringSystemReflectionAssembly', ID = '7687'
Method 'SystemInt32InternalRuntimeCompilerServicesUnsafeSizeOfSystemCollectionsGenericKeyValuePair2SystemStringSystemReflectionAssembly', ID = '7688'
Method 'SystemByteInternalRuntimeCompilerServicesUnsafeAsSystemCollectionsGenericKeyValuePair2SystemStringSystemReflectionAssemblySystemByteSystemCollectionsGenericKeyValuePair57E15675003EB7202488C063D17D15FF', ID = '7689'
Method 'SystemCharInternalRuntimeCompilerServicesUnsafeAsSystemCollectionsGenericKeyValuePair2SystemStringSystemReflectionAssemblySystemCharSystemCollectionsGenericKeyValuePairBB92EB164036EDBA5B30E8EDF3D39B5C', ID = '7690'
Method 'SystemInt32InternalRuntimeCompilerServicesUnsafeAsSystemCollectionsGenericKeyValuePair2SystemStringSystemReflectionAssemblySystemInt32SystemCollectionsGenericKeyValuePa26DF010F961DAAAD75D0D9ACDF77519E', ID = '7691'
Method 'SystemInt64InternalRuntimeCompilerServicesUnsafeAsSystemCollectionsGenericKeyValuePair2SystemStringSystemReflectionAssemblySystemInt64SystemCollectionsGenericKeyValuePa9D04F99140DF02C876B4032ADACFE2F5', ID = '7692'
Method 'SystemCollectionsGenericEqualityComparer1SystemCollectionsGenericKeyValuePair2SystemStringSystemReflectionAssemblySystemCollectionsGenericEqualityComparer1SystemCollectBA607C9417DD369DE74048DE990AEE6C', ID = '7693'
Method 'SystemInt32SystemCollectionsGenericEqualityComparer1SystemCollectionsGenericKeyValuePair2SystemStringSystemReflectionAssemblyIndexOfSystemCollectionsGenericKeyValuePairB49C0237FEC17DBFB77EE8A82AEBAD81', ID = '7694'
Method 'SystemVoidCosmosIL2CPUSZArrayImpl1GetEnumeratord__0SystemCollectionsGenericKeyValuePair2SystemStringSystemReflectionAssemblyctorSystemInt32', ID = '7695'
Method 'SystemGlobalizationCalendarDataSystemGlobalizationCalendarDataCreateInvariant', ID = '7697'
Method 'SystemVoidCosmosIL2CPUSZArrayImpl1GetEnumeratord__0SystemGlobalizationCalendarIdSystemIDisposableDispose', ID = '7703'
Method 'SystemBooleanCosmosIL2CPUSZArrayImpl1GetEnumeratord__0SystemGlobalizationCalendarIdMoveNext', ID = '7704'
Method 'SystemVoidCosmosIL2CPUSZArrayImpl1GetEnumeratord__0SystemGlobalizationDateTimeFormatInfoTokenHashValueSystemIDisposableDispose', ID = '7709'
Method 'SystemBooleanCosmosIL2CPUSZArrayImpl1GetEnumeratord__0SystemGlobalizationDateTimeFormatInfoTokenHashValueMoveNext', ID = '7710'
Method 'SystemVoidCosmosIL2CPUSZArrayImpl1GetEnumeratord__0SystemGlobalizationCalendarDataSystemIDisposableDispose', ID = '7715'
Method 'SystemBooleanCosmosIL2CPUSZArrayImpl1GetEnumeratord__0SystemGlobalizationCalendarDataMoveNext', ID = '7716'
Method 'SystemVoidSystemGlobalizationGregorianCalendarctor', ID = '7718'
Method 'SystemInt32CosmosSystem_PlugsSystemGlobalizationCultureDataImplget_FirstDayOfWeek', ID = '7719'
Method 'SystemInt32CosmosSystem_PlugsSystemGlobalizationCultureDataImplget_CalendarWeekRule', ID = '7720'
Method 'SystemStringCosmosSystem_PlugsSystemGlobalizationCultureDataImplget_AMDesignator', ID = '7721'
Method 'SystemStringCosmosSystem_PlugsSystemGlobalizationCultureDataImplget_PMDesignator', ID = '7722'
Method 'SystemStringCosmosSystem_PlugsSystemGlobalizationCultureDataImplget_TimeSeparator', ID = '7723'
Method 'SystemBooleanSystemLocalAppContextSwitchesget_EnforceLegacyJapaneseDateParsing', ID = '7724'
Method 'SystemStringSystemGlobalizationCultureDataGetDateSeparatorSystemString', ID = '7725'
Method 'SystemStringarrayCosmosSystem_PlugsSystemGlobalizationCultureDataImplget_LongTimes', ID = '7726'
Method 'SystemStringarrayCosmosSystem_PlugsSystemGlobalizationCultureDataImplget_ShortTimes', ID = '7727'
Method 'SystemStringarrayCosmosSystem_PlugsSystemGlobalizationCultureDataImplLongDatesSystemUInt16', ID = '7728'
Method 'SystemStringarrayCosmosSystem_PlugsSystemGlobalizationCultureDataImplShortDatesSystemUInt16', ID = '7729'
Method 'SystemStringarrayCosmosSystem_PlugsSystemGlobalizationCultureDataImplYearMonthsSystemUInt16', ID = '7730'
Method 'SystemRuntimeIntrinsicsVector1281SystemSingleInternalRuntimeCompilerServicesUnsafeAsSystemRuntimeIntrinsicsVector1281SystemSingleSystemRuntimeIntrinsicsVector1281SystemAD1B7F5A136BE4F46684C45B301BEFC8', ID = '7731'
Method 'SystemRuntimeIntrinsicsVector1281SystemDoubleInternalRuntimeCompilerServicesUnsafeAsSystemRuntimeIntrinsicsVector1281SystemSingleSystemRuntimeIntrinsicsVector1281System79DC16961C88E4F62F59D6EA3C41B55C', ID = '7732'
Method 'SystemRuntimeIntrinsicsVector1281SystemByteInternalRuntimeCompilerServicesUnsafeAsSystemRuntimeIntrinsicsVector1281SystemSingleSystemRuntimeIntrinsicsVector1281SystemBy79FB838D98F7602B55D6BFCA038A066C', ID = '7733'
Method 'SystemBooleanSystemSingleEqualsSystemSingle', ID = '7734'
Method 'SystemRuntimeIntrinsicsVector2561SystemSingleInternalRuntimeCompilerServicesUnsafeAsSystemRuntimeIntrinsicsVector2561SystemSingleSystemRuntimeIntrinsicsVector2561System0D1DD4D9A2C2480F6A63BDFDD49AABC2', ID = '7735'
Method 'SystemRuntimeIntrinsicsVector2561SystemDoubleInternalRuntimeCompilerServicesUnsafeAsSystemRuntimeIntrinsicsVector2561SystemSingleSystemRuntimeIntrinsicsVector2561System5F7F4E6AEB32EC638E331162711F58FA', ID = '7736'
Method 'SystemRuntimeIntrinsicsVector2561SystemSingleInternalRuntimeCompilerServicesUnsafeAsSystemRuntimeIntrinsicsVector2561SystemDoubleSystemRuntimeIntrinsicsVector2561SystemE7D7BEDFC6D773D3AED43DB5E5945237', ID = '7737'
Method 'SystemRuntimeIntrinsicsVector2561SystemDoubleInternalRuntimeCompilerServicesUnsafeAsSystemRuntimeIntrinsicsVector2561SystemDoubleSystemRuntimeIntrinsicsVector2561SystemDB6D1DBBF2289BED5D9D123471070615', ID = '7738'
Method 'SystemRuntimeIntrinsicsVector2561SystemByteInternalRuntimeCompilerServicesUnsafeAsSystemRuntimeIntrinsicsVector2561SystemDoubleSystemRuntimeIntrinsicsVector2561SystemBy7FD7E3B5219C59EB5815447E916B4F61', ID = '7739'
Method 'SystemRuntimeIntrinsicsVector1281SystemDoubleInternalRuntimeCompilerServicesUnsafeAsSystemRuntimeIntrinsicsVector1281SystemInt32SystemRuntimeIntrinsicsVector1281SystemD91F5E27AE3D20BB6BC2310D7F07310B6', ID = '7740'
Method 'SystemRuntimeIntrinsicsVector1281SystemByteInternalRuntimeCompilerServicesUnsafeAsSystemRuntimeIntrinsicsVector1281SystemInt32SystemRuntimeIntrinsicsVector1281SystemByt96310126A2F50F743F00399A392E41DB', ID = '7741'
Method 'SystemVoidSystemRandomThreadSafeRandomNextBytesSystemBytearray', ID = '7742'
Method 'SystemStringSystemPrivateCoreLibSystemSRget_Overflow_NegateTwosCompNum', ID = '7745'
Method 'SystemVoidSystemCollectionsGenericEqualityComparer1SystemBooleancctor', ID = '7746'
Method 'SystemBooleanCosmosCore_PlugsSystemRuntimeTypeHandleImplIsInterfaceSystemObject', ID = '7748'
Method 'SystemReflectionTypeAttributesCosmosCoreCosmosRuntimeTypeGetAttributeFlagsImpl', ID = '7750'
Method 'SystemReflectionTypeAttributesSystemRuntimeTypeGetAttributeFlagsImpl', ID = '7751'
Method 'SystemTypearraySystemRuntimeTypeHandleGetConstraints', ID = '7752'
Method 'SystemReflectionMetadataImportSystemRuntimeTypeHandleGetMetadataImportSystemRuntimeType', ID = '7753'
Method 'SystemInt32SystemReflectionMemberInfoget_MetadataToken', ID = '7754'
Method 'SystemVoidSystemReflectionMetadataImportGetGenericParamPropsSystemInt32SystemReflectionGenericParameterAttributes', ID = '7755'
Method 'SystemIntPtrInternalRuntimeCompilerServicesUnsafeByteOffsetSystemCharSystemCharSystemChar', ID = '7756'
Method 'SystemInt32InternalRuntimeCompilerServicesUnsafeSizeOfSystemIntPtr', ID = '7757'
Method 'SystemVoidSystemGlobalizationSurrogateCasingToUpperSystemCharSystemCharSystemCharSystemChar', ID = '7758'
Method 'SystemCharSystemGlobalizationInvariantModeCasingToUpperSystemChar', ID = '7759'
Method 'SystemVoidSystemGlobalizationTextInfoChangeCaseCommonSystemGlobalizationTextInfoToUpperConversionSystemCharSystemCharSystemInt32', ID = '7760'
Method 'SystemVoidSystemValueTuple2SystemUInt32SystemInt32ctorSystemUInt32SystemInt32', ID = '7762'
Method 'SystemStringSystemValueTuple2SystemUInt32SystemInt32ToString', ID = '7763'
Method 'SystemBooleanSystemValueTuple2SystemUInt32SystemInt32EqualsSystemObject', ID = '7764'
Method 'SystemInt32SystemValueTuple2SystemUInt32SystemInt32GetHashCode', ID = '7765'
Method 'SystemBooleanSystemTextUnicodeUtilityIsValidCodePointSystemUInt32', ID = '7768'
Method 'SystemReadOnlySpan1SystemByteSystemGlobalizationCharUnicodeInfoget_UppercaseValues', ID = '7769'
Method 'SystemInt16InternalRuntimeCompilerServicesUnsafeAsSystemByteSystemInt16SystemByte', ID = '7770'
Method 'SystemInt16InternalRuntimeCompilerServicesUnsafeAddSystemInt16SystemInt16SystemIntPtr', ID = '7771'
Method 'SystemInt32CosmosCore_PlugsInteropKernel32ImplCompareStringOrdinalSystemCharpointerSystemInt32SystemCharpointerSystemInt32SystemBoolean', ID = '7773'
Method 'SystemVoidSystemGlobalizationOrdinalCasingcctor', ID = '7774'
Method 'SystemUInt16arraySystemGlobalizationOrdinalCasingInitOrdinalCasingPageSystemInt32', ID = '7777'
Method 'SystemVoidSystemCollectionsGenericEqualityComparer1SystemCollectionsGenericKeyValuePair2SystemStringSystemObjectcctor', ID = '7778'
Method 'SystemUIntPtrSystemTextASCIIUtilityWidenAsciiToUtf16_IntrinsifiedSystemBytepointerSystemCharpointerSystemUIntPtr', ID = '7780'
Method 'SystemNumericsVector1SystemSByteInternalRuntimeCompilerServicesUnsafeReadUnalignedSystemNumericsVector1SystemSByteSystemVoidpointer', ID = '7781'
Method 'SystemNumericsVector1SystemSByteSystemNumericsVector1SystemSByteget_Zero', ID = '7782'
Method 'SystemBooleanSystemNumericsVectorLessThanAnySystemSByteSystemNumericsVector1SystemSByteSystemNumericsVector1SystemSByte', ID = '7783'
Method 'SystemNumericsVector1SystemByteSystemNumericsVectorAsVectorByteSystemSByteSystemNumericsVector1SystemSByte', ID = '7784'
Method 'SystemVoidSystemNumericsVectorWidenSystemNumericsVector1SystemByteSystemNumericsVector1SystemUInt16SystemNumericsVector1SystemUInt16', ID = '7785'
Method 'SystemVoidInternalRuntimeCompilerServicesUnsafeWriteUnalignedSystemNumericsVector1SystemUInt16SystemVoidpointerSystemNumericsVector1SystemUInt16', ID = '7786'
Method 'SystemBooleanSystemTextASCIIUtilityAllBytesInUInt32AreAsciiSystemUInt32', ID = '7787'
Method 'SystemVoidSystemTextASCIIUtilityWidenFourAsciiBytesToUtf16AndWriteToBufferSystemCharSystemUInt32', ID = '7788'
Method 'SystemUInt16InternalRuntimeCompilerServicesUnsafeReadUnalignedSystemUInt16SystemVoidpointer', ID = '7789'
Method 'SystemIntPtrInternalRuntimeCompilerServicesUnsafeByteOffsetSystemByteSystemByteSystemByte', ID = '7790'
Method 'SystemBooleanSystemTextUnicodeUtf8UtilityUInt32FirstByteIsAsciiSystemUInt32', ID = '7791'
Method 'SystemUInt32SystemTextUnicodeUtf8UtilityToLittleEndianSystemUInt32', ID = '7792'
Method 'SystemBooleanSystemTextUnicodeUtf8UtilityUInt32SecondByteIsAsciiSystemUInt32', ID = '7793'
Method 'SystemBooleanSystemTextUnicodeUtf8UtilityUInt32ThirdByteIsAsciiSystemUInt32', ID = '7794'
Method 'SystemBooleanSystemTextUnicodeUtf8UtilityUInt32BeginsWithUtf8TwoByteMaskSystemUInt32', ID = '7795'
Method 'SystemBooleanSystemTextUnicodeUtf8UtilityUInt32BeginsWithOverlongUtf8TwoByteSequenceSystemUInt32', ID = '7796'
Method 'SystemBooleanSystemTextUnicodeUtf8UtilityUInt32EndsWithValidUtf8TwoByteSequenceLittleEndianSystemUInt32', ID = '7797'
Method 'SystemUInt32SystemTextUnicodeUtf8UtilityExtractTwoCharsPackedFromTwoAdjacentTwoByteSequencesSystemUInt32', ID = '7798'
Method 'SystemBooleanSystemTextUnicodeUtf8UtilityUInt32BeginsWithValidUtf8TwoByteSequenceLittleEndianSystemUInt32', ID = '7799'
Method 'SystemUInt32SystemTextUnicodeUtf8UtilityExtractCharFromFirstTwoByteSequenceSystemUInt32', ID = '7800'
Method 'SystemBooleanSystemTextUnicodeUtf8UtilityUInt32FourthByteIsAsciiSystemUInt32', ID = '7801'
Method 'SystemBooleanSystemTextUnicodeUtf8UtilityUInt32BeginsWithUtf8ThreeByteMaskSystemUInt32', ID = '7802'
Method 'SystemUInt32SystemTextUnicodeUtf8UtilityExtractCharFromFirstThreeByteSequenceSystemUInt32', ID = '7803'
Method 'SystemBooleanSystemTextUnicodeUtf8UtilityUInt32BeginsWithUtf8FourByteMaskSystemUInt32', ID = '7804'
Method 'SystemUInt32SystemTextUnicodeUtf8UtilityExtractCharsFromFourByteSequenceSystemUInt32', ID = '7805'
Method 'SystemBooleanSystemTextUnicodeUtf8UtilityIsLowByteUtf8ContinuationByteSystemUInt32', ID = '7806'
Method 'SystemTextDecoderFallbackSystemTextDecoderget_Fallback', ID = '7809'
Method 'SystemStringSystemTextDecoderReplacementFallbackget_DefaultString', ID = '7811'
Method 'SystemBuffersOperationStatusSystemTextUnicodeUtf8ToUtf16SystemReadOnlySpan1SystemByteSystemSpan1SystemCharSystemInt32SystemInt32SystemBooleanSystemBoolean', ID = '7812'
Method 'SystemTextDecoderFallbackBufferSystemTextDecoderget_FallbackBuffer', ID = '7813'
Method 'SystemBuffersOperationStatusSystemTextASCIIEncodingDecodeFirstRuneSystemReadOnlySpan1SystemByteSystemTextRuneSystemInt32', ID = '7815'
Method 'SystemBuffersOperationStatusSystemTextUTF8EncodingDecodeFirstRuneSystemReadOnlySpan1SystemByteSystemTextRuneSystemInt32', ID = '7816'
Method 'SystemSpan1SystemByteSystemRuntimeInteropServicesMemoryMarshalAsBytesSystemInt32SystemSpan1SystemInt32', ID = '7817'
Method 'SystemVoidSystemReadOnlySpan1SystemByteCopyToSystemSpan1SystemByte', ID = '7818'
Method 'SystemReadOnlySpan1SystemByteSystemReadOnlySpan1SystemByteSliceSystemInt32SystemInt32', ID = '7819'
Method 'SystemBooleanSystemTextDecoderFallbackBufferTryDrainRemainingDataForGetCharsSystemSpan1SystemCharSystemInt32', ID = '7821'
Method 'SystemBooleanSystemTextDecoderget_InternalHasFallbackBuffer', ID = '7822'
Method 'SystemVoidSystemTextDecoderFallbackBufferInternalReset', ID = '7823'
Method 'SystemVoidSystemTextEncodingThrowCharsOverflow', ID = '7824'
Method 'SystemVoidSystemTextDecoderNLSClearMustFlush', ID = '7825'
Method 'SystemInt32SystemTextASCIIEncodingGetCharCountFastSystemBytepointerSystemInt32SystemTextDecoderFallbackSystemInt32', ID = '7826'
Method 'SystemInt32SystemTextUTF8EncodingGetCharCountFastSystemBytepointerSystemInt32SystemTextDecoderFallbackSystemInt32', ID = '7827'
Method 'SystemInt32SystemTextEncodingGetCharCountWithFallbackSystemReadOnlySpan1SystemByteSystemInt32SystemTextDecoderNLS', ID = '7828'
Method 'SystemInt32SystemGlobalizationIcuLocaleDataSearchCultureNameSystemString', ID = '7832'
Method 'SystemReadOnlySpan1SystemByteSystemGlobalizationIcuLocaleDataget_NameIndexToNumericData', ID = '7833'
Method 'SystemInt32SystemGlobalizationIcuLocaleDataGetLocaleDataNumericPartg__ResolveDigitListSeparatorsLine25_1SystemInt32', ID = '7834'
Method 'SystemInt32SystemGlobalizationIcuLocaleDataGetLocaleDataNumericPartg__ResolveIndexsLine25_0SystemInt32', ID = '7835'
Method 'SystemInt32CosmosSystem_PlugsSystemGlobalizationCultureDataImplGetLocaleInfoExIntSystemStringSystemUInt32', ID = '7836'
Method 'SystemVoidSystemSpan1SystemCharctorSystemChararraySystemInt32SystemInt32', ID = '7837'
Method 'SystemVoidSystemSpanHelpersClearWithoutReferencesSystemByteSystemUIntPtr', ID = '7840'
Method 'SystemRuntimeTypeHandleCosmosCore_PlugsSystemTypeImplCreateRuntimeTypeHandleSystemInt32', ID = '7842'
Method 'SystemUInt32CosmosCoreVTablesImplGetSizeSystemUInt32', ID = '7843'
Method 'SystemArrayCosmosCore_PlugsSystemGCImplCreateNewArraySystemInt32SystemInt32', ID = '7844'
Method 'SystemVoidpointerInternalRuntimeCompilerServicesUnsafeAsPointerSystemReflectionRuntimeAssemblySystemReflectionRuntimeAssembly', ID = '7847'
Method 'SystemIntPtrSystemReflectionRuntimeAssemblyGetUnderlyingNativeHandle', ID = '7848'
Method 'SystemVoidCosmosCore_PlugsSystemReflectionRuntimeAssemblyImplGetFullNameSystemObjectSystemObject', ID = '7849'
Method 'SystemObjectInternalRuntimeCompilerServicesUnsafeAsSystemStringSystemObjectSystemString', ID = '7850'
Method 'SystemStringInternalRuntimeCompilerServicesUnsafeAsSystemStringSystemObject', ID = '7851'
Method 'SystemReflectionRuntimeMethodInfoarrayInternalRuntimeCompilerServicesUnsafeAsSystemReflectionRuntimeMethodInfoarraySystemObject', ID = '7854'
Method 'SystemVoidSystemSZGenericArrayEnumerator1SystemReflectionRuntimeMethodInfoctorSystemReflectionRuntimeMethodInfoarray', ID = '7855'
Method 'SystemInt32SystemArrayIndexOfSystemReflectionRuntimeMethodInfoSystemReflectionRuntimeMethodInfoarraySystemReflectionRuntimeMethodInfoSystemInt32SystemInt32', ID = '7859'
Method 'SystemCollectionsGenericIEnumerator1SystemReflectionRuntimeMethodInfoCosmosIL2CPUSZArrayImpl1SystemReflectionRuntimeMethodInfoGetEnumerator', ID = '7860'
Method 'SystemVoidCosmosIL2CPUSZArrayImpl1SystemReflectionRuntimeMethodInfoCopyToSystemReflectionRuntimeMethodInfoarraySystemInt32', ID = '7861'
Method 'SystemInt32CosmosIL2CPUSZArrayImpl1SystemReflectionRuntimeMethodInfoget_Count', ID = '7862'
Method 'SystemReflectionRuntimeMethodInfoCosmosIL2CPUSZArrayImpl1SystemReflectionRuntimeMethodInfoget_ItemSystemInt32', ID = '7863'
Method 'SystemVoidCosmosIL2CPUSZArrayImpl1SystemReflectionRuntimeMethodInfoset_ItemSystemInt32SystemReflectionRuntimeMethodInfo', ID = '7864'
Method 'SystemVoidCosmosIL2CPUSZArrayImpl1SystemReflectionRuntimeMethodInfoAddSystemReflectionRuntimeMethodInfo', ID = '7865'
Method 'SystemBooleanCosmosIL2CPUSZArrayImpl1SystemReflectionRuntimeMethodInfoContainsSystemReflectionRuntimeMethodInfo', ID = '7866'
Method 'SystemBooleanCosmosIL2CPUSZArrayImpl1SystemReflectionRuntimeMethodInfoget_IsReadOnly', ID = '7867'
Method 'SystemVoidCosmosIL2CPUSZArrayImpl1SystemReflectionRuntimeMethodInfoClear', ID = '7868'
Method 'SystemInt32CosmosIL2CPUSZArrayImpl1SystemReflectionRuntimeMethodInfoIndexOfSystemReflectionRuntimeMethodInfo', ID = '7869'
Method 'SystemVoidCosmosIL2CPUSZArrayImpl1SystemReflectionRuntimeMethodInfoInsertSystemInt32SystemReflectionRuntimeMethodInfo', ID = '7870'
Method 'SystemVoidCosmosIL2CPUSZArrayImpl1SystemReflectionRuntimeMethodInfoRemoveAtSystemInt32', ID = '7871'
Method 'SystemBooleanCosmosIL2CPUSZArrayImpl1SystemReflectionRuntimeMethodInfoget_IsFixedSize', ID = '7872'
Method 'SystemVoidCosmosIL2CPUSZArrayImpl1SystemReflectionRuntimeMethodInfoRemoveSystemReflectionRuntimeMethodInfo', ID = '7873'
Method 'SystemObjectCosmosIL2CPUSZArrayImpl1SystemReflectionRuntimeMethodInfoget_SyncRoot', ID = '7874'
Method 'SystemBooleanCosmosIL2CPUSZArrayImpl1SystemReflectionRuntimeMethodInfoget_IsSynchronized', ID = '7875'
Method 'SystemReflectionRuntimeConstructorInfoarrayInternalRuntimeCompilerServicesUnsafeAsSystemReflectionRuntimeConstructorInfoarraySystemObject', ID = '7878'
Method 'SystemVoidSystemSZGenericArrayEnumerator1SystemReflectionRuntimeConstructorInfoctorSystemReflectionRuntimeConstructorInfoarray', ID = '7879'
Method 'SystemInt32SystemArrayIndexOfSystemReflectionRuntimeConstructorInfoSystemReflectionRuntimeConstructorInfoarraySystemReflectionRuntimeConstructorInfoSystemInt32SystemInt32', ID = '7883'
Method 'SystemCollectionsGenericIEnumerator1SystemReflectionRuntimeConstructorInfoCosmosIL2CPUSZArrayImpl1SystemReflectionRuntimeConstructorInfoGetEnumerator', ID = '7884'
Method 'SystemVoidCosmosIL2CPUSZArrayImpl1SystemReflectionRuntimeConstructorInfoCopyToSystemReflectionRuntimeConstructorInfoarraySystemInt32', ID = '7885'
Method 'SystemInt32CosmosIL2CPUSZArrayImpl1SystemReflectionRuntimeConstructorInfoget_Count', ID = '7886'
Method 'SystemReflectionRuntimeConstructorInfoCosmosIL2CPUSZArrayImpl1SystemReflectionRuntimeConstructorInfoget_ItemSystemInt32', ID = '7887'
Method 'SystemVoidCosmosIL2CPUSZArrayImpl1SystemReflectionRuntimeConstructorInfoset_ItemSystemInt32SystemReflectionRuntimeConstructorInfo', ID = '7888'
Method 'SystemVoidCosmosIL2CPUSZArrayImpl1SystemReflectionRuntimeConstructorInfoAddSystemReflectionRuntimeConstructorInfo', ID = '7889'
Method 'SystemBooleanCosmosIL2CPUSZArrayImpl1SystemReflectionRuntimeConstructorInfoContainsSystemReflectionRuntimeConstructorInfo', ID = '7890'
Method 'SystemBooleanCosmosIL2CPUSZArrayImpl1SystemReflectionRuntimeConstructorInfoget_IsReadOnly', ID = '7891'
Method 'SystemVoidCosmosIL2CPUSZArrayImpl1SystemReflectionRuntimeConstructorInfoClear', ID = '7892'
Method 'SystemInt32CosmosIL2CPUSZArrayImpl1SystemReflectionRuntimeConstructorInfoIndexOfSystemReflectionRuntimeConstructorInfo', ID = '7893'
Method 'SystemVoidCosmosIL2CPUSZArrayImpl1SystemReflectionRuntimeConstructorInfoInsertSystemInt32SystemReflectionRuntimeConstructorInfo', ID = '7894'
Method 'SystemVoidCosmosIL2CPUSZArrayImpl1SystemReflectionRuntimeConstructorInfoRemoveAtSystemInt32', ID = '7895'
Method 'SystemBooleanCosmosIL2CPUSZArrayImpl1SystemReflectionRuntimeConstructorInfoget_IsFixedSize', ID = '7896'
Method 'SystemVoidCosmosIL2CPUSZArrayImpl1SystemReflectionRuntimeConstructorInfoRemoveSystemReflectionRuntimeConstructorInfo', ID = '7897'
Method 'SystemObjectCosmosIL2CPUSZArrayImpl1SystemReflectionRuntimeConstructorInfoget_SyncRoot', ID = '7898'
Method 'SystemBooleanCosmosIL2CPUSZArrayImpl1SystemReflectionRuntimeConstructorInfoget_IsSynchronized', ID = '7899'
Method 'SystemReflectionRuntimeFieldInfoarrayInternalRuntimeCompilerServicesUnsafeAsSystemReflectionRuntimeFieldInfoarraySystemObject', ID = '7902'
Method 'SystemVoidSystemSZGenericArrayEnumerator1SystemReflectionRuntimeFieldInfoctorSystemReflectionRuntimeFieldInfoarray', ID = '7903'
Method 'SystemInt32SystemArrayIndexOfSystemReflectionRuntimeFieldInfoSystemReflectionRuntimeFieldInfoarraySystemReflectionRuntimeFieldInfoSystemInt32SystemInt32', ID = '7907'
Method 'SystemCollectionsGenericIEnumerator1SystemReflectionRuntimeFieldInfoCosmosIL2CPUSZArrayImpl1SystemReflectionRuntimeFieldInfoGetEnumerator', ID = '7908'
Method 'SystemVoidCosmosIL2CPUSZArrayImpl1SystemReflectionRuntimeFieldInfoCopyToSystemReflectionRuntimeFieldInfoarraySystemInt32', ID = '7909'
Method 'SystemInt32CosmosIL2CPUSZArrayImpl1SystemReflectionRuntimeFieldInfoget_Count', ID = '7910'
Method 'SystemReflectionRuntimeFieldInfoCosmosIL2CPUSZArrayImpl1SystemReflectionRuntimeFieldInfoget_ItemSystemInt32', ID = '7911'
Method 'SystemVoidCosmosIL2CPUSZArrayImpl1SystemReflectionRuntimeFieldInfoset_ItemSystemInt32SystemReflectionRuntimeFieldInfo', ID = '7912'
Method 'SystemVoidCosmosIL2CPUSZArrayImpl1SystemReflectionRuntimeFieldInfoAddSystemReflectionRuntimeFieldInfo', ID = '7913'
Method 'SystemBooleanCosmosIL2CPUSZArrayImpl1SystemReflectionRuntimeFieldInfoContainsSystemReflectionRuntimeFieldInfo', ID = '7914'
Method 'SystemBooleanCosmosIL2CPUSZArrayImpl1SystemReflectionRuntimeFieldInfoget_IsReadOnly', ID = '7915'
Method 'SystemVoidCosmosIL2CPUSZArrayImpl1SystemReflectionRuntimeFieldInfoClear', ID = '7916'
Method 'SystemInt32CosmosIL2CPUSZArrayImpl1SystemReflectionRuntimeFieldInfoIndexOfSystemReflectionRuntimeFieldInfo', ID = '7917'
Method 'SystemVoidCosmosIL2CPUSZArrayImpl1SystemReflectionRuntimeFieldInfoInsertSystemInt32SystemReflectionRuntimeFieldInfo', ID = '7918'
Method 'SystemVoidCosmosIL2CPUSZArrayImpl1SystemReflectionRuntimeFieldInfoRemoveAtSystemInt32', ID = '7919'
Method 'SystemBooleanCosmosIL2CPUSZArrayImpl1SystemReflectionRuntimeFieldInfoget_IsFixedSize', ID = '7920'
Method 'SystemVoidCosmosIL2CPUSZArrayImpl1SystemReflectionRuntimeFieldInfoRemoveSystemReflectionRuntimeFieldInfo', ID = '7921'
Method 'SystemObjectCosmosIL2CPUSZArrayImpl1SystemReflectionRuntimeFieldInfoget_SyncRoot', ID = '7922'
Method 'SystemBooleanCosmosIL2CPUSZArrayImpl1SystemReflectionRuntimeFieldInfoget_IsSynchronized', ID = '7923'
Method 'SystemRuntimeTypearrayInternalRuntimeCompilerServicesUnsafeAsSystemRuntimeTypearraySystemObject', ID = '7926'
Method 'SystemVoidSystemSZGenericArrayEnumerator1SystemRuntimeTypectorSystemRuntimeTypearray', ID = '7927'
Method 'SystemInt32SystemArrayIndexOfSystemRuntimeTypeSystemRuntimeTypearraySystemRuntimeTypeSystemInt32SystemInt32', ID = '7930'
Method 'SystemCollectionsGenericIEnumerator1SystemRuntimeTypeCosmosIL2CPUSZArrayImpl1SystemRuntimeTypeGetEnumerator', ID = '7931'
Method 'SystemVoidCosmosIL2CPUSZArrayImpl1SystemRuntimeTypeCopyToSystemRuntimeTypearraySystemInt32', ID = '7932'
Method 'SystemInt32CosmosIL2CPUSZArrayImpl1SystemRuntimeTypeget_Count', ID = '7933'
Method 'SystemRuntimeTypeCosmosIL2CPUSZArrayImpl1SystemRuntimeTypeget_ItemSystemInt32', ID = '7934'
Method 'SystemVoidCosmosIL2CPUSZArrayImpl1SystemRuntimeTypeset_ItemSystemInt32SystemRuntimeType', ID = '7935'
Method 'SystemVoidCosmosIL2CPUSZArrayImpl1SystemRuntimeTypeAddSystemRuntimeType', ID = '7936'
Method 'SystemBooleanCosmosIL2CPUSZArrayImpl1SystemRuntimeTypeContainsSystemRuntimeType', ID = '7937'
Method 'SystemBooleanCosmosIL2CPUSZArrayImpl1SystemRuntimeTypeget_IsReadOnly', ID = '7938'
Method 'SystemVoidCosmosIL2CPUSZArrayImpl1SystemRuntimeTypeClear', ID = '7939'
Method 'SystemInt32CosmosIL2CPUSZArrayImpl1SystemRuntimeTypeIndexOfSystemRuntimeType', ID = '7940'
Method 'SystemVoidCosmosIL2CPUSZArrayImpl1SystemRuntimeTypeInsertSystemInt32SystemRuntimeType', ID = '7941'
Method 'SystemVoidCosmosIL2CPUSZArrayImpl1SystemRuntimeTypeRemoveAtSystemInt32', ID = '7942'
Method 'SystemBooleanCosmosIL2CPUSZArrayImpl1SystemRuntimeTypeget_IsFixedSize', ID = '7943'
Method 'SystemVoidCosmosIL2CPUSZArrayImpl1SystemRuntimeTypeRemoveSystemRuntimeType', ID = '7944'
Method 'SystemObjectCosmosIL2CPUSZArrayImpl1SystemRuntimeTypeget_SyncRoot', ID = '7945'
Method 'SystemBooleanCosmosIL2CPUSZArrayImpl1SystemRuntimeTypeget_IsSynchronized', ID = '7946'
Method 'SystemReflectionRuntimePropertyInfoarrayInternalRuntimeCompilerServicesUnsafeAsSystemReflectionRuntimePropertyInfoarraySystemObject', ID = '7949'
Method 'SystemVoidSystemSZGenericArrayEnumerator1SystemReflectionRuntimePropertyInfoctorSystemReflectionRuntimePropertyInfoarray', ID = '7950'
Method 'SystemInt32SystemArrayIndexOfSystemReflectionRuntimePropertyInfoSystemReflectionRuntimePropertyInfoarraySystemReflectionRuntimePropertyInfoSystemInt32SystemInt32', ID = '7954'
Method 'SystemCollectionsGenericIEnumerator1SystemReflectionRuntimePropertyInfoCosmosIL2CPUSZArrayImpl1SystemReflectionRuntimePropertyInfoGetEnumerator', ID = '7955'
Method 'SystemVoidCosmosIL2CPUSZArrayImpl1SystemReflectionRuntimePropertyInfoCopyToSystemReflectionRuntimePropertyInfoarraySystemInt32', ID = '7956'
Method 'SystemInt32CosmosIL2CPUSZArrayImpl1SystemReflectionRuntimePropertyInfoget_Count', ID = '7957'
Method 'SystemReflectionRuntimePropertyInfoCosmosIL2CPUSZArrayImpl1SystemReflectionRuntimePropertyInfoget_ItemSystemInt32', ID = '7958'
Method 'SystemVoidCosmosIL2CPUSZArrayImpl1SystemReflectionRuntimePropertyInfoset_ItemSystemInt32SystemReflectionRuntimePropertyInfo', ID = '7959'
Method 'SystemVoidCosmosIL2CPUSZArrayImpl1SystemReflectionRuntimePropertyInfoAddSystemReflectionRuntimePropertyInfo', ID = '7960'
Method 'SystemBooleanCosmosIL2CPUSZArrayImpl1SystemReflectionRuntimePropertyInfoContainsSystemReflectionRuntimePropertyInfo', ID = '7961'
Method 'SystemBooleanCosmosIL2CPUSZArrayImpl1SystemReflectionRuntimePropertyInfoget_IsReadOnly', ID = '7962'
Method 'SystemVoidCosmosIL2CPUSZArrayImpl1SystemReflectionRuntimePropertyInfoClear', ID = '7963'
Method 'SystemInt32CosmosIL2CPUSZArrayImpl1SystemReflectionRuntimePropertyInfoIndexOfSystemReflectionRuntimePropertyInfo', ID = '7964'
Method 'SystemVoidCosmosIL2CPUSZArrayImpl1SystemReflectionRuntimePropertyInfoInsertSystemInt32SystemReflectionRuntimePropertyInfo', ID = '7965'
Method 'SystemVoidCosmosIL2CPUSZArrayImpl1SystemReflectionRuntimePropertyInfoRemoveAtSystemInt32', ID = '7966'
Method 'SystemBooleanCosmosIL2CPUSZArrayImpl1SystemReflectionRuntimePropertyInfoget_IsFixedSize', ID = '7967'
Method 'SystemVoidCosmosIL2CPUSZArrayImpl1SystemReflectionRuntimePropertyInfoRemoveSystemReflectionRuntimePropertyInfo', ID = '7968'
Method 'SystemObjectCosmosIL2CPUSZArrayImpl1SystemReflectionRuntimePropertyInfoget_SyncRoot', ID = '7969'
Method 'SystemBooleanCosmosIL2CPUSZArrayImpl1SystemReflectionRuntimePropertyInfoget_IsSynchronized', ID = '7970'
Method 'SystemReflectionRuntimeEventInfoarrayInternalRuntimeCompilerServicesUnsafeAsSystemReflectionRuntimeEventInfoarraySystemObject', ID = '7973'
Method 'SystemVoidSystemSZGenericArrayEnumerator1SystemReflectionRuntimeEventInfoctorSystemReflectionRuntimeEventInfoarray', ID = '7974'
Method 'SystemInt32SystemArrayIndexOfSystemReflectionRuntimeEventInfoSystemReflectionRuntimeEventInfoarraySystemReflectionRuntimeEventInfoSystemInt32SystemInt32', ID = '7978'
Method 'SystemCollectionsGenericIEnumerator1SystemReflectionRuntimeEventInfoCosmosIL2CPUSZArrayImpl1SystemReflectionRuntimeEventInfoGetEnumerator', ID = '7979'
Method 'SystemVoidCosmosIL2CPUSZArrayImpl1SystemReflectionRuntimeEventInfoCopyToSystemReflectionRuntimeEventInfoarraySystemInt32', ID = '7980'
Method 'SystemInt32CosmosIL2CPUSZArrayImpl1SystemReflectionRuntimeEventInfoget_Count', ID = '7981'
Method 'SystemReflectionRuntimeEventInfoCosmosIL2CPUSZArrayImpl1SystemReflectionRuntimeEventInfoget_ItemSystemInt32', ID = '7982'
Method 'SystemVoidCosmosIL2CPUSZArrayImpl1SystemReflectionRuntimeEventInfoset_ItemSystemInt32SystemReflectionRuntimeEventInfo', ID = '7983'
Method 'SystemVoidCosmosIL2CPUSZArrayImpl1SystemReflectionRuntimeEventInfoAddSystemReflectionRuntimeEventInfo', ID = '7984'
Method 'SystemBooleanCosmosIL2CPUSZArrayImpl1SystemReflectionRuntimeEventInfoContainsSystemReflectionRuntimeEventInfo', ID = '7985'
Method 'SystemBooleanCosmosIL2CPUSZArrayImpl1SystemReflectionRuntimeEventInfoget_IsReadOnly', ID = '7986'
Method 'SystemVoidCosmosIL2CPUSZArrayImpl1SystemReflectionRuntimeEventInfoClear', ID = '7987'
Method 'SystemInt32CosmosIL2CPUSZArrayImpl1SystemReflectionRuntimeEventInfoIndexOfSystemReflectionRuntimeEventInfo', ID = '7988'
Method 'SystemVoidCosmosIL2CPUSZArrayImpl1SystemReflectionRuntimeEventInfoInsertSystemInt32SystemReflectionRuntimeEventInfo', ID = '7989'
Method 'SystemVoidCosmosIL2CPUSZArrayImpl1SystemReflectionRuntimeEventInfoRemoveAtSystemInt32', ID = '7990'
Method 'SystemBooleanCosmosIL2CPUSZArrayImpl1SystemReflectionRuntimeEventInfoget_IsFixedSize', ID = '7991'
Method 'SystemVoidCosmosIL2CPUSZArrayImpl1SystemReflectionRuntimeEventInfoRemoveSystemReflectionRuntimeEventInfo', ID = '7992'
Method 'SystemObjectCosmosIL2CPUSZArrayImpl1SystemReflectionRuntimeEventInfoget_SyncRoot', ID = '7993'
Method 'SystemBooleanCosmosIL2CPUSZArrayImpl1SystemReflectionRuntimeEventInfoget_IsSynchronized', ID = '7994'
Method 'SystemObjectCosmosCore_PlugsSystemRuntimeTypeHandleImplGetElementTypeSystemObject', ID = '7995'
Method 'SystemBooleanSystemRuntimeTypeHandleHasElementTypeSystemRuntimeType', ID = '7996'
Method 'SystemBooleanCosmosCore_PlugsSystemRuntimeTypeHandleImplHasInstantiationSystemObject', ID = '7997'
Method 'SystemTypearrayInternalRuntimeCompilerServicesUnsafeAsSystemTypearraySystemObject', ID = '7999'
Method 'SystemVoidSystemSZGenericArrayEnumerator1SystemTypectorSystemTypearray', ID = '8000'
Method 'SystemInt32SystemArrayIndexOfSystemTypeSystemTypearraySystemTypeSystemInt32SystemInt32', ID = '8003'
Method 'SystemCollectionsGenericIEnumerator1SystemTypeCosmosIL2CPUSZArrayImpl1SystemTypeGetEnumerator', ID = '8004'
Method 'SystemVoidCosmosIL2CPUSZArrayImpl1SystemTypeCopyToSystemTypearraySystemInt32', ID = '8005'
Method 'SystemInt32CosmosIL2CPUSZArrayImpl1SystemTypeget_Count', ID = '8006'
Method 'SystemTypeCosmosIL2CPUSZArrayImpl1SystemTypeget_ItemSystemInt32', ID = '8007'
Method 'SystemVoidCosmosIL2CPUSZArrayImpl1SystemTypeset_ItemSystemInt32SystemType', ID = '8008'
Method 'SystemVoidCosmosIL2CPUSZArrayImpl1SystemTypeAddSystemType', ID = '8009'
Method 'SystemBooleanCosmosIL2CPUSZArrayImpl1SystemTypeContainsSystemType', ID = '8010'
Method 'SystemBooleanCosmosIL2CPUSZArrayImpl1SystemTypeget_IsReadOnly', ID = '8011'
Method 'SystemVoidCosmosIL2CPUSZArrayImpl1SystemTypeClear', ID = '8012'
Method 'SystemInt32CosmosIL2CPUSZArrayImpl1SystemTypeIndexOfSystemType', ID = '8013'
Method 'SystemVoidCosmosIL2CPUSZArrayImpl1SystemTypeInsertSystemInt32SystemType', ID = '8014'
Method 'SystemVoidCosmosIL2CPUSZArrayImpl1SystemTypeRemoveAtSystemInt32', ID = '8015'
Method 'SystemBooleanCosmosIL2CPUSZArrayImpl1SystemTypeget_IsFixedSize', ID = '8016'
Method 'SystemVoidCosmosIL2CPUSZArrayImpl1SystemTypeRemoveSystemType', ID = '8017'
Method 'SystemObjectCosmosIL2CPUSZArrayImpl1SystemTypeget_SyncRoot', ID = '8018'
Method 'SystemBooleanCosmosIL2CPUSZArrayImpl1SystemTypeget_IsSynchronized', ID = '8019'
Method 'SystemRuntimeCompilerServicesObjectHandleOnStackSystemRuntimeCompilerServicesObjectHandleOnStackCreateSystemTypearraySystemTypearray', ID = '8020'
Method 'SystemVoidCosmosSystemFileSystemFATFatFileSystemctorCosmosHALBlockDevicePartitionSystemStringSystemInt64SystemBoolean', ID = '8022'
Method 'SystemVoidSystemCollectionsGenericList1CosmosSystemFileSystemFileSystemFactoryset_CapacitySystemInt32', ID = '8023'
Method 'SystemVoidCosmosSystemFileSystemISO9660ISO9660FileSystemctorCosmosHALBlockDevicePartitionSystemStringSystemInt64', ID = '8024'
Method 'SystemVoidSystemCollectionsGenericEqualityComparer1CosmosSystemFileSystemFileSystemFactorycctor', ID = '8025'
Method 'SystemStringCosmosSystem_PlugsSystemIOFileLoadExceptionImplToString', ID = '8027'
Method 'SystemStringSystemIOFileLoadExceptionget_FileName', ID = '8028'
Method 'SystemVoidCosmosCore_PlugsSystemBuffersArrayPoolImpl1CosmosArrayPoolSystemInt32ctor', ID = '8029'
Method 'SystemThreadingTasksTask1SystemInt32arrayInternalRuntimeCompilerServicesUnsafeAsSystemThreadingTasksTask1SystemInt32arraySystemObject', ID = '8031'
Method 'SystemVoidSystemSZGenericArrayEnumerator1SystemThreadingTasksTask1SystemInt32ctorSystemThreadingTasksTask1SystemInt32array', ID = '8032'
Method 'SystemInt32SystemArrayIndexOfSystemThreadingTasksTask1SystemInt32SystemThreadingTasksTask1SystemInt32arraySystemThreadingTasksTask1SystemInt32SystemInt32SystemInt32', ID = '8035'
Method 'SystemCollectionsGenericIEnumerator1SystemThreadingTasksTask1SystemInt32CosmosIL2CPUSZArrayImpl1SystemThreadingTasksTask1SystemInt32GetEnumerator', ID = '8036'
Method 'SystemVoidCosmosIL2CPUSZArrayImpl1SystemThreadingTasksTask1SystemInt32CopyToSystemThreadingTasksTask1SystemInt32arraySystemInt32', ID = '8037'
Method 'SystemInt32CosmosIL2CPUSZArrayImpl1SystemThreadingTasksTask1SystemInt32get_Count', ID = '8038'
Method 'SystemThreadingTasksTask1SystemInt32CosmosIL2CPUSZArrayImpl1SystemThreadingTasksTask1SystemInt32get_ItemSystemInt32', ID = '8039'
Method 'SystemVoidCosmosIL2CPUSZArrayImpl1SystemThreadingTasksTask1SystemInt32set_ItemSystemInt32SystemThreadingTasksTask1SystemInt32', ID = '8040'
Method 'SystemVoidCosmosIL2CPUSZArrayImpl1SystemThreadingTasksTask1SystemInt32AddSystemThreadingTasksTask1SystemInt32', ID = '8041'
Method 'SystemBooleanCosmosIL2CPUSZArrayImpl1SystemThreadingTasksTask1SystemInt32ContainsSystemThreadingTasksTask1SystemInt32', ID = '8042'
Method 'SystemBooleanCosmosIL2CPUSZArrayImpl1SystemThreadingTasksTask1SystemInt32get_IsReadOnly', ID = '8043'
Method 'SystemVoidCosmosIL2CPUSZArrayImpl1SystemThreadingTasksTask1SystemInt32Clear', ID = '8044'
Method 'SystemInt32CosmosIL2CPUSZArrayImpl1SystemThreadingTasksTask1SystemInt32IndexOfSystemThreadingTasksTask1SystemInt32', ID = '8045'
Method 'SystemVoidCosmosIL2CPUSZArrayImpl1SystemThreadingTasksTask1SystemInt32InsertSystemInt32SystemThreadingTasksTask1SystemInt32', ID = '8046'
Method 'SystemVoidCosmosIL2CPUSZArrayImpl1SystemThreadingTasksTask1SystemInt32RemoveAtSystemInt32', ID = '8047'
Method 'SystemBooleanCosmosIL2CPUSZArrayImpl1SystemThreadingTasksTask1SystemInt32get_IsFixedSize', ID = '8048'
Method 'SystemVoidCosmosIL2CPUSZArrayImpl1SystemThreadingTasksTask1SystemInt32RemoveSystemThreadingTasksTask1SystemInt32', ID = '8049'
Method 'SystemObjectCosmosIL2CPUSZArrayImpl1SystemThreadingTasksTask1SystemInt32get_SyncRoot', ID = '8050'
Method 'SystemBooleanCosmosIL2CPUSZArrayImpl1SystemThreadingTasksTask1SystemInt32get_IsSynchronized', ID = '8051'
Method 'SystemVoidSystemCollectionsGenericEqualityComparer1SystemRuntimeExceptionServicesExceptionDispatchInfocctor', ID = '8053'
Method 'SystemBooleanCosmosCore_PlugsInteropKernel32ImplQueryUnbiasedInterruptTimeSystemUInt64', ID = '8057'
Method 'SystemInt64CosmosCore_PlugsSystemInternalEnvironmentImplget_TickCount64', ID = '8058'
Method 'SystemVoidSystemDateTimecctor', ID = '8059'
Method 'SystemBooleanSystemDateTimeEqualsSystemObject', ID = '8061'
Method 'SystemInt32SystemDateTimeGetHashCode', ID = '8062'
Method 'SystemDateTimeCosmosSystem_PlugsSystemDateTimeImplget_Now', ID = '8077'
Method 'SystemStringSystemValueTuple2SystemInt64SystemDateTimeToString', ID = '8078'
Method 'SystemBooleanSystemValueTuple2SystemInt64SystemDateTimeEqualsSystemObject', ID = '8079'
Method 'SystemInt32SystemValueTuple2SystemInt64SystemDateTimeGetHashCode', ID = '8080'
Method 'SystemCollectionsGenericIEnumerator1SystemThreadingTimerQueueSystemSZArrayHelperGetEnumeratorSystemThreadingTimerQueue', ID = '8083'
Method 'SystemVoidSystemSZArrayHelperCopyToSystemThreadingTimerQueueSystemThreadingTimerQueuearraySystemInt32', ID = '8084'
Method 'SystemInt32SystemSZArrayHelperget_CountSystemThreadingTimerQueue', ID = '8085'
Method 'SystemThreadingTimerQueueSystemSZArrayHelperget_ItemSystemThreadingTimerQueueSystemInt32', ID = '8086'
Method 'SystemVoidSystemSZArrayHelperset_ItemSystemThreadingTimerQueueSystemInt32SystemThreadingTimerQueue', ID = '8087'
Method 'SystemVoidSystemSZArrayHelperAddSystemThreadingTimerQueueSystemThreadingTimerQueue', ID = '8088'
Method 'SystemBooleanSystemSZArrayHelperContainsSystemThreadingTimerQueueSystemThreadingTimerQueue', ID = '8089'
Method 'SystemBooleanSystemSZArrayHelperget_IsReadOnlySystemThreadingTimerQueue', ID = '8090'
Method 'SystemVoidSystemSZArrayHelperClearSystemThreadingTimerQueue', ID = '8091'
Method 'SystemInt32SystemSZArrayHelperIndexOfSystemThreadingTimerQueueSystemThreadingTimerQueue', ID = '8092'
Method 'SystemVoidSystemSZArrayHelperInsertSystemThreadingTimerQueueSystemInt32SystemThreadingTimerQueue', ID = '8093'
Method 'SystemBooleanSystemSZArrayHelperRemoveSystemThreadingTimerQueueSystemThreadingTimerQueue', ID = '8094'
Method 'SystemVoidSystemSZArrayHelperRemoveAtSystemThreadingTimerQueueSystemInt32', ID = '8095'
Method 'SystemInt32CosmosCore_PlugsSystemInternalEnvironmentImplget_ProcessorCount', ID = '8102'
Method 'SystemBooleanSystemEnvironmentget_IsSingleProcessor', ID = '8104'
Method 'SystemRuntimeIntrinsicsVector1281SystemSingleSystemRuntimeIntrinsicsVector128AsSystemUInt64SystemSingleSystemRuntimeIntrinsicsVector1281SystemUInt64', ID = '8110'
Method 'SystemRuntimeIntrinsicsVector1281SystemDoubleSystemRuntimeIntrinsicsVector128AsSystemUInt64SystemDoubleSystemRuntimeIntrinsicsVector1281SystemUInt64', ID = '8111'
Method 'SystemRuntimeIntrinsicsVector1281SystemSingleSystemRuntimeIntrinsicsVector128AsSystemInt16SystemSingleSystemRuntimeIntrinsicsVector1281SystemInt16', ID = '8113'
Method 'SystemRuntimeIntrinsicsVector1281SystemDoubleSystemRuntimeIntrinsicsVector128AsSystemInt16SystemDoubleSystemRuntimeIntrinsicsVector1281SystemInt16', ID = '8114'
Method 'SystemBooleanSystemNumericsVector1SystemUIntPtrScalarEqualsSystemUIntPtrSystemUIntPtr', ID = '8116'
Method 'SystemInt32SystemCharConvertToUtf32SystemCharSystemChar', ID = '8117'
Method 'SystemStringSystemPrivateCoreLibSystemSRget_ArgumentOutOfRange_Range', ID = '8118'
Method 'SystemRuntimeIntrinsicsVector1281SystemSingleSystemRuntimeIntrinsicsVector128AsSystemUInt32SystemSingleSystemRuntimeIntrinsicsVector1281SystemUInt32', ID = '8119'
Method 'SystemRuntimeIntrinsicsVector1281SystemDoubleSystemRuntimeIntrinsicsVector128AsSystemUInt32SystemDoubleSystemRuntimeIntrinsicsVector1281SystemUInt32', ID = '8120'
Method 'SystemRuntimeIntrinsicsVector1281SystemByteSystemRuntimeIntrinsicsVector128AsSystemUInt32SystemByteSystemRuntimeIntrinsicsVector1281SystemUInt32', ID = '8121'
Method 'SystemBooleanSystemAppContextConfigHelperGetBooleanConfigSystemStringSystemStringSystemBoolean', ID = '8125'
Method 'SystemBooleanSystemGlobalizationGlobalizationModeLoadIcu', ID = '8126'
Method 'SystemVoidSystemGlobalizationGlobalizationModeSettingscctor', ID = '8127'
Method 'SystemReadOnlySpan1SystemBooleanSystemGlobalizationCompareInfoget_HighCharTable', ID = '8128'
Method 'SystemBooleanSystemReadOnlySpan1SystemBooleanget_ItemSystemInt32', ID = '8129'
Method 'SystemBooleanCosmosCore_PlugsInteropGlobalizationImplStartsWithSystemIntPtrSystemCharpointerSystemInt32SystemCharpointerSystemInt32SystemGlobalizationCompareOptionsSystemInt32pointer', ID = '8131'
Method 'SystemVoidSystemCollectionsGenericEqualityComparer1SystemCollectionsGenericDictionary2EntrySystemStringSystemReflectionAssemblycctor', ID = '8133'
Method 'SystemVoidSystemSZGenericArrayEnumerator1SystemReflectionAssemblycctor', ID = '8135'
Method 'SystemVoidSystemSZGenericArrayEnumerator1SystemReflectionAssemblyDispose', ID = '8136'
Method 'SystemBooleanSystemSZGenericArrayEnumerator1SystemReflectionAssemblyMoveNext', ID = '8137'
Method 'SystemBooleanSystemRuntimeCompilerServicesRuntimeHelpersIsBitwiseEquatableSystemReflectionAssembly', ID = '8138'
Method 'SystemInt32InternalRuntimeCompilerServicesUnsafeSizeOfSystemReflectionAssembly', ID = '8139'
Method 'SystemByteInternalRuntimeCompilerServicesUnsafeAsSystemReflectionAssemblySystemByteSystemReflectionAssembly', ID = '8140'
Method 'SystemCharInternalRuntimeCompilerServicesUnsafeAsSystemReflectionAssemblySystemCharSystemReflectionAssembly', ID = '8141'
Method 'SystemInt32InternalRuntimeCompilerServicesUnsafeAsSystemReflectionAssemblySystemInt32SystemReflectionAssembly', ID = '8142'
Method 'SystemInt64InternalRuntimeCompilerServicesUnsafeAsSystemReflectionAssemblySystemInt64SystemReflectionAssembly', ID = '8143'
Method 'SystemCollectionsGenericEqualityComparer1SystemReflectionAssemblySystemCollectionsGenericEqualityComparer1SystemReflectionAssemblyget_Default', ID = '8144'
Method 'SystemInt32SystemCollectionsGenericEqualityComparer1SystemReflectionAssemblyIndexOfSystemReflectionAssemblyarraySystemReflectionAssemblySystemInt32SystemInt32', ID = '8145'
Method 'SystemVoidCosmosIL2CPUSZArrayImpl1GetEnumeratord__0SystemReflectionAssemblyctorSystemInt32', ID = '8146'
Method 'SystemStringSystemCollectionsGenericKeyValuePair2SystemStringSystemReflectionAssemblyget_Key', ID = '8148'
Method 'SystemReflectionAssemblySystemCollectionsGenericKeyValuePair2SystemStringSystemReflectionAssemblyget_Value', ID = '8149'
Method 'SystemVoidCosmosIL2CPUSZArrayImpl1GetEnumeratord__0SystemCollectionsGenericKeyValuePair2SystemStringSystemReflectionAssemblySystemIDisposableDispose', ID = '8154'
Method 'SystemBooleanCosmosIL2CPUSZArrayImpl1GetEnumeratord__0SystemCollectionsGenericKeyValuePair2SystemStringSystemReflectionAssemblyMoveNext', ID = '8155'
Method 'SystemVoidSystemGlobalizationCalendarDatactor', ID = '8156'
Method 'SystemInt32CosmosCore_PlugsInteropKernel32ImplLCMapStringExSystemStringSystemUInt32SystemCharpointerSystemInt32SystemObjectSystemInt32SystemObjectSystemObjectSystemIntPtr', ID = '8157'
Method 'SystemVoidSystemCollectionsGenericEqualityComparer1SystemGlobalizationCalendarIdcctor', ID = '8158'
Method 'SystemVoidSystemCollectionsGenericEqualityComparer1SystemGlobalizationDateTimeFormatInfoTokenHashValuecctor', ID = '8160'
Method 'SystemVoidSystemCollectionsGenericEqualityComparer1SystemGlobalizationCalendarDatacctor', ID = '8162'
Method 'SystemVoidSystemGlobalizationGregorianCalendarctorSystemGlobalizationGregorianCalendarTypes', ID = '8165'
Method 'SystemBooleanSystemLocalAppContextSwitchesGetCachedSwitchValueSystemStringSystemInt32', ID = '8168'
Method 'SystemStringSystemGlobalizationCultureDataGetSeparatorSystemStringSystemString', ID = '8169'
Method 'SystemRandomXoshiroImplSystemRandomThreadSafeRandomget_LocalRandom', ID = '8170'
Method 'SystemVoidSystemReflectionMetadataImportctorSystemIntPtrSystemObject', ID = '8176'
Method 'SystemInt32SystemRuntimeTypeget_MetadataToken', ID = '8177'
Method 'SystemInt32SystemReflectionRuntimePropertyInfoget_MetadataToken', ID = '8180'
Method 'SystemInt32SystemReflectionRuntimeEventInfoget_MetadataToken', ID = '8181'
Method 'SystemCharSystemGlobalizationCharUnicodeInfoToUpperSystemChar', ID = '8185'
Method 'SystemBooleanSystemGlobalizationTextInfoget_IsAsciiCasingSameAsInvariant', ID = '8187'
Method 'SystemUInt32SystemTextUnicodeUtf16UtilityConvertAllAsciiCharsInUInt32ToLowercaseSystemUInt32', ID = '8188'
Method 'SystemVoidSystemGlobalizationTextInfoChangeCaseCoreSystemCharpointerSystemInt32SystemCharpointerSystemInt32SystemBoolean', ID = '8189'
Method 'SystemBooleanSystemValueTuple2SystemUInt32SystemInt32EqualsSystemValueTuple2SystemUInt32SystemInt32', ID = '8190'
Method 'SystemUInt16arraySystemArrayEmptySystemUInt16', ID = '8193'
Method 'SystemUInt16arrayarraySystemGlobalizationOrdinalCasingInitCasingTable', ID = '8195'
Method 'SystemVoidSystemThreadingVolatileWriteSystemUInt16arraySystemUInt16arraySystemUInt16array', ID = '8197'
Method 'SystemRuntimeIntrinsicsVector1281SystemByteSystemRuntimeIntrinsicsX86Sse2LoadVector128SystemBytepointer', ID = '8198'
Method 'SystemRuntimeIntrinsicsVector1281SystemByteSystemRuntimeIntrinsicsVector1281SystemByteget_Zero', ID = '8199'
Method 'SystemRuntimeIntrinsicsVector1281SystemByteSystemRuntimeIntrinsicsX86Sse2UnpackLowSystemRuntimeIntrinsicsVector1281SystemByteSystemRuntimeIntrinsicsVector1281SystemByte', ID = '8200'
Method 'SystemVoidSystemRuntimeIntrinsicsX86Sse2StoreSystemBytepointerSystemRuntimeIntrinsicsVector1281SystemByte', ID = '8201'
Method 'SystemRuntimeIntrinsicsVector1281SystemByteSystemRuntimeIntrinsicsX86Sse2UnpackHighSystemRuntimeIntrinsicsVector1281SystemByteSystemRuntimeIntrinsicsVector1281SystemByte', ID = '8202'
Method 'SystemVoidSystemThrowHelperThrowForUnsupportedNumericsVectorBaseTypeSystemSByte', ID = '8204'
Method 'SystemNumericsVector1SystemSByteSystemNumericsVector1SystemSByteLessThanSystemNumericsVector1SystemSByteSystemNumericsVector1SystemSByte', ID = '8205'
Method 'SystemNumericsVector1SystemInt32SystemNumericsVector1SystemSByteop_ExplicitSystemNumericsVector1SystemSByte', ID = '8206'
Method 'SystemNumericsVector1SystemByteSystemNumericsVector1SystemSByteop_ExplicitSystemNumericsVector1SystemSByte', ID = '8207'
Method 'SystemByteSystemNumericsVector1SystemByteget_ItemSystemInt32', ID = '8208'
Method 'SystemRuntimeIntrinsicsVector1281SystemUInt32SystemRuntimeIntrinsicsX86Sse2ConvertScalarToVector128UInt32SystemUInt32', ID = '8209'
Method 'SystemVoidInternalRuntimeCompilerServicesUnsafeWriteUnalignedSystemUInt64SystemByteSystemUInt64', ID = '8210'
Method 'SystemInt32SystemTextDecoderReplacementFallbackget_MaxCharCount', ID = '8211'
Method 'SystemInt32SystemTextDecoderExceptionFallbackget_MaxCharCount', ID = '8212'
Method 'SystemBuffersOperationStatusSystemTextRuneDecodeFromUtf8SystemReadOnlySpan1SystemByteSystemTextRuneSystemInt32', ID = '8214'
Method 'SystemTextDecoderFallbackBufferSystemTextDecoderReplacementFallbackCreateFallbackBuffer', ID = '8215'
Method 'SystemTextDecoderFallbackBufferSystemTextDecoderExceptionFallbackCreateFallbackBuffer', ID = '8216'
Method 'SystemVoidSystemTextRunectorSystemInt32', ID = '8217'
Method 'SystemInt32SystemRuntimeInteropServicesMemoryMarshalGetReferenceSystemInt32SystemSpan1SystemInt32', ID = '8218'
Method 'SystemTextRuneSystemTextDecoderFallbackBufferGetNextRune', ID = '8219'
Method 'SystemVoidSystemTextDecoderFallbackBufferReset', ID = '8220'
Method 'SystemStringSystemPrivateCoreLibSystemSRget_Argument_EncodingConversionOverflowChars', ID = '8221'
Method 'SystemUIntPtrSystemTextASCIIUtilityGetIndexOfFirstNonAsciiByteSystemBytepointerSystemUIntPtr', ID = '8222'
Method 'SystemBytepointerSystemTextUnicodeUtf8UtilityGetPointerToFirstInvalidByteSystemBytepointerSystemInt32SystemInt32SystemInt32', ID = '8223'
Method 'SystemInt32SystemTextDecoderFallbackBufferInternalFallbackGetCharCountSystemReadOnlySpan1SystemByteSystemInt32', ID = '8224'
Method 'SystemBooleanCosmosCore_PlugsInteropGlobalizationImplGetLocaleInfoIntSystemStringSystemUInt32SystemInt32', ID = '8225'
Method 'SystemReadOnlySpan1SystemByteSystemSpan1SystemByteop_ImplicitSystemSpan1SystemByte', ID = '8226'
Method 'SystemReadOnlySpan1SystemByteSystemGlobalizationIcuLocaleDataGetCultureNameSystemInt32', ID = '8227'
Method 'SystemInt32SystemMemoryExtensionsSequenceCompareToSystemByteSystemReadOnlySpan1SystemByteSystemReadOnlySpan1SystemByte', ID = '8228'
Method 'SystemVoidSystemBuffer_ZeroMemorySystemByteSystemUIntPtr', ID = '8230'
Method 'SystemBooleanCosmosCore_PlugsSystemRuntimeCompilerServicesRuntimeHelpersImplIsReferenceOrContainsReferencesSystemUInt32', ID = '8231'
Method 'SystemVoidSystemRuntimeTypector', ID = '8232'
Method 'SystemCollectionsGenericIEnumerator1SystemReflectionRuntimeMethodInfoarraySystemSZArrayHelperGetEnumeratorSystemReflectionRuntimeMethodInfoarray', ID = '8234'
Method 'SystemVoidSystemSZArrayHelperCopyToSystemReflectionRuntimeMethodInfoarraySystemReflectionRuntimeMethodInfoarrayarraySystemInt32', ID = '8235'
Method 'SystemInt32SystemSZArrayHelperget_CountSystemReflectionRuntimeMethodInfoarray', ID = '8236'
Method 'SystemReflectionRuntimeMethodInfoarraySystemSZArrayHelperget_ItemSystemReflectionRuntimeMethodInfoarraySystemInt32', ID = '8237'
Method 'SystemVoidSystemSZArrayHelperset_ItemSystemReflectionRuntimeMethodInfoarraySystemInt32SystemReflectionRuntimeMethodInfoarray', ID = '8238'
Method 'SystemVoidSystemSZArrayHelperAddSystemReflectionRuntimeMethodInfoarraySystemReflectionRuntimeMethodInfoarray', ID = '8239'
Method 'SystemBooleanSystemSZArrayHelperContainsSystemReflectionRuntimeMethodInfoarraySystemReflectionRuntimeMethodInfoarray', ID = '8240'
Method 'SystemBooleanSystemSZArrayHelperget_IsReadOnlySystemReflectionRuntimeMethodInfoarray', ID = '8241'
Method 'SystemVoidSystemSZArrayHelperClearSystemReflectionRuntimeMethodInfoarray', ID = '8242'
Method 'SystemInt32SystemSZArrayHelperIndexOfSystemReflectionRuntimeMethodInfoarraySystemReflectionRuntimeMethodInfoarray', ID = '8243'
Method 'SystemVoidSystemSZArrayHelperInsertSystemReflectionRuntimeMethodInfoarraySystemInt32SystemReflectionRuntimeMethodInfoarray', ID = '8244'
Method 'SystemBooleanSystemSZArrayHelperRemoveSystemReflectionRuntimeMethodInfoarraySystemReflectionRuntimeMethodInfoarray', ID = '8245'
Method 'SystemVoidSystemSZArrayHelperRemoveAtSystemReflectionRuntimeMethodInfoarraySystemInt32', ID = '8246'
Method 'SystemVoidSystemSZGenericArrayEnumerator1SystemReflectionRuntimeMethodInfocctor', ID = '8253'
Method 'SystemVoidSystemSZGenericArrayEnumerator1SystemReflectionRuntimeMethodInfoDispose', ID = '8254'
Method 'SystemBooleanSystemSZGenericArrayEnumerator1SystemReflectionRuntimeMethodInfoMoveNext', ID = '8255'
Method 'SystemInt32SystemReflectionRuntimeMethodInfoGetHashCode', ID = '8265'
Method 'SystemStringSystemReflectionRuntimeMethodInfoget_Name', ID = '8266'
Method 'SystemBooleanSystemRuntimeCompilerServicesRuntimeHelpersIsBitwiseEquatableSystemReflectionRuntimeMethodInfo', ID = '8268'
Method 'SystemInt32InternalRuntimeCompilerServicesUnsafeSizeOfSystemReflectionRuntimeMethodInfo', ID = '8269'
Method 'SystemByteInternalRuntimeCompilerServicesUnsafeAsSystemReflectionRuntimeMethodInfoSystemByteSystemReflectionRuntimeMethodInfo', ID = '8270'
Method 'SystemCharInternalRuntimeCompilerServicesUnsafeAsSystemReflectionRuntimeMethodInfoSystemCharSystemReflectionRuntimeMethodInfo', ID = '8271'
Method 'SystemInt32InternalRuntimeCompilerServicesUnsafeAsSystemReflectionRuntimeMethodInfoSystemInt32SystemReflectionRuntimeMethodInfo', ID = '8272'
Method 'SystemInt64InternalRuntimeCompilerServicesUnsafeAsSystemReflectionRuntimeMethodInfoSystemInt64SystemReflectionRuntimeMethodInfo', ID = '8273'
Method 'SystemCollectionsGenericEqualityComparer1SystemReflectionRuntimeMethodInfoSystemCollectionsGenericEqualityComparer1SystemReflectionRuntimeMethodInfoget_Default', ID = '8274'
Method 'SystemInt32SystemCollectionsGenericEqualityComparer1SystemReflectionRuntimeMethodInfoIndexOfSystemReflectionRuntimeMethodInfoarraySystemReflectionRuntimeMethodInfoSystemInt32SystemInt32', ID = '8275'
Method 'SystemVoidCosmosIL2CPUSZArrayImpl1GetEnumeratord__0SystemReflectionRuntimeMethodInfoctorSystemInt32', ID = '8276'
Method 'SystemCollectionsGenericIEnumerator1SystemReflectionRuntimeConstructorInfoarraySystemSZArrayHelperGetEnumeratorSystemReflectionRuntimeConstructorInfoarray', ID = '8278'
Method 'SystemVoidSystemSZArrayHelperCopyToSystemReflectionRuntimeConstructorInfoarraySystemReflectionRuntimeConstructorInfoarrayarraySystemInt32', ID = '8279'
Method 'SystemInt32SystemSZArrayHelperget_CountSystemReflectionRuntimeConstructorInfoarray', ID = '8280'
Method 'SystemReflectionRuntimeConstructorInfoarraySystemSZArrayHelperget_ItemSystemReflectionRuntimeConstructorInfoarraySystemInt32', ID = '8281'
Method 'SystemVoidSystemSZArrayHelperset_ItemSystemReflectionRuntimeConstructorInfoarraySystemInt32SystemReflectionRuntimeConstructorInfoarray', ID = '8282'
Method 'SystemVoidSystemSZArrayHelperAddSystemReflectionRuntimeConstructorInfoarraySystemReflectionRuntimeConstructorInfoarray', ID = '8283'
Method 'SystemBooleanSystemSZArrayHelperContainsSystemReflectionRuntimeConstructorInfoarraySystemReflectionRuntimeConstructorInfoarray', ID = '8284'
Method 'SystemBooleanSystemSZArrayHelperget_IsReadOnlySystemReflectionRuntimeConstructorInfoarray', ID = '8285'
Method 'SystemVoidSystemSZArrayHelperClearSystemReflectionRuntimeConstructorInfoarray', ID = '8286'
Method 'SystemInt32SystemSZArrayHelperIndexOfSystemReflectionRuntimeConstructorInfoarraySystemReflectionRuntimeConstructorInfoarray', ID = '8287'
Method 'SystemVoidSystemSZArrayHelperInsertSystemReflectionRuntimeConstructorInfoarraySystemInt32SystemReflectionRuntimeConstructorInfoarray', ID = '8288'
Method 'SystemBooleanSystemSZArrayHelperRemoveSystemReflectionRuntimeConstructorInfoarraySystemReflectionRuntimeConstructorInfoarray', ID = '8289'
Method 'SystemVoidSystemSZArrayHelperRemoveAtSystemReflectionRuntimeConstructorInfoarraySystemInt32', ID = '8290'
Method 'SystemVoidSystemSZGenericArrayEnumerator1SystemReflectionRuntimeConstructorInfocctor', ID = '8297'
Method 'SystemVoidSystemSZGenericArrayEnumerator1SystemReflectionRuntimeConstructorInfoDispose', ID = '8298'
Method 'SystemBooleanSystemSZGenericArrayEnumerator1SystemReflectionRuntimeConstructorInfoMoveNext', ID = '8299'
Method 'SystemStringSystemReflectionRuntimeConstructorInfoToString', ID = '8301'
Method 'SystemBooleanSystemReflectionConstructorInfoEqualsSystemObject', ID = '8302'
Method 'SystemInt32SystemReflectionConstructorInfoGetHashCode', ID = '8303'
Method 'SystemStringSystemReflectionRuntimeConstructorInfoget_Name', ID = '8304'
Method 'SystemBooleanSystemRuntimeCompilerServicesRuntimeHelpersIsBitwiseEquatableSystemReflectionRuntimeConstructorInfo', ID = '8305'
Method 'SystemInt32InternalRuntimeCompilerServicesUnsafeSizeOfSystemReflectionRuntimeConstructorInfo', ID = '8306'
Method 'SystemByteInternalRuntimeCompilerServicesUnsafeAsSystemReflectionRuntimeConstructorInfoSystemByteSystemReflectionRuntimeConstructorInfo', ID = '8307'
Method 'SystemCharInternalRuntimeCompilerServicesUnsafeAsSystemReflectionRuntimeConstructorInfoSystemCharSystemReflectionRuntimeConstructorInfo', ID = '8308'
Method 'SystemInt32InternalRuntimeCompilerServicesUnsafeAsSystemReflectionRuntimeConstructorInfoSystemInt32SystemReflectionRuntimeConstructorInfo', ID = '8309'
Method 'SystemInt64InternalRuntimeCompilerServicesUnsafeAsSystemReflectionRuntimeConstructorInfoSystemInt64SystemReflectionRuntimeConstructorInfo', ID = '8310'
Method 'SystemCollectionsGenericEqualityComparer1SystemReflectionRuntimeConstructorInfoSystemCollectionsGenericEqualityComparer1SystemReflectionRuntimeConstructorInfoget_Default', ID = '8311'
Method 'SystemInt32SystemCollectionsGenericEqualityComparer1SystemReflectionRuntimeConstructorInfoIndexOfSystemReflectionRuntimeConstructorInfoarraySystemReflectionRuntimeConstructorInfoSystemInt32SystemInt32', ID = '8312'
Method 'SystemVoidCosmosIL2CPUSZArrayImpl1GetEnumeratord__0SystemReflectionRuntimeConstructorInfoctorSystemInt32', ID = '8313'
Method 'SystemCollectionsGenericIEnumerator1SystemReflectionRuntimeFieldInfoarraySystemSZArrayHelperGetEnumeratorSystemReflectionRuntimeFieldInfoarray', ID = '8315'
Method 'SystemVoidSystemSZArrayHelperCopyToSystemReflectionRuntimeFieldInfoarraySystemReflectionRuntimeFieldInfoarrayarraySystemInt32', ID = '8316'
Method 'SystemInt32SystemSZArrayHelperget_CountSystemReflectionRuntimeFieldInfoarray', ID = '8317'
Method 'SystemReflectionRuntimeFieldInfoarraySystemSZArrayHelperget_ItemSystemReflectionRuntimeFieldInfoarraySystemInt32', ID = '8318'
Method 'SystemVoidSystemSZArrayHelperset_ItemSystemReflectionRuntimeFieldInfoarraySystemInt32SystemReflectionRuntimeFieldInfoarray', ID = '8319'
Method 'SystemVoidSystemSZArrayHelperAddSystemReflectionRuntimeFieldInfoarraySystemReflectionRuntimeFieldInfoarray', ID = '8320'
Method 'SystemBooleanSystemSZArrayHelperContainsSystemReflectionRuntimeFieldInfoarraySystemReflectionRuntimeFieldInfoarray', ID = '8321'
Method 'SystemBooleanSystemSZArrayHelperget_IsReadOnlySystemReflectionRuntimeFieldInfoarray', ID = '8322'
Method 'SystemVoidSystemSZArrayHelperClearSystemReflectionRuntimeFieldInfoarray', ID = '8323'
Method 'SystemInt32SystemSZArrayHelperIndexOfSystemReflectionRuntimeFieldInfoarraySystemReflectionRuntimeFieldInfoarray', ID = '8324'
Method 'SystemVoidSystemSZArrayHelperInsertSystemReflectionRuntimeFieldInfoarraySystemInt32SystemReflectionRuntimeFieldInfoarray', ID = '8325'
Method 'SystemBooleanSystemSZArrayHelperRemoveSystemReflectionRuntimeFieldInfoarraySystemReflectionRuntimeFieldInfoarray', ID = '8326'
Method 'SystemVoidSystemSZArrayHelperRemoveAtSystemReflectionRuntimeFieldInfoarraySystemInt32', ID = '8327'
Method 'SystemVoidSystemSZGenericArrayEnumerator1SystemReflectionRuntimeFieldInfocctor', ID = '8334'
Method 'SystemVoidSystemSZGenericArrayEnumerator1SystemReflectionRuntimeFieldInfoDispose', ID = '8335'
Method 'SystemBooleanSystemSZGenericArrayEnumerator1SystemReflectionRuntimeFieldInfoMoveNext', ID = '8336'
Method 'SystemStringSystemReflectionRuntimeFieldInfoToString', ID = '8338'
Method 'SystemBooleanSystemReflectionFieldInfoEqualsSystemObject', ID = '8339'
Method 'SystemInt32SystemReflectionFieldInfoGetHashCode', ID = '8340'
Method 'SystemBooleanSystemRuntimeCompilerServicesRuntimeHelpersIsBitwiseEquatableSystemReflectionRuntimeFieldInfo', ID = '8341'
Method 'SystemInt32InternalRuntimeCompilerServicesUnsafeSizeOfSystemReflectionRuntimeFieldInfo', ID = '8342'
Method 'SystemByteInternalRuntimeCompilerServicesUnsafeAsSystemReflectionRuntimeFieldInfoSystemByteSystemReflectionRuntimeFieldInfo', ID = '8343'
Method 'SystemCharInternalRuntimeCompilerServicesUnsafeAsSystemReflectionRuntimeFieldInfoSystemCharSystemReflectionRuntimeFieldInfo', ID = '8344'
Method 'SystemInt32InternalRuntimeCompilerServicesUnsafeAsSystemReflectionRuntimeFieldInfoSystemInt32SystemReflectionRuntimeFieldInfo', ID = '8345'
Method 'SystemInt64InternalRuntimeCompilerServicesUnsafeAsSystemReflectionRuntimeFieldInfoSystemInt64SystemReflectionRuntimeFieldInfo', ID = '8346'
Method 'SystemCollectionsGenericEqualityComparer1SystemReflectionRuntimeFieldInfoSystemCollectionsGenericEqualityComparer1SystemReflectionRuntimeFieldInfoget_Default', ID = '8347'
Method 'SystemInt32SystemCollectionsGenericEqualityComparer1SystemReflectionRuntimeFieldInfoIndexOfSystemReflectionRuntimeFieldInfoarraySystemReflectionRuntimeFieldInfoSystemInt32SystemInt32', ID = '8348'
Method 'SystemVoidCosmosIL2CPUSZArrayImpl1GetEnumeratord__0SystemReflectionRuntimeFieldInfoctorSystemInt32', ID = '8349'
Method 'SystemCollectionsGenericIEnumerator1SystemRuntimeTypearraySystemSZArrayHelperGetEnumeratorSystemRuntimeTypearray', ID = '8351'
Method 'SystemVoidSystemSZArrayHelperCopyToSystemRuntimeTypearraySystemRuntimeTypearrayarraySystemInt32', ID = '8352'
Method 'SystemInt32SystemSZArrayHelperget_CountSystemRuntimeTypearray', ID = '8353'
Method 'SystemRuntimeTypearraySystemSZArrayHelperget_ItemSystemRuntimeTypearraySystemInt32', ID = '8354'
Method 'SystemVoidSystemSZArrayHelperset_ItemSystemRuntimeTypearraySystemInt32SystemRuntimeTypearray', ID = '8355'
Method 'SystemVoidSystemSZArrayHelperAddSystemRuntimeTypearraySystemRuntimeTypearray', ID = '8356'
Method 'SystemBooleanSystemSZArrayHelperContainsSystemRuntimeTypearraySystemRuntimeTypearray', ID = '8357'
Method 'SystemBooleanSystemSZArrayHelperget_IsReadOnlySystemRuntimeTypearray', ID = '8358'
Method 'SystemVoidSystemSZArrayHelperClearSystemRuntimeTypearray', ID = '8359'
Method 'SystemInt32SystemSZArrayHelperIndexOfSystemRuntimeTypearraySystemRuntimeTypearray', ID = '8360'
Method 'SystemVoidSystemSZArrayHelperInsertSystemRuntimeTypearraySystemInt32SystemRuntimeTypearray', ID = '8361'
Method 'SystemBooleanSystemSZArrayHelperRemoveSystemRuntimeTypearraySystemRuntimeTypearray', ID = '8362'
Method 'SystemVoidSystemSZArrayHelperRemoveAtSystemRuntimeTypearraySystemInt32', ID = '8363'
Method 'SystemVoidSystemSZGenericArrayEnumerator1SystemRuntimeTypecctor', ID = '8370'
Method 'SystemVoidSystemSZGenericArrayEnumerator1SystemRuntimeTypeDispose', ID = '8371'
Method 'SystemBooleanSystemSZGenericArrayEnumerator1SystemRuntimeTypeMoveNext', ID = '8372'
Method 'SystemBooleanSystemRuntimeCompilerServicesRuntimeHelpersIsBitwiseEquatableSystemRuntimeType', ID = '8373'
Method 'SystemInt32InternalRuntimeCompilerServicesUnsafeSizeOfSystemRuntimeType', ID = '8374'
Method 'SystemByteInternalRuntimeCompilerServicesUnsafeAsSystemRuntimeTypeSystemByteSystemRuntimeType', ID = '8375'
Method 'SystemCharInternalRuntimeCompilerServicesUnsafeAsSystemRuntimeTypeSystemCharSystemRuntimeType', ID = '8376'
Method 'SystemInt32InternalRuntimeCompilerServicesUnsafeAsSystemRuntimeTypeSystemInt32SystemRuntimeType', ID = '8377'
Method 'SystemInt64InternalRuntimeCompilerServicesUnsafeAsSystemRuntimeTypeSystemInt64SystemRuntimeType', ID = '8378'
Method 'SystemCollectionsGenericEqualityComparer1SystemRuntimeTypeSystemCollectionsGenericEqualityComparer1SystemRuntimeTypeget_Default', ID = '8379'
Method 'SystemInt32SystemCollectionsGenericEqualityComparer1SystemRuntimeTypeIndexOfSystemRuntimeTypearraySystemRuntimeTypeSystemInt32SystemInt32', ID = '8380'
Method 'SystemVoidCosmosIL2CPUSZArrayImpl1GetEnumeratord__0SystemRuntimeTypectorSystemInt32', ID = '8381'
Method 'SystemCollectionsGenericIEnumerator1SystemReflectionRuntimePropertyInfoarraySystemSZArrayHelperGetEnumeratorSystemReflectionRuntimePropertyInfoarray', ID = '8383'
Method 'SystemVoidSystemSZArrayHelperCopyToSystemReflectionRuntimePropertyInfoarraySystemReflectionRuntimePropertyInfoarrayarraySystemInt32', ID = '8384'
Method 'SystemInt32SystemSZArrayHelperget_CountSystemReflectionRuntimePropertyInfoarray', ID = '8385'
Method 'SystemReflectionRuntimePropertyInfoarraySystemSZArrayHelperget_ItemSystemReflectionRuntimePropertyInfoarraySystemInt32', ID = '8386'
Method 'SystemVoidSystemSZArrayHelperset_ItemSystemReflectionRuntimePropertyInfoarraySystemInt32SystemReflectionRuntimePropertyInfoarray', ID = '8387'
Method 'SystemVoidSystemSZArrayHelperAddSystemReflectionRuntimePropertyInfoarraySystemReflectionRuntimePropertyInfoarray', ID = '8388'
Method 'SystemBooleanSystemSZArrayHelperContainsSystemReflectionRuntimePropertyInfoarraySystemReflectionRuntimePropertyInfoarray', ID = '8389'
Method 'SystemBooleanSystemSZArrayHelperget_IsReadOnlySystemReflectionRuntimePropertyInfoarray', ID = '8390'
Method 'SystemVoidSystemSZArrayHelperClearSystemReflectionRuntimePropertyInfoarray', ID = '8391'
Method 'SystemInt32SystemSZArrayHelperIndexOfSystemReflectionRuntimePropertyInfoarraySystemReflectionRuntimePropertyInfoarray', ID = '8392'
Method 'SystemVoidSystemSZArrayHelperInsertSystemReflectionRuntimePropertyInfoarraySystemInt32SystemReflectionRuntimePropertyInfoarray', ID = '8393'
Method 'SystemBooleanSystemSZArrayHelperRemoveSystemReflectionRuntimePropertyInfoarraySystemReflectionRuntimePropertyInfoarray', ID = '8394'
Method 'SystemVoidSystemSZArrayHelperRemoveAtSystemReflectionRuntimePropertyInfoarraySystemInt32', ID = '8395'
Method 'SystemVoidSystemSZGenericArrayEnumerator1SystemReflectionRuntimePropertyInfocctor', ID = '8402'
Method 'SystemVoidSystemSZGenericArrayEnumerator1SystemReflectionRuntimePropertyInfoDispose', ID = '8403'
Method 'SystemBooleanSystemSZGenericArrayEnumerator1SystemReflectionRuntimePropertyInfoMoveNext', ID = '8404'
Method 'SystemBooleanSystemReflectionPropertyInfoEqualsSystemObject', ID = '8409'
Method 'SystemInt32SystemReflectionPropertyInfoGetHashCode', ID = '8410'
Method 'SystemStringSystemReflectionRuntimePropertyInfoget_Name', ID = '8411'
Method 'SystemBooleanSystemRuntimeCompilerServicesRuntimeHelpersIsBitwiseEquatableSystemReflectionRuntimePropertyInfo', ID = '8412'
Method 'SystemInt32InternalRuntimeCompilerServicesUnsafeSizeOfSystemReflectionRuntimePropertyInfo', ID = '8413'
Method 'SystemByteInternalRuntimeCompilerServicesUnsafeAsSystemReflectionRuntimePropertyInfoSystemByteSystemReflectionRuntimePropertyInfo', ID = '8414'
Method 'SystemCharInternalRuntimeCompilerServicesUnsafeAsSystemReflectionRuntimePropertyInfoSystemCharSystemReflectionRuntimePropertyInfo', ID = '8415'
Method 'SystemInt32InternalRuntimeCompilerServicesUnsafeAsSystemReflectionRuntimePropertyInfoSystemInt32SystemReflectionRuntimePropertyInfo', ID = '8416'
Method 'SystemInt64InternalRuntimeCompilerServicesUnsafeAsSystemReflectionRuntimePropertyInfoSystemInt64SystemReflectionRuntimePropertyInfo', ID = '8417'
Method 'SystemCollectionsGenericEqualityComparer1SystemReflectionRuntimePropertyInfoSystemCollectionsGenericEqualityComparer1SystemReflectionRuntimePropertyInfoget_Default', ID = '8418'
Method 'SystemInt32SystemCollectionsGenericEqualityComparer1SystemReflectionRuntimePropertyInfoIndexOfSystemReflectionRuntimePropertyInfoarraySystemReflectionRuntimePropertyInfoSystemInt32SystemInt32', ID = '8419'
Method 'SystemVoidCosmosIL2CPUSZArrayImpl1GetEnumeratord__0SystemReflectionRuntimePropertyInfoctorSystemInt32', ID = '8420'
Method 'SystemCollectionsGenericIEnumerator1SystemReflectionRuntimeEventInfoarraySystemSZArrayHelperGetEnumeratorSystemReflectionRuntimeEventInfoarray', ID = '8422'
Method 'SystemVoidSystemSZArrayHelperCopyToSystemReflectionRuntimeEventInfoarraySystemReflectionRuntimeEventInfoarrayarraySystemInt32', ID = '8423'
Method 'SystemInt32SystemSZArrayHelperget_CountSystemReflectionRuntimeEventInfoarray', ID = '8424'
Method 'SystemReflectionRuntimeEventInfoarraySystemSZArrayHelperget_ItemSystemReflectionRuntimeEventInfoarraySystemInt32', ID = '8425'
Method 'SystemVoidSystemSZArrayHelperset_ItemSystemReflectionRuntimeEventInfoarraySystemInt32SystemReflectionRuntimeEventInfoarray', ID = '8426'
Method 'SystemVoidSystemSZArrayHelperAddSystemReflectionRuntimeEventInfoarraySystemReflectionRuntimeEventInfoarray', ID = '8427'
Method 'SystemBooleanSystemSZArrayHelperContainsSystemReflectionRuntimeEventInfoarraySystemReflectionRuntimeEventInfoarray', ID = '8428'
Method 'SystemBooleanSystemSZArrayHelperget_IsReadOnlySystemReflectionRuntimeEventInfoarray', ID = '8429'
Method 'SystemVoidSystemSZArrayHelperClearSystemReflectionRuntimeEventInfoarray', ID = '8430'
Method 'SystemInt32SystemSZArrayHelperIndexOfSystemReflectionRuntimeEventInfoarraySystemReflectionRuntimeEventInfoarray', ID = '8431'
Method 'SystemVoidSystemSZArrayHelperInsertSystemReflectionRuntimeEventInfoarraySystemInt32SystemReflectionRuntimeEventInfoarray', ID = '8432'
Method 'SystemBooleanSystemSZArrayHelperRemoveSystemReflectionRuntimeEventInfoarraySystemReflectionRuntimeEventInfoarray', ID = '8433'
Method 'SystemVoidSystemSZArrayHelperRemoveAtSystemReflectionRuntimeEventInfoarraySystemInt32', ID = '8434'
Method 'SystemVoidSystemSZGenericArrayEnumerator1SystemReflectionRuntimeEventInfocctor', ID = '8441'
Method 'SystemVoidSystemSZGenericArrayEnumerator1SystemReflectionRuntimeEventInfoDispose', ID = '8442'
Method 'SystemBooleanSystemSZGenericArrayEnumerator1SystemReflectionRuntimeEventInfoMoveNext', ID = '8443'
Method 'SystemStringSystemReflectionRuntimeEventInfoToString', ID = '8446'
Method 'SystemBooleanSystemReflectionEventInfoEqualsSystemObject', ID = '8447'
Method 'SystemInt32SystemReflectionEventInfoGetHashCode', ID = '8448'
Method 'SystemStringSystemReflectionRuntimeEventInfoget_Name', ID = '8449'
Method 'SystemBooleanSystemRuntimeCompilerServicesRuntimeHelpersIsBitwiseEquatableSystemReflectionRuntimeEventInfo', ID = '8450'
Method 'SystemInt32InternalRuntimeCompilerServicesUnsafeSizeOfSystemReflectionRuntimeEventInfo', ID = '8451'
Method 'SystemByteInternalRuntimeCompilerServicesUnsafeAsSystemReflectionRuntimeEventInfoSystemByteSystemReflectionRuntimeEventInfo', ID = '8452'
Method 'SystemCharInternalRuntimeCompilerServicesUnsafeAsSystemReflectionRuntimeEventInfoSystemCharSystemReflectionRuntimeEventInfo', ID = '8453'
Method 'SystemInt32InternalRuntimeCompilerServicesUnsafeAsSystemReflectionRuntimeEventInfoSystemInt32SystemReflectionRuntimeEventInfo', ID = '8454'
Method 'SystemInt64InternalRuntimeCompilerServicesUnsafeAsSystemReflectionRuntimeEventInfoSystemInt64SystemReflectionRuntimeEventInfo', ID = '8455'
Method 'SystemCollectionsGenericEqualityComparer1SystemReflectionRuntimeEventInfoSystemCollectionsGenericEqualityComparer1SystemReflectionRuntimeEventInfoget_Default', ID = '8456'
Method 'SystemInt32SystemCollectionsGenericEqualityComparer1SystemReflectionRuntimeEventInfoIndexOfSystemReflectionRuntimeEventInfoarraySystemReflectionRuntimeEventInfoSystemInt32SystemInt32', ID = '8457'
Method 'SystemVoidCosmosIL2CPUSZArrayImpl1GetEnumeratord__0SystemReflectionRuntimeEventInfoctorSystemInt32', ID = '8458'
Method 'SystemVoidSystemSZGenericArrayEnumerator1SystemTypecctor', ID = '8461'
Method 'SystemVoidSystemSZGenericArrayEnumerator1SystemTypeDispose', ID = '8462'
Method 'SystemBooleanSystemSZGenericArrayEnumerator1SystemTypeMoveNext', ID = '8463'
Method 'SystemBooleanSystemRuntimeCompilerServicesRuntimeHelpersIsBitwiseEquatableSystemType', ID = '8464'
Method 'SystemInt32InternalRuntimeCompilerServicesUnsafeSizeOfSystemType', ID = '8465'
Method 'SystemByteInternalRuntimeCompilerServicesUnsafeAsSystemTypeSystemByteSystemType', ID = '8466'
Method 'SystemCharInternalRuntimeCompilerServicesUnsafeAsSystemTypeSystemCharSystemType', ID = '8467'
Method 'SystemInt32InternalRuntimeCompilerServicesUnsafeAsSystemTypeSystemInt32SystemType', ID = '8468'
Method 'SystemInt64InternalRuntimeCompilerServicesUnsafeAsSystemTypeSystemInt64SystemType', ID = '8469'
Method 'SystemCollectionsGenericEqualityComparer1SystemTypeSystemCollectionsGenericEqualityComparer1SystemTypeget_Default', ID = '8470'
Method 'SystemInt32SystemCollectionsGenericEqualityComparer1SystemTypeIndexOfSystemTypearraySystemTypeSystemInt32SystemInt32', ID = '8471'
Method 'SystemVoidCosmosIL2CPUSZArrayImpl1GetEnumeratord__0SystemTypectorSystemInt32', ID = '8472'
Method 'SystemVoidpointerInternalRuntimeCompilerServicesUnsafeAsPointerSystemTypearraySystemTypearray', ID = '8476'
Method 'SystemVoidSystemRuntimeCompilerServicesObjectHandleOnStackctorSystemVoidpointer', ID = '8477'
Method 'SystemVoidCosmosCore_PlugsSystemRuntimeTypeHandleImplGetInstantiationSystemObjectSystemObjectSystemObject', ID = '8479'
Method 'SystemVoidCosmosSystemFileSystemFileSystemctorCosmosHALBlockDevicePartitionSystemStringSystemInt64', ID = '8481'
Method 'SystemVoidCosmosSystemFileSystemFATFatFileSystemset_FileSystemExistsSystemBoolean', ID = '8482'
Method 'SystemBooleanCosmosSystemFileSystemFATFatFileSystemget_FileSystemExists', ID = '8483'
Method 'SystemVoidCosmosSystemFileSystemFATFatFileSystemReadBootSector', ID = '8484'
Method 'SystemVoidSystemIOMemoryStreamctorSystemBytearray', ID = '8486'
Method 'SystemVoidSystemIOBinaryReaderctorSystemIOStream', ID = '8487'
Method 'SystemByteSystemIOBinaryReaderReadByte', ID = '8488'
Method 'SystemBytearraySystemIOBinaryReaderReadBytesSystemInt32', ID = '8489'
Method 'SystemIOStreamSystemIOBinaryReaderget_BaseStream', ID = '8490'
Method 'CosmosSystemFileSystemISO9660ISO9660DirectoryCosmosSystemFileSystemISO9660ISO9660FileSystemReadDirectoryEntrySystemIOBinaryReader', ID = '8492'
Method 'SystemVoidSystemBuffersArrayPool1SystemInt32ctor', ID = '8494'
Method 'SystemVoidSystemSZGenericArrayEnumerator1SystemThreadingTasksTask1SystemInt32cctor', ID = '8495'
Method 'SystemVoidSystemSZGenericArrayEnumerator1SystemThreadingTasksTask1SystemInt32Dispose', ID = '8496'
Method 'SystemBooleanSystemSZGenericArrayEnumerator1SystemThreadingTasksTask1SystemInt32MoveNext', ID = '8497'
Method 'SystemBooleanSystemRuntimeCompilerServicesRuntimeHelpersIsBitwiseEquatableSystemThreadingTasksTask1SystemInt32', ID = '8498'
Method 'SystemInt32InternalRuntimeCompilerServicesUnsafeSizeOfSystemThreadingTasksTask1SystemInt32', ID = '8499'
Method 'SystemByteInternalRuntimeCompilerServicesUnsafeAsSystemThreadingTasksTask1SystemInt32SystemByteSystemThreadingTasksTask1SystemInt32', ID = '8500'
Method 'SystemCharInternalRuntimeCompilerServicesUnsafeAsSystemThreadingTasksTask1SystemInt32SystemCharSystemThreadingTasksTask1SystemInt32', ID = '8501'
Method 'SystemInt32InternalRuntimeCompilerServicesUnsafeAsSystemThreadingTasksTask1SystemInt32SystemInt32SystemThreadingTasksTask1SystemInt32', ID = '8502'
Method 'SystemInt64InternalRuntimeCompilerServicesUnsafeAsSystemThreadingTasksTask1SystemInt32SystemInt64SystemThreadingTasksTask1SystemInt32', ID = '8503'
Method 'SystemCollectionsGenericEqualityComparer1SystemThreadingTasksTask1SystemInt32SystemCollectionsGenericEqualityComparer1SystemThreadingTasksTask1SystemInt32get_Default', ID = '8504'
Method 'SystemInt32SystemCollectionsGenericEqualityComparer1SystemThreadingTasksTask1SystemInt32IndexOfSystemThreadingTasksTask1SystemInt32arraySystemThreadingTasksTask1SystemInt32SystemInt32SystemInt32', ID = '8505'
Method 'SystemVoidCosmosIL2CPUSZArrayImpl1GetEnumeratord__0SystemThreadingTasksTask1SystemInt32ctorSystemInt32', ID = '8506'
Method 'SystemVoidSystemEnvironmentWindowsVersioncctor', ID = '8508'
Method 'SystemVoidSystemDateTimectorSystemInt64SystemDateTimeKind', ID = '8513'
Method 'SystemVoidSystemDateTimeLeapSecondCachector', ID = '8520'
Method 'SystemStringCosmosSystem_PlugsSystemDateTimeImplToString', ID = '8522'
Method 'SystemInt64SystemDateTimeget_Ticks', ID = '8523'
Method 'SystemBooleanCosmosSystem_PlugsSystemDateTimeImplTryFormatSystemSpan1SystemCharSystemInt32SystemReadOnlySpan1SystemCharSystemIFormatProvider', ID = '8524'
Method 'SystemStringCosmosSystem_PlugsSystemDateTimeImplToStringSystemStringSystemIFormatProvider', ID = '8525'
Method 'SystemVoidCosmosSystem_PlugsSystemDateTimeImplcctor', ID = '8526'
Method 'SystemByteCosmosHALRTCget_Century', ID = '8527'
Method 'SystemByteCosmosHALRTCget_Year', ID = '8528'
Method 'SystemByteCosmosHALRTCget_Month', ID = '8529'
Method 'SystemByteCosmosHALRTCget_DayOfTheMonth', ID = '8530'
Method 'SystemByteCosmosHALRTCget_Hour', ID = '8531'
Method 'SystemByteCosmosHALRTCget_Minute', ID = '8532'
Method 'SystemVoidSystemDateTimectorSystemInt32SystemInt32SystemInt32SystemInt32SystemInt32SystemInt32', ID = '8533'
Method 'SystemBooleanSystemValueTuple2SystemInt64SystemDateTimeEqualsSystemValueTuple2SystemInt64SystemDateTime', ID = '8534'
Method 'SystemThreadingTimerQueuearrayInternalRuntimeCompilerServicesUnsafeAsSystemThreadingTimerQueuearraySystemObject', ID = '8536'
Method 'SystemVoidSystemSZGenericArrayEnumerator1SystemThreadingTimerQueuectorSystemThreadingTimerQueuearray', ID = '8537'
Method 'SystemInt32SystemArrayIndexOfSystemThreadingTimerQueueSystemThreadingTimerQueuearraySystemThreadingTimerQueueSystemInt32SystemInt32', ID = '8540'
Method 'SystemCollectionsGenericIEnumerator1SystemThreadingTimerQueueCosmosIL2CPUSZArrayImpl1SystemThreadingTimerQueueGetEnumerator', ID = '8541'
Method 'SystemVoidCosmosIL2CPUSZArrayImpl1SystemThreadingTimerQueueCopyToSystemThreadingTimerQueuearraySystemInt32', ID = '8542'
Method 'SystemInt32CosmosIL2CPUSZArrayImpl1SystemThreadingTimerQueueget_Count', ID = '8543'
Method 'SystemThreadingTimerQueueCosmosIL2CPUSZArrayImpl1SystemThreadingTimerQueueget_ItemSystemInt32', ID = '8544'
Method 'SystemVoidCosmosIL2CPUSZArrayImpl1SystemThreadingTimerQueueset_ItemSystemInt32SystemThreadingTimerQueue', ID = '8545'
Method 'SystemVoidCosmosIL2CPUSZArrayImpl1SystemThreadingTimerQueueAddSystemThreadingTimerQueue', ID = '8546'
Method 'SystemBooleanCosmosIL2CPUSZArrayImpl1SystemThreadingTimerQueueContainsSystemThreadingTimerQueue', ID = '8547'
Method 'SystemBooleanCosmosIL2CPUSZArrayImpl1SystemThreadingTimerQueueget_IsReadOnly', ID = '8548'
Method 'SystemVoidCosmosIL2CPUSZArrayImpl1SystemThreadingTimerQueueClear', ID = '8549'
Method 'SystemInt32CosmosIL2CPUSZArrayImpl1SystemThreadingTimerQueueIndexOfSystemThreadingTimerQueue', ID = '8550'
Method 'SystemVoidCosmosIL2CPUSZArrayImpl1SystemThreadingTimerQueueInsertSystemInt32SystemThreadingTimerQueue', ID = '8551'
Method 'SystemVoidCosmosIL2CPUSZArrayImpl1SystemThreadingTimerQueueRemoveAtSystemInt32', ID = '8552'
Method 'SystemBooleanCosmosIL2CPUSZArrayImpl1SystemThreadingTimerQueueget_IsFixedSize', ID = '8553'
Method 'SystemVoidCosmosIL2CPUSZArrayImpl1SystemThreadingTimerQueueRemoveSystemThreadingTimerQueue', ID = '8554'
Method 'SystemObjectCosmosIL2CPUSZArrayImpl1SystemThreadingTimerQueueget_SyncRoot', ID = '8555'
Method 'SystemBooleanCosmosIL2CPUSZArrayImpl1SystemThreadingTimerQueueget_IsSynchronized', ID = '8556'
Method 'SystemInt32SystemTextEncoderExceptionFallbackBufferget_Remaining', ID = '8557'
Method 'SystemBooleanSystemTextEncoderExceptionFallbackBufferFallbackSystemCharSystemInt32', ID = '8558'
Method 'SystemBooleanSystemTextEncoderExceptionFallbackBufferFallbackSystemCharSystemCharSystemInt32', ID = '8559'
Method 'SystemBooleanSystemTextEncoderExceptionFallbackBufferMovePrevious', ID = '8560'
Method 'SystemCharSystemTextEncoderExceptionFallbackBufferGetNextChar', ID = '8561'
Method 'SystemRuntimeIntrinsicsVector1281SystemSingleInternalRuntimeCompilerServicesUnsafeAsSystemRuntimeIntrinsicsVector1281SystemUInt64SystemRuntimeIntrinsicsVector1281SystemEB507EBAE860D843EFB4A07CC3D5A00B', ID = '8562'
Method 'SystemRuntimeIntrinsicsVector1281SystemDoubleInternalRuntimeCompilerServicesUnsafeAsSystemRuntimeIntrinsicsVector1281SystemUInt64SystemRuntimeIntrinsicsVector1281System2C7D9302356DF4108C5FFA045A66A8AA', ID = '8563'
Method 'SystemBooleanSystemUInt64EqualsSystemUInt64', ID = '8564'
Method 'SystemRuntimeIntrinsicsVector1281SystemSingleInternalRuntimeCompilerServicesUnsafeAsSystemRuntimeIntrinsicsVector1281SystemInt16SystemRuntimeIntrinsicsVector1281SystemSD13364A5CE70452FC8F11390CA0973B5', ID = '8565'
Method 'SystemRuntimeIntrinsicsVector1281SystemDoubleInternalRuntimeCompilerServicesUnsafeAsSystemRuntimeIntrinsicsVector1281SystemInt16SystemRuntimeIntrinsicsVector1281SystemDF23DBE7EBBE724955B57B0C90852D35F', ID = '8566'
Method 'SystemBooleanSystemInt16EqualsSystemInt16', ID = '8567'
Method 'SystemVoidSystemCharConvertToUtf32_ThrowInvalidArgsSystemUInt32', ID = '8568'
Method 'SystemRuntimeIntrinsicsVector1281SystemSingleInternalRuntimeCompilerServicesUnsafeAsSystemRuntimeIntrinsicsVector1281SystemUInt32SystemRuntimeIntrinsicsVector1281System7D00C84329A2417DCEF68A5FDCC0DA01', ID = '8569'
Method 'SystemRuntimeIntrinsicsVector1281SystemDoubleInternalRuntimeCompilerServicesUnsafeAsSystemRuntimeIntrinsicsVector1281SystemUInt32SystemRuntimeIntrinsicsVector1281SystemD5A52A796484216A81516BD2E50FAF3E', ID = '8570'
Method 'SystemRuntimeIntrinsicsVector1281SystemByteInternalRuntimeCompilerServicesUnsafeAsSystemRuntimeIntrinsicsVector1281SystemUInt32SystemRuntimeIntrinsicsVector1281SystemBy25D2EACD4CF50CFBE2129F71F0D910EB', ID = '8571'
Method 'SystemBooleanSystemUInt32EqualsSystemUInt32', ID = '8572'
Method 'SystemVoidCosmosSystem_PlugsSystemGlobalizationEncodingTableImplCctor', ID = '8573'
Method 'SystemVoidCosmosSystem_PlugsSystemGlobalizationEncodingTableImplcctor', ID = '8574'
Method 'SystemBooleanSystemGlobalizationGlobalizationModeTryGetAppLocalIcuSwitchValueSystemString', ID = '8577'
Method 'SystemVoidSystemGlobalizationGlobalizationModeLoadAppLocalIcuSystemString', ID = '8579'
Method 'SystemVoidSystemReadOnlySpan1SystemBooleanctorSystemVoidpointerSystemInt32', ID = '8583'
Method 'SystemBooleanSystemByReference1SystemBooleanget_Value', ID = '8584'
Method 'SystemBooleanInternalRuntimeCompilerServicesUnsafeAddSystemBooleanSystemBooleanSystemIntPtr', ID = '8585'
Method 'SystemInt32CosmosCore_PlugsInteropKernel32ImplFindNLSStringExSystemCharpointerSystemUInt32SystemCharpointerSystemInt32SystemCharpointerSystemInt32SystemInt32pointerSystA4A2156931B08123ABAA98F6E49BF551', ID = '8587'
Method 'SystemVoidCosmosIL2CPUSZArrayImpl1GetEnumeratord__0SystemReflectionAssemblySystemIDisposableDispose', ID = '8592'
Method 'SystemBooleanCosmosIL2CPUSZArrayImpl1GetEnumeratord__0SystemReflectionAssemblyMoveNext', ID = '8593'
Method 'SystemVoidSystemCollectionsGenericEqualityComparer1SystemCollectionsGenericKeyValuePair2SystemStringSystemReflectionAssemblycctor', ID = '8594'
Method 'SystemVoidSystemGlobalizationGregorianCalendarcctor', ID = '8596'
Method 'SystemGlobalizationCalendarIdSystemGlobalizationGregorianCalendarget_ID', ID = '8598'
Method 'SystemVoidSystemGlobalizationCalendarctor', ID = '8599'
Method 'SystemVoidSystemArgumentOutOfRangeExceptionctorSystemStringSystemObjectSystemString', ID = '8600'
Method 'SystemBooleanSystemLocalAppContextSwitchesGetCachedSwitchValueInternalSystemStringSystemInt32', ID = '8601'
Method 'SystemInt32SystemGlobalizationCultureDataIndexOfTimePartSystemStringSystemInt32SystemString', ID = '8602'
Method 'SystemStringSystemGlobalizationCultureDataUnescapeNlsStringSystemStringSystemInt32SystemInt32', ID = '8603'
Method 'SystemRandomXoshiroImplSystemRandomThreadSafeRandomCreate', ID = '8606'
Method 'SystemVoidSystemRandomXoshiroImplNextBytesSystemBytearray', ID = '8607'
Method 'SystemObjectCosmosCore_PlugsSystemRuntimeTypeHandleImplGetAttributesSystemObject', ID = '8608'
Method 'SystemVoidCosmosCore_PlugsSystemRuntimeTypeHandleImplGetConstraintsSystemObjectSystemObject', ID = '8609'
Method 'SystemVoidSystemReflectionMetadataImportcctor', ID = '8610'
Method 'SystemBooleanSystemReflectionMetadataImportEqualsSystemObject', ID = '8611'
Method 'SystemInt32SystemReflectionMetadataImportGetHashCode', ID = '8612'
Method 'SystemIntPtrCosmosCore_PlugsSystemRuntimeTypeHandleImpl_GetMetadataImportSystemObject', ID = '8613'
Method 'SystemInt32CosmosSystem_PlugsSystemReflectionRuntimeMethodInfoImplget_MetadataToken', ID = '8615'
Method 'SystemInt32CosmosSystem_PlugsSystemReflectionRuntimeConstructorInfoImplget_MetadataToken', ID = '8616'
Method 'SystemVoidCosmosCore_PlugsSystemReflectionMetadataImportImpl__GetGenericParamPropsSystemIntPtrSystemInt32SystemInt32pointer', ID = '8617'
Method 'SystemVoidSystemGlobalizationTextInfoPopulateIsAsciiCasingSameAsInvariant', ID = '8618'
Method 'SystemVoidSystemGlobalizationTextInfoNlsChangeCaseSystemCharpointerSystemInt32SystemCharpointerSystemInt32SystemBoolean', ID = '8619'
Method 'SystemVoidSystemGlobalizationTextInfoIcuChangeCaseSystemCharpointerSystemInt32SystemCharpointerSystemInt32SystemBoolean', ID = '8620'
Method 'SystemReadOnlySpan1SystemByteSystemGlobalizationOrdinalCasingget_s_casingTableInit', ID = '8624'
Method 'SystemVoidCosmosCore_PlugsInteropGlobalizationImplInitOrdinalCasingPageSystemInt32SystemCharpointer', ID = '8625'
Method 'SystemThreadingVolatileVolatileObjectInternalRuntimeCompilerServicesUnsafeAsSystemUInt16arraySystemThreadingVolatileVolatileObjectSystemUInt16array', ID = '8626'
Method 'SystemStringSystemNumericsVector1SystemSByteToString', ID = '8628'
Method 'SystemBooleanSystemNumericsVector1SystemSByteEqualsSystemObject', ID = '8629'
Method 'SystemInt32SystemNumericsVector1SystemSByteGetHashCode', ID = '8630'
Method 'SystemStringSystemNumericsVector1SystemSByteToStringSystemStringSystemIFormatProvider', ID = '8631'
Method 'SystemSByteSystemNumericsVector1SystemSByteGetElementSystemIntPtr', ID = '8633'
Method 'SystemBooleanSystemNumericsVector1SystemSByteScalarLessThanSystemSByteSystemSByte', ID = '8634'
Method 'SystemSByteSystemNumericsVector1SystemSByteGetAllBitsSetValue', ID = '8635'
Method 'SystemVoidSystemNumericsVector1SystemSByteSetElementSystemIntPtrSystemSByte', ID = '8636'
Method 'SystemInt32SystemNumericsVector1SystemSByteget_Count', ID = '8637'
Method 'SystemNumericsVector1SystemInt32InternalRuntimeCompilerServicesUnsafeAsSystemNumericsVector1SystemSByteSystemNumericsVector1SystemInt32SystemNumericsVector1SystemSByte', ID = '8638'
Method 'SystemNumericsVector1SystemByteInternalRuntimeCompilerServicesUnsafeAsSystemNumericsVector1SystemSByteSystemNumericsVector1SystemByteSystemNumericsVector1SystemSByte', ID = '8639'
Method 'SystemVoidSystemTextDecoderReplacementFallbackBufferctorSystemTextDecoderReplacementFallback', ID = '8640'
Method 'SystemVoidSystemTextDecoderExceptionFallbackBufferctor', ID = '8641'
Method 'SystemVoidSystemTextRunectorSystemUInt32', ID = '8642'
Method 'SystemUIntPtrSystemTextASCIIUtilityGetIndexOfFirstNonAsciiByte_DefaultSystemBytepointerSystemUIntPtr', ID = '8644'
Method 'SystemUIntPtrSystemTextASCIIUtilityGetIndexOfFirstNonAsciiByte_IntrinsifiedSystemBytepointerSystemUIntPtr', ID = '8645'
Method 'SystemUInt32SystemTextASCIIUtilityCountNumberOfLeadingAsciiBytesFromUInt32WithSomeNonAsciiDataSystemUInt32', ID = '8646'
Method 'SystemBooleanSystemTextUnicodeUtf8UtilityIsUtf8ContinuationByteSystemByte', ID = '8647'
Method 'SystemInt32SystemTextDecoderFallbackBufferDrainRemainingDataForGetCharCount', ID = '8648'
Method 'SystemReadOnlySpan1SystemByteSystemGlobalizationIcuLocaleDataget_LocalesNamesIndexes', ID = '8649'
Method 'SystemReadOnlySpan1SystemByteSystemGlobalizationIcuLocaleDataget_CultureNames', ID = '8650'
Method 'SystemInt32SystemSpanHelpersSequenceCompareToSystemByteSystemInt32SystemByteSystemInt32', ID = '8651'
Method 'SystemInt32SystemSpanHelpersSequenceCompareToSystemCharSystemInt32SystemCharSystemInt32', ID = '8652'
Method 'SystemInt32SystemSpanHelpersSequenceCompareToSystemByteSystemByteSystemInt32SystemByteSystemInt32', ID = '8653'
Method 'SystemReflectionRuntimeMethodInfoarrayarrayInternalRuntimeCompilerServicesUnsafeAsSystemReflectionRuntimeMethodInfoarrayarraySystemObject', ID = '8656'
Method 'SystemVoidSystemSZGenericArrayEnumerator1SystemReflectionRuntimeMethodInfoarrayctorSystemReflectionRuntimeMethodInfoarrayarray', ID = '8657'
Method 'SystemInt32SystemArrayIndexOfSystemReflectionRuntimeMethodInfoarraySystemReflectionRuntimeMethodInfoarrayarraySystemReflectionRuntimeMethodInfoarraySystemInt32SystemInt32', ID = '8660'
Method 'SystemCollectionsGenericIEnumerator1SystemReflectionRuntimeMethodInfoarrayCosmosIL2CPUSZArrayImpl1SystemReflectionRuntimeMethodInfoarrayGetEnumerator', ID = '8661'
Method 'SystemVoidCosmosIL2CPUSZArrayImpl1SystemReflectionRuntimeMethodInfoarrayCopyToSystemReflectionRuntimeMethodInfoarrayarraySystemInt32', ID = '8662'
Method 'SystemInt32CosmosIL2CPUSZArrayImpl1SystemReflectionRuntimeMethodInfoarrayget_Count', ID = '8663'
Method 'SystemReflectionRuntimeMethodInfoarrayCosmosIL2CPUSZArrayImpl1SystemReflectionRuntimeMethodInfoarrayget_ItemSystemInt32', ID = '8664'
Method 'SystemVoidCosmosIL2CPUSZArrayImpl1SystemReflectionRuntimeMethodInfoarrayset_ItemSystemInt32SystemReflectionRuntimeMethodInfoarray', ID = '8665'
Method 'SystemVoidCosmosIL2CPUSZArrayImpl1SystemReflectionRuntimeMethodInfoarrayAddSystemReflectionRuntimeMethodInfoarray', ID = '8666'
Method 'SystemBooleanCosmosIL2CPUSZArrayImpl1SystemReflectionRuntimeMethodInfoarrayContainsSystemReflectionRuntimeMethodInfoarray', ID = '8667'
Method 'SystemBooleanCosmosIL2CPUSZArrayImpl1SystemReflectionRuntimeMethodInfoarrayget_IsReadOnly', ID = '8668'
Method 'SystemVoidCosmosIL2CPUSZArrayImpl1SystemReflectionRuntimeMethodInfoarrayClear', ID = '8669'
Method 'SystemInt32CosmosIL2CPUSZArrayImpl1SystemReflectionRuntimeMethodInfoarrayIndexOfSystemReflectionRuntimeMethodInfoarray', ID = '8670'
Method 'SystemVoidCosmosIL2CPUSZArrayImpl1SystemReflectionRuntimeMethodInfoarrayInsertSystemInt32SystemReflectionRuntimeMethodInfoarray', ID = '8671'
Method 'SystemVoidCosmosIL2CPUSZArrayImpl1SystemReflectionRuntimeMethodInfoarrayRemoveAtSystemInt32', ID = '8672'
Method 'SystemBooleanCosmosIL2CPUSZArrayImpl1SystemReflectionRuntimeMethodInfoarrayget_IsFixedSize', ID = '8673'
Method 'SystemVoidCosmosIL2CPUSZArrayImpl1SystemReflectionRuntimeMethodInfoarrayRemoveSystemReflectionRuntimeMethodInfoarray', ID = '8674'
Method 'SystemObjectCosmosIL2CPUSZArrayImpl1SystemReflectionRuntimeMethodInfoarrayget_SyncRoot', ID = '8675'
Method 'SystemBooleanCosmosIL2CPUSZArrayImpl1SystemReflectionRuntimeMethodInfoarrayget_IsSynchronized', ID = '8676'
Method 'SystemBooleanSystemReflectionMethodInfoEqualsSystemObject', ID = '8677'
Method 'SystemInt32SystemReflectionMethodInfoGetHashCode', ID = '8678'
Method 'SystemCollectionsGenericIEnumerator1SystemReflectionParameterInfoSystemSZArrayHelperGetEnumeratorSystemReflectionParameterInfo', ID = '8679'
Method 'SystemVoidSystemSZArrayHelperCopyToSystemReflectionParameterInfoSystemReflectionParameterInfoarraySystemInt32', ID = '8680'
Method 'SystemInt32SystemSZArrayHelperget_CountSystemReflectionParameterInfo', ID = '8681'
Method 'SystemReflectionParameterInfoSystemSZArrayHelperget_ItemSystemReflectionParameterInfoSystemInt32', ID = '8682'
Method 'SystemVoidSystemSZArrayHelperset_ItemSystemReflectionParameterInfoSystemInt32SystemReflectionParameterInfo', ID = '8683'
Method 'SystemVoidSystemSZArrayHelperAddSystemReflectionParameterInfoSystemReflectionParameterInfo', ID = '8684'
Method 'SystemBooleanSystemSZArrayHelperContainsSystemReflectionParameterInfoSystemReflectionParameterInfo', ID = '8685'
Method 'SystemBooleanSystemSZArrayHelperget_IsReadOnlySystemReflectionParameterInfo', ID = '8686'
Method 'SystemVoidSystemSZArrayHelperClearSystemReflectionParameterInfo', ID = '8687'
Method 'SystemInt32SystemSZArrayHelperIndexOfSystemReflectionParameterInfoSystemReflectionParameterInfo', ID = '8688'
Method 'SystemVoidSystemSZArrayHelperInsertSystemReflectionParameterInfoSystemInt32SystemReflectionParameterInfo', ID = '8689'
Method 'SystemBooleanSystemSZArrayHelperRemoveSystemReflectionParameterInfoSystemReflectionParameterInfo', ID = '8690'
Method 'SystemVoidSystemSZArrayHelperRemoveAtSystemReflectionParameterInfoSystemInt32', ID = '8691'
Method 'SystemStringSystemReflectionParameterInfoToString', ID = '8699'
Method 'SystemStringCosmosSystem_PlugsSystemReflectionRuntimeMethodInfoImplToString', ID = '8702'
Method 'SystemBooleanCosmosSystem_PlugsSystemReflectionRuntimeMethodInfoImplEqualsSystemObject', ID = '8703'
Method 'SystemBooleanSystemReflectionMethodBaseget_IsGenericMethod', ID = '8704'
Method 'SystemVoidCosmosIL2CPUSZArrayImpl1GetEnumeratord__0SystemReflectionRuntimeMethodInfoSystemIDisposableDispose', ID = '8710'
Method 'SystemBooleanCosmosIL2CPUSZArrayImpl1GetEnumeratord__0SystemReflectionRuntimeMethodInfoMoveNext', ID = '8711'
Method 'SystemReflectionRuntimeConstructorInfoarrayarrayInternalRuntimeCompilerServicesUnsafeAsSystemReflectionRuntimeConstructorInfoarrayarraySystemObject', ID = '8713'
Method 'SystemVoidSystemSZGenericArrayEnumerator1SystemReflectionRuntimeConstructorInfoarrayctorSystemReflectionRuntimeConstructorInfoarrayarray', ID = '8714'
Method 'SystemInt32SystemArrayIndexOfSystemReflectionRuntimeConstructorInfoarraySystemReflectionRuntimeConstructorInfoarrayarraySystemReflectionRuntimeConstructorInfoarraySystemInt32SystemInt32', ID = '8717'
Method 'SystemCollectionsGenericIEnumerator1SystemReflectionRuntimeConstructorInfoarrayCosmosIL2CPUSZArrayImpl1SystemReflectionRuntimeConstructorInfoarrayGetEnumerator', ID = '8718'
Method 'SystemVoidCosmosIL2CPUSZArrayImpl1SystemReflectionRuntimeConstructorInfoarrayCopyToSystemReflectionRuntimeConstructorInfoarrayarraySystemInt32', ID = '8719'
Method 'SystemInt32CosmosIL2CPUSZArrayImpl1SystemReflectionRuntimeConstructorInfoarrayget_Count', ID = '8720'
Method 'SystemReflectionRuntimeConstructorInfoarrayCosmosIL2CPUSZArrayImpl1SystemReflectionRuntimeConstructorInfoarrayget_ItemSystemInt32', ID = '8721'
Method 'SystemVoidCosmosIL2CPUSZArrayImpl1SystemReflectionRuntimeConstructorInfoarrayset_ItemSystemInt32SystemReflectionRuntimeConstructorInfoarray', ID = '8722'
Method 'SystemVoidCosmosIL2CPUSZArrayImpl1SystemReflectionRuntimeConstructorInfoarrayAddSystemReflectionRuntimeConstructorInfoarray', ID = '8723'
Method 'SystemBooleanCosmosIL2CPUSZArrayImpl1SystemReflectionRuntimeConstructorInfoarrayContainsSystemReflectionRuntimeConstructorInfoarray', ID = '8724'
Method 'SystemBooleanCosmosIL2CPUSZArrayImpl1SystemReflectionRuntimeConstructorInfoarrayget_IsReadOnly', ID = '8725'
Method 'SystemVoidCosmosIL2CPUSZArrayImpl1SystemReflectionRuntimeConstructorInfoarrayClear', ID = '8726'
Method 'SystemInt32CosmosIL2CPUSZArrayImpl1SystemReflectionRuntimeConstructorInfoarrayIndexOfSystemReflectionRuntimeConstructorInfoarray', ID = '8727'
Method 'SystemVoidCosmosIL2CPUSZArrayImpl1SystemReflectionRuntimeConstructorInfoarrayInsertSystemInt32SystemReflectionRuntimeConstructorInfoarray', ID = '8728'
Method 'SystemVoidCosmosIL2CPUSZArrayImpl1SystemReflectionRuntimeConstructorInfoarrayRemoveAtSystemInt32', ID = '8729'
Method 'SystemBooleanCosmosIL2CPUSZArrayImpl1SystemReflectionRuntimeConstructorInfoarrayget_IsFixedSize', ID = '8730'
Method 'SystemVoidCosmosIL2CPUSZArrayImpl1SystemReflectionRuntimeConstructorInfoarrayRemoveSystemReflectionRuntimeConstructorInfoarray', ID = '8731'
Method 'SystemObjectCosmosIL2CPUSZArrayImpl1SystemReflectionRuntimeConstructorInfoarrayget_SyncRoot', ID = '8732'
Method 'SystemBooleanCosmosIL2CPUSZArrayImpl1SystemReflectionRuntimeConstructorInfoarrayget_IsSynchronized', ID = '8733'
Method 'SystemVoidSystemReflectionConstructorInfocctor', ID = '8734'
Method 'SystemVoidSystemTextValueStringBuilderctorSystemInt32', ID = '8735'
Method 'SystemTypearraySystemReflectionMethodBaseGetParameterTypes', ID = '8736'
Method 'SystemReflectionCallingConventionsSystemReflectionMethodBaseget_CallingConvention', ID = '8737'
Method 'SystemVoidSystemReflectionMethodBaseAppendParametersSystemTextValueStringBuilderSystemTypearraySystemReflectionCallingConventions', ID = '8738'
Method 'SystemVoidCosmosIL2CPUSZArrayImpl1GetEnumeratord__0SystemReflectionRuntimeConstructorInfoSystemIDisposableDispose', ID = '8743'
Method 'SystemBooleanCosmosIL2CPUSZArrayImpl1GetEnumeratord__0SystemReflectionRuntimeConstructorInfoMoveNext', ID = '8744'
Method 'SystemReflectionRuntimeFieldInfoarrayarrayInternalRuntimeCompilerServicesUnsafeAsSystemReflectionRuntimeFieldInfoarrayarraySystemObject', ID = '8746'
Method 'SystemVoidSystemSZGenericArrayEnumerator1SystemReflectionRuntimeFieldInfoarrayctorSystemReflectionRuntimeFieldInfoarrayarray', ID = '8747'
Method 'SystemInt32SystemArrayIndexOfSystemReflectionRuntimeFieldInfoarraySystemReflectionRuntimeFieldInfoarrayarraySystemReflectionRuntimeFieldInfoarraySystemInt32SystemInt32', ID = '8750'
Method 'SystemCollectionsGenericIEnumerator1SystemReflectionRuntimeFieldInfoarrayCosmosIL2CPUSZArrayImpl1SystemReflectionRuntimeFieldInfoarrayGetEnumerator', ID = '8751'
Method 'SystemVoidCosmosIL2CPUSZArrayImpl1SystemReflectionRuntimeFieldInfoarrayCopyToSystemReflectionRuntimeFieldInfoarrayarraySystemInt32', ID = '8752'
Method 'SystemInt32CosmosIL2CPUSZArrayImpl1SystemReflectionRuntimeFieldInfoarrayget_Count', ID = '8753'
Method 'SystemReflectionRuntimeFieldInfoarrayCosmosIL2CPUSZArrayImpl1SystemReflectionRuntimeFieldInfoarrayget_ItemSystemInt32', ID = '8754'
Method 'SystemVoidCosmosIL2CPUSZArrayImpl1SystemReflectionRuntimeFieldInfoarrayset_ItemSystemInt32SystemReflectionRuntimeFieldInfoarray', ID = '8755'
Method 'SystemVoidCosmosIL2CPUSZArrayImpl1SystemReflectionRuntimeFieldInfoarrayAddSystemReflectionRuntimeFieldInfoarray', ID = '8756'
Method 'SystemBooleanCosmosIL2CPUSZArrayImpl1SystemReflectionRuntimeFieldInfoarrayContainsSystemReflectionRuntimeFieldInfoarray', ID = '8757'
Method 'SystemBooleanCosmosIL2CPUSZArrayImpl1SystemReflectionRuntimeFieldInfoarrayget_IsReadOnly', ID = '8758'
Method 'SystemVoidCosmosIL2CPUSZArrayImpl1SystemReflectionRuntimeFieldInfoarrayClear', ID = '8759'
Method 'SystemInt32CosmosIL2CPUSZArrayImpl1SystemReflectionRuntimeFieldInfoarrayIndexOfSystemReflectionRuntimeFieldInfoarray', ID = '8760'
Method 'SystemVoidCosmosIL2CPUSZArrayImpl1SystemReflectionRuntimeFieldInfoarrayInsertSystemInt32SystemReflectionRuntimeFieldInfoarray', ID = '8761'
Method 'SystemVoidCosmosIL2CPUSZArrayImpl1SystemReflectionRuntimeFieldInfoarrayRemoveAtSystemInt32', ID = '8762'
Method 'SystemBooleanCosmosIL2CPUSZArrayImpl1SystemReflectionRuntimeFieldInfoarrayget_IsFixedSize', ID = '8763'
Method 'SystemVoidCosmosIL2CPUSZArrayImpl1SystemReflectionRuntimeFieldInfoarrayRemoveSystemReflectionRuntimeFieldInfoarray', ID = '8764'
Method 'SystemObjectCosmosIL2CPUSZArrayImpl1SystemReflectionRuntimeFieldInfoarrayget_SyncRoot', ID = '8765'
Method 'SystemBooleanCosmosIL2CPUSZArrayImpl1SystemReflectionRuntimeFieldInfoarrayget_IsSynchronized', ID = '8766'
Method 'SystemStringSystemTypeFormatTypeName', ID = '8768'
Method 'SystemVoidCosmosIL2CPUSZArrayImpl1GetEnumeratord__0SystemReflectionRuntimeFieldInfoSystemIDisposableDispose', ID = '8773'
Method 'SystemBooleanCosmosIL2CPUSZArrayImpl1GetEnumeratord__0SystemReflectionRuntimeFieldInfoMoveNext', ID = '8774'
Method 'SystemRuntimeTypearrayarrayInternalRuntimeCompilerServicesUnsafeAsSystemRuntimeTypearrayarraySystemObject', ID = '8776'
Method 'SystemVoidSystemSZGenericArrayEnumerator1SystemRuntimeTypearrayctorSystemRuntimeTypearrayarray', ID = '8777'
Method 'SystemInt32SystemArrayIndexOfSystemRuntimeTypearraySystemRuntimeTypearrayarraySystemRuntimeTypearraySystemInt32SystemInt32', ID = '8780'
Method 'SystemCollectionsGenericIEnumerator1SystemRuntimeTypearrayCosmosIL2CPUSZArrayImpl1SystemRuntimeTypearrayGetEnumerator', ID = '8781'
Method 'SystemVoidCosmosIL2CPUSZArrayImpl1SystemRuntimeTypearrayCopyToSystemRuntimeTypearrayarraySystemInt32', ID = '8782'
Method 'SystemInt32CosmosIL2CPUSZArrayImpl1SystemRuntimeTypearrayget_Count', ID = '8783'
Method 'SystemRuntimeTypearrayCosmosIL2CPUSZArrayImpl1SystemRuntimeTypearrayget_ItemSystemInt32', ID = '8784'
Method 'SystemVoidCosmosIL2CPUSZArrayImpl1SystemRuntimeTypearrayset_ItemSystemInt32SystemRuntimeTypearray', ID = '8785'
Method 'SystemVoidCosmosIL2CPUSZArrayImpl1SystemRuntimeTypearrayAddSystemRuntimeTypearray', ID = '8786'
Method 'SystemBooleanCosmosIL2CPUSZArrayImpl1SystemRuntimeTypearrayContainsSystemRuntimeTypearray', ID = '8787'
Method 'SystemBooleanCosmosIL2CPUSZArrayImpl1SystemRuntimeTypearrayget_IsReadOnly', ID = '8788'
Method 'SystemVoidCosmosIL2CPUSZArrayImpl1SystemRuntimeTypearrayClear', ID = '8789'
Method 'SystemInt32CosmosIL2CPUSZArrayImpl1SystemRuntimeTypearrayIndexOfSystemRuntimeTypearray', ID = '8790'
Method 'SystemVoidCosmosIL2CPUSZArrayImpl1SystemRuntimeTypearrayInsertSystemInt32SystemRuntimeTypearray', ID = '8791'
Method 'SystemVoidCosmosIL2CPUSZArrayImpl1SystemRuntimeTypearrayRemoveAtSystemInt32', ID = '8792'
Method 'SystemBooleanCosmosIL2CPUSZArrayImpl1SystemRuntimeTypearrayget_IsFixedSize', ID = '8793'
Method 'SystemVoidCosmosIL2CPUSZArrayImpl1SystemRuntimeTypearrayRemoveSystemRuntimeTypearray', ID = '8794'
Method 'SystemObjectCosmosIL2CPUSZArrayImpl1SystemRuntimeTypearrayget_SyncRoot', ID = '8795'
Method 'SystemBooleanCosmosIL2CPUSZArrayImpl1SystemRuntimeTypearrayget_IsSynchronized', ID = '8796'
Method 'SystemVoidCosmosIL2CPUSZArrayImpl1GetEnumeratord__0SystemRuntimeTypeSystemIDisposableDispose', ID = '8801'
Method 'SystemBooleanCosmosIL2CPUSZArrayImpl1GetEnumeratord__0SystemRuntimeTypeMoveNext', ID = '8802'
Method 'SystemReflectionRuntimePropertyInfoarrayarrayInternalRuntimeCompilerServicesUnsafeAsSystemReflectionRuntimePropertyInfoarrayarraySystemObject', ID = '8804'
Method 'SystemVoidSystemSZGenericArrayEnumerator1SystemReflectionRuntimePropertyInfoarrayctorSystemReflectionRuntimePropertyInfoarrayarray', ID = '8805'
Method 'SystemInt32SystemArrayIndexOfSystemReflectionRuntimePropertyInfoarraySystemReflectionRuntimePropertyInfoarrayarraySystemReflectionRuntimePropertyInfoarraySystemInt32SystemInt32', ID = '8808'
Method 'SystemCollectionsGenericIEnumerator1SystemReflectionRuntimePropertyInfoarrayCosmosIL2CPUSZArrayImpl1SystemReflectionRuntimePropertyInfoarrayGetEnumerator', ID = '8809'
Method 'SystemVoidCosmosIL2CPUSZArrayImpl1SystemReflectionRuntimePropertyInfoarrayCopyToSystemReflectionRuntimePropertyInfoarrayarraySystemInt32', ID = '8810'
Method 'SystemInt32CosmosIL2CPUSZArrayImpl1SystemReflectionRuntimePropertyInfoarrayget_Count', ID = '8811'
Method 'SystemReflectionRuntimePropertyInfoarrayCosmosIL2CPUSZArrayImpl1SystemReflectionRuntimePropertyInfoarrayget_ItemSystemInt32', ID = '8812'
Method 'SystemVoidCosmosIL2CPUSZArrayImpl1SystemReflectionRuntimePropertyInfoarrayset_ItemSystemInt32SystemReflectionRuntimePropertyInfoarray', ID = '8813'
Method 'SystemVoidCosmosIL2CPUSZArrayImpl1SystemReflectionRuntimePropertyInfoarrayAddSystemReflectionRuntimePropertyInfoarray', ID = '8814'
Method 'SystemBooleanCosmosIL2CPUSZArrayImpl1SystemReflectionRuntimePropertyInfoarrayContainsSystemReflectionRuntimePropertyInfoarray', ID = '8815'
Method 'SystemBooleanCosmosIL2CPUSZArrayImpl1SystemReflectionRuntimePropertyInfoarrayget_IsReadOnly', ID = '8816'
Method 'SystemVoidCosmosIL2CPUSZArrayImpl1SystemReflectionRuntimePropertyInfoarrayClear', ID = '8817'
Method 'SystemInt32CosmosIL2CPUSZArrayImpl1SystemReflectionRuntimePropertyInfoarrayIndexOfSystemReflectionRuntimePropertyInfoarray', ID = '8818'
Method 'SystemVoidCosmosIL2CPUSZArrayImpl1SystemReflectionRuntimePropertyInfoarrayInsertSystemInt32SystemReflectionRuntimePropertyInfoarray', ID = '8819'
Method 'SystemVoidCosmosIL2CPUSZArrayImpl1SystemReflectionRuntimePropertyInfoarrayRemoveAtSystemInt32', ID = '8820'
Method 'SystemBooleanCosmosIL2CPUSZArrayImpl1SystemReflectionRuntimePropertyInfoarrayget_IsFixedSize', ID = '8821'
Method 'SystemVoidCosmosIL2CPUSZArrayImpl1SystemReflectionRuntimePropertyInfoarrayRemoveSystemReflectionRuntimePropertyInfoarray', ID = '8822'
Method 'SystemObjectCosmosIL2CPUSZArrayImpl1SystemReflectionRuntimePropertyInfoarrayget_SyncRoot', ID = '8823'
Method 'SystemBooleanCosmosIL2CPUSZArrayImpl1SystemReflectionRuntimePropertyInfoarrayget_IsSynchronized', ID = '8824'
Method 'SystemCollectionsGenericIEnumerator1SystemReflectionMethodInfoSystemSZArrayHelperGetEnumeratorSystemReflectionMethodInfo', ID = '8825'
Method 'SystemVoidSystemSZArrayHelperCopyToSystemReflectionMethodInfoSystemReflectionMethodInfoarraySystemInt32', ID = '8826'
Method 'SystemInt32SystemSZArrayHelperget_CountSystemReflectionMethodInfo', ID = '8827'
Method 'SystemReflectionMethodInfoSystemSZArrayHelperget_ItemSystemReflectionMethodInfoSystemInt32', ID = '8828'
Method 'SystemVoidSystemSZArrayHelperset_ItemSystemReflectionMethodInfoSystemInt32SystemReflectionMethodInfo', ID = '8829'
Method 'SystemVoidSystemSZArrayHelperAddSystemReflectionMethodInfoSystemReflectionMethodInfo', ID = '8830'
Method 'SystemBooleanSystemSZArrayHelperContainsSystemReflectionMethodInfoSystemReflectionMethodInfo', ID = '8831'
Method 'SystemBooleanSystemSZArrayHelperget_IsReadOnlySystemReflectionMethodInfo', ID = '8832'
Method 'SystemVoidSystemSZArrayHelperClearSystemReflectionMethodInfo', ID = '8833'
Method 'SystemInt32SystemSZArrayHelperIndexOfSystemReflectionMethodInfoSystemReflectionMethodInfo', ID = '8834'
Method 'SystemVoidSystemSZArrayHelperInsertSystemReflectionMethodInfoSystemInt32SystemReflectionMethodInfo', ID = '8835'
Method 'SystemBooleanSystemSZArrayHelperRemoveSystemReflectionMethodInfoSystemReflectionMethodInfo', ID = '8836'
Method 'SystemVoidSystemSZArrayHelperRemoveAtSystemReflectionMethodInfoSystemInt32', ID = '8837'
Method 'SystemStringCosmosSystem_PlugsSystemReflectionRuntimePropertyInfoImplToString', ID = '8844'
Method 'SystemVoidSystemMdUtf8StringctorSystemVoidpointer', ID = '8845'
Method 'SystemVoidCosmosIL2CPUSZArrayImpl1GetEnumeratord__0SystemReflectionRuntimePropertyInfoSystemIDisposableDispose', ID = '8851'
Method 'SystemBooleanCosmosIL2CPUSZArrayImpl1GetEnumeratord__0SystemReflectionRuntimePropertyInfoMoveNext', ID = '8852'
Method 'SystemReflectionRuntimeEventInfoarrayarrayInternalRuntimeCompilerServicesUnsafeAsSystemReflectionRuntimeEventInfoarrayarraySystemObject', ID = '8854'
Method 'SystemVoidSystemSZGenericArrayEnumerator1SystemReflectionRuntimeEventInfoarrayctorSystemReflectionRuntimeEventInfoarrayarray', ID = '8855'
Method 'SystemInt32SystemArrayIndexOfSystemReflectionRuntimeEventInfoarraySystemReflectionRuntimeEventInfoarrayarraySystemReflectionRuntimeEventInfoarraySystemInt32SystemInt32', ID = '8858'
Method 'SystemCollectionsGenericIEnumerator1SystemReflectionRuntimeEventInfoarrayCosmosIL2CPUSZArrayImpl1SystemReflectionRuntimeEventInfoarrayGetEnumerator', ID = '8859'
Method 'SystemVoidCosmosIL2CPUSZArrayImpl1SystemReflectionRuntimeEventInfoarrayCopyToSystemReflectionRuntimeEventInfoarrayarraySystemInt32', ID = '8860'
Method 'SystemInt32CosmosIL2CPUSZArrayImpl1SystemReflectionRuntimeEventInfoarrayget_Count', ID = '8861'
Method 'SystemReflectionRuntimeEventInfoarrayCosmosIL2CPUSZArrayImpl1SystemReflectionRuntimeEventInfoarrayget_ItemSystemInt32', ID = '8862'
Method 'SystemVoidCosmosIL2CPUSZArrayImpl1SystemReflectionRuntimeEventInfoarrayset_ItemSystemInt32SystemReflectionRuntimeEventInfoarray', ID = '8863'
Method 'SystemVoidCosmosIL2CPUSZArrayImpl1SystemReflectionRuntimeEventInfoarrayAddSystemReflectionRuntimeEventInfoarray', ID = '8864'
Method 'SystemBooleanCosmosIL2CPUSZArrayImpl1SystemReflectionRuntimeEventInfoarrayContainsSystemReflectionRuntimeEventInfoarray', ID = '8865'
Method 'SystemBooleanCosmosIL2CPUSZArrayImpl1SystemReflectionRuntimeEventInfoarrayget_IsReadOnly', ID = '8866'
Method 'SystemVoidCosmosIL2CPUSZArrayImpl1SystemReflectionRuntimeEventInfoarrayClear', ID = '8867'
Method 'SystemInt32CosmosIL2CPUSZArrayImpl1SystemReflectionRuntimeEventInfoarrayIndexOfSystemReflectionRuntimeEventInfoarray', ID = '8868'
Method 'SystemVoidCosmosIL2CPUSZArrayImpl1SystemReflectionRuntimeEventInfoarrayInsertSystemInt32SystemReflectionRuntimeEventInfoarray', ID = '8869'
Method 'SystemVoidCosmosIL2CPUSZArrayImpl1SystemReflectionRuntimeEventInfoarrayRemoveAtSystemInt32', ID = '8870'
Method 'SystemBooleanCosmosIL2CPUSZArrayImpl1SystemReflectionRuntimeEventInfoarrayget_IsFixedSize', ID = '8871'
Method 'SystemVoidCosmosIL2CPUSZArrayImpl1SystemReflectionRuntimeEventInfoarrayRemoveSystemReflectionRuntimeEventInfoarray', ID = '8872'
Method 'SystemObjectCosmosIL2CPUSZArrayImpl1SystemReflectionRuntimeEventInfoarrayget_SyncRoot', ID = '8873'
Method 'SystemBooleanCosmosIL2CPUSZArrayImpl1SystemReflectionRuntimeEventInfoarrayget_IsSynchronized', ID = '8874'
Method 'SystemBooleanSystemReflectionMethodInfoop_EqualitySystemReflectionMethodInfoSystemReflectionMethodInfo', ID = '8875'
Method 'SystemReflectionParameterInfoarraySystemReflectionMethodBaseGetParametersNoCopy', ID = '8876'
Method 'SystemStringSystemPrivateCoreLibSystemSRget_InvalidOperation_NoPublicAddMethod', ID = '8877'
Method 'SystemTypeSystemReflectionParameterInfoget_ParameterType', ID = '8878'
Method 'SystemVoidCosmosIL2CPUSZArrayImpl1GetEnumeratord__0SystemReflectionRuntimeEventInfoSystemIDisposableDispose', ID = '8883'
Method 'SystemBooleanCosmosIL2CPUSZArrayImpl1GetEnumeratord__0SystemReflectionRuntimeEventInfoMoveNext', ID = '8884'
Method 'SystemObjectCosmosCore_PlugsSystemRuntimeTypeHandleImplGetCorElementTypeSystemObject', ID = '8886'
Method 'SystemVoidCosmosIL2CPUSZArrayImpl1GetEnumeratord__0SystemTypeSystemIDisposableDispose', ID = '8891'
Method 'SystemBooleanCosmosIL2CPUSZArrayImpl1GetEnumeratord__0SystemTypeMoveNext', ID = '8892'
Method 'SystemCollectionsGenericList1CosmosSystemFileSystemListingDirectoryEntryCosmosSystemFileSystemFATFatFileSystemGetDirectoryListingCosmosSystemFileSystemListingDirectoryEntry', ID = '8895'
Method 'SystemVoidCosmosSystemFileSystemFATFatFileSystemDeleteFileCosmosSystemFileSystemListingDirectoryEntry', ID = '8896'
Method 'CosmosSystemFileSystemListingDirectoryEntryCosmosSystemFileSystemFATFatFileSystemGetRootDirectory', ID = '8897'
Method 'CosmosHALBlockDevicePartitionCosmosSystemFileSystemFileSystemget_Device', ID = '8898'
Method 'SystemVoidCosmosSystemFileSystemFATFatFileSystemset_BytesPerSectorSystemUInt32', ID = '8899'
Method 'SystemVoidCosmosSystemFileSystemFATFatFileSystemset_SectorsPerClusterSystemUInt32', ID = '8900'
Method 'SystemUInt32CosmosSystemFileSystemFATFatFileSystemget_BytesPerSector', ID = '8901'
Method 'SystemUInt32CosmosSystemFileSystemFATFatFileSystemget_SectorsPerCluster', ID = '8902'
Method 'SystemVoidCosmosSystemFileSystemFATFatFileSystemset_BytesPerClusterSystemUInt32', ID = '8903'
Method 'SystemVoidCosmosSystemFileSystemFATFatFileSystemset_ReservedSectorCountSystemUInt32', ID = '8904'
Method 'SystemVoidCosmosSystemFileSystemFATFatFileSystemset_NumberOfFATsSystemUInt32', ID = '8905'
Method 'SystemVoidCosmosSystemFileSystemFATFatFileSystemset_RootEntryCountSystemUInt32', ID = '8906'
Method 'SystemVoidCosmosSystemFileSystemFATFatFileSystemset_TotalSectorCountSystemUInt32', ID = '8907'
Method 'SystemUInt32CosmosSystemFileSystemFATFatFileSystemget_TotalSectorCount', ID = '8908'
Method 'SystemVoidCosmosSystemFileSystemFATFatFileSystemset_FatSectorCountSystemUInt32', ID = '8909'
Method 'SystemUInt32CosmosSystemFileSystemFATFatFileSystemget_FatSectorCount', ID = '8910'
Method 'SystemUInt32CosmosSystemFileSystemFATFatFileSystemget_ReservedSectorCount', ID = '8911'
Method 'SystemUInt32CosmosSystemFileSystemFATFatFileSystemget_NumberOfFATs', ID = '8912'
Method 'SystemVoidCosmosSystemFileSystemFATFatFileSystemset_DataSectorCountSystemUInt32', ID = '8913'
Method 'SystemUInt32CosmosSystemFileSystemFATFatFileSystemget_DataSectorCount', ID = '8914'
Method 'SystemVoidCosmosSystemFileSystemFATFatFileSystemset_ClusterCountSystemUInt32', ID = '8915'
Method 'SystemUInt32CosmosSystemFileSystemFATFatFileSystemget_ClusterCount', ID = '8916'
Method 'SystemVoidCosmosSystemFileSystemFATFatFileSystemset_mFatTypeCosmosSystemFileSystemFATFatFileSystemFatTypeEnum', ID = '8917'
Method 'CosmosSystemFileSystemFATFatFileSystemFatTypeEnumCosmosSystemFileSystemFATFatFileSystemget_mFatType', ID = '8918'
Method 'SystemVoidCosmosSystemFileSystemFATFatFileSystemset_RootClusterSystemUInt32', ID = '8919'
Method 'SystemVoidCosmosSystemFileSystemFATFatFileSystemset_RootSectorSystemUInt32', ID = '8920'
Method 'SystemUInt32CosmosSystemFileSystemFATFatFileSystemget_RootEntryCount', ID = '8921'
Method 'SystemVoidCosmosSystemFileSystemFATFatFileSystemset_RootSectorCountSystemUInt32', ID = '8922'
Method 'SystemUInt32CosmosSystemFileSystemFATFatFileSystemget_RootSectorCount', ID = '8923'
Method 'SystemVoidCosmosSystemFileSystemFATFatFileSystemset_DataSectorSystemUInt32', ID = '8924'
Method 'SystemVoidCosmosSystemFileSystemFATFatFileSystemset_mFatsCosmosSystemFileSystemFATFatFileSystemFatarray', ID = '8926'
Method 'CosmosSystemFileSystemFATFatFileSystemFatarrayCosmosSystemFileSystemFATFatFileSystemget_mFats', ID = '8927'
Method 'SystemVoidCosmosSystemFileSystemFATFatFileSystemFatctorCosmosSystemFileSystemFATFatFileSystemSystemUInt64', ID = '8928'
Method 'SystemCollectionsGenericList1CosmosSystemFileSystemListingDirectoryEntryCosmosSystemFileSystemISO9660ISO9660FileSystemGetDirectoryListingCosmosSystemFileSystemListingDirectoryEntry', ID = '8930'
Method 'SystemVoidCosmosSystemFileSystemISO9660ISO9660FileSystemDeleteFileCosmosSystemFileSystemListingDirectoryEntry', ID = '8931'
Method 'CosmosSystemFileSystemListingDirectoryEntryCosmosSystemFileSystemISO9660ISO9660FileSystemGetRootDirectory', ID = '8932'
Method 'SystemVoidSystemIOMemoryStreamctorSystemBytearraySystemBoolean', ID = '8934'
Method 'SystemTextEncodingSystemTextEncodingget_UTF8', ID = '8936'
Method 'SystemVoidSystemIOBinaryReaderctorSystemIOStreamSystemTextEncodingSystemBoolean', ID = '8937'
Method 'SystemByteSystemIOBinaryReaderInternalReadByte', ID = '8938'
Method 'SystemVoidSystemIOBinaryReaderThrowIfDisposed', ID = '8939'
Method 'SystemVoidSystemIOStreamNullStreamset_PositionSystemInt64', ID = '8942'
Method 'SystemVoidSystemIOMemoryStreamset_PositionSystemInt64', ID = '8943'
Method 'SystemVoidCosmosSystemFileSystemISO9660ISO9660Directoryctor', ID = '8945'
Method 'SystemBytearrayCosmosSystemFileSystemISO9660ISO9660FileSystemReverseArraySystemBytearraySystemBoolean', ID = '8946'
Method 'SystemVoidCosmosCore_PlugsSystemBuffersArrayPoolImpl1CosmosArrayPoolSystemInt32ReturnSystemInt32arraySystemBoolean', ID = '8947'
Method 'SystemInt32arrayCosmosCore_PlugsSystemBuffersArrayPoolImpl1CosmosArrayPoolSystemInt32RentSystemInt32', ID = '8948'
Method 'SystemVoidCosmosIL2CPUSZArrayImpl1GetEnumeratord__0SystemThreadingTasksTask1SystemInt32SystemIDisposableDispose', ID = '8953'
Method 'SystemBooleanCosmosIL2CPUSZArrayImpl1GetEnumeratord__0SystemThreadingTasksTask1SystemInt32MoveNext', ID = '8954'
Method 'SystemVoidSystemDateTimeThrowTicksOutOfRange', ID = '8957'
Method 'SystemVoidSystemDateTimeThrowInvalidKind', ID = '8958'
Method 'SystemBooleanCosmosSystem_PlugsSystemDateTimeImplSystemSupportsLeapSeconds', ID = '8959'
Method 'SystemIntPtrCosmosSystem_PlugsSystemDateTimeImplGetGetSystemTimeAsFileTimeFnPtr', ID = '8960'
Method 'SystemUInt64SystemDateTimeDateToTicksSystemInt32SystemInt32SystemInt32', ID = '8967'
Method 'SystemUInt64SystemDateTimeTimeToTicksSystemInt32SystemInt32SystemInt32', ID = '8968'
Method 'SystemCollectionsGenericEqualityComparer1SystemDateTimeSystemCollectionsGenericEqualityComparer1SystemDateTimeget_Default', ID = '8970'
Method 'SystemVoidSystemSZGenericArrayEnumerator1SystemThreadingTimerQueuecctor', ID = '8972'
Method 'SystemVoidSystemSZGenericArrayEnumerator1SystemThreadingTimerQueueDispose', ID = '8973'
Method 'SystemBooleanSystemSZGenericArrayEnumerator1SystemThreadingTimerQueueMoveNext', ID = '8974'
Method 'SystemBooleanSystemRuntimeCompilerServicesRuntimeHelpersIsBitwiseEquatableSystemThreadingTimerQueue', ID = '8975'
Method 'SystemInt32InternalRuntimeCompilerServicesUnsafeSizeOfSystemThreadingTimerQueue', ID = '8976'
Method 'SystemByteInternalRuntimeCompilerServicesUnsafeAsSystemThreadingTimerQueueSystemByteSystemThreadingTimerQueue', ID = '8977'
Method 'SystemCharInternalRuntimeCompilerServicesUnsafeAsSystemThreadingTimerQueueSystemCharSystemThreadingTimerQueue', ID = '8978'
Method 'SystemInt32InternalRuntimeCompilerServicesUnsafeAsSystemThreadingTimerQueueSystemInt32SystemThreadingTimerQueue', ID = '8979'
Method 'SystemInt64InternalRuntimeCompilerServicesUnsafeAsSystemThreadingTimerQueueSystemInt64SystemThreadingTimerQueue', ID = '8980'
Method 'SystemCollectionsGenericEqualityComparer1SystemThreadingTimerQueueSystemCollectionsGenericEqualityComparer1SystemThreadingTimerQueueget_Default', ID = '8981'
Method 'SystemInt32SystemCollectionsGenericEqualityComparer1SystemThreadingTimerQueueIndexOfSystemThreadingTimerQueuearraySystemThreadingTimerQueueSystemInt32SystemInt32', ID = '8982'
Method 'SystemVoidCosmosIL2CPUSZArrayImpl1GetEnumeratord__0SystemThreadingTimerQueuectorSystemInt32', ID = '8983'
Method 'SystemStringSystemPrivateCoreLibSystemSRget_Argument_InvalidCodePageConversionIndex', ID = '8985'
Method 'SystemVoidSystemTextEncoderFallbackExceptionctorSystemStringSystemCharSystemInt32', ID = '8986'
Method 'SystemVoidSystemTextEncoderFallbackExceptionctorSystemStringSystemCharSystemCharSystemInt32', ID = '8987'
Method 'SystemStringSystemPrivateCoreLibSystemSRget_ArgumentOutOfRange_InvalidHighSurrogate', ID = '8988'
Method 'SystemStringSystemPrivateCoreLibSystemSRget_ArgumentOutOfRange_InvalidLowSurrogate', ID = '8989'
Method 'SystemStringCosmosCore_PlugsSystemInternalEnvironmentImplGetEnvironmentVariableSystemString', ID = '8991'
Method 'SystemBooleanSystemGlobalizationGlobalizationModeTryGetStringValueSystemStringSystemStringSystemString', ID = '8992'
Method 'SystemInt32CosmosCore_PlugsInteropGlobalizationImplLoadICU', ID = '8993'
Method 'SystemVoidSystemGlobalizationGlobalizationModeLoadAppLocalIcuCoreSystemReadOnlySpan1SystemCharSystemReadOnlySpan1SystemChar', ID = '8994'
Method 'SystemStringSystemReadOnlySpan1SystemBooleanToString', ID = '8996'
Method 'SystemBooleanSystemReadOnlySpan1SystemBooleanEqualsSystemObject', ID = '8997'
Method 'SystemInt32SystemReadOnlySpan1SystemBooleanGetHashCode', ID = '8998'
Method 'SystemBooleanInternalRuntimeCompilerServicesUnsafeAsSystemByteSystemBooleanSystemByte', ID = '9000'
Method 'SystemVoidSystemByReference1SystemBooleanctorSystemBoolean', ID = '9001'
Method 'SystemVoidSystemCollectionsGenericEqualityComparer1SystemReflectionAssemblycctor', ID = '9002'
Method 'SystemBooleanSystemLocalAppContextSwitchesGetSwitchDefaultValueSystemString', ID = '9006'
Method 'SystemBooleanSystemStringContainsSystemChar', ID = '9007'
Method 'SystemVoidSystemTextStringBuilderctorSystemStringSystemInt32SystemInt32SystemInt32', ID = '9008'
Method 'SystemVoidSystemRandomXoshiroImplctor', ID = '9009'
Method 'SystemSpan1SystemByteSystemSpan1SystemByteop_ImplicitSystemBytearray', ID = '9010'
Method 'SystemBooleanSystemReflectionMetadataImportEqualsSystemReflectionMetadataImport', ID = '9013'
Method 'SystemInt32CosmosCore_PlugsSystemRuntimeTypeHandleImplGetTokenSystemObject', ID = '9014'
Method 'SystemInt32SystemGlobalizationCompareInfoCompareSystemStringSystemStringSystemGlobalizationCompareOptions', ID = '9018'
Method 'SystemBooleanSystemGlobalizationTextInfoIsInvariantLocaleSystemString', ID = '9019'
Method 'SystemStringSystemPrivateCoreLibSystemSRget_InvalidOperation_ReadOnly', ID = '9020'
Method 'SystemBooleanSystemGlobalizationTextInfoget_IsInvariant', ID = '9021'
Method 'SystemBooleanSystemGlobalizationTextInfoNeedsTurkishCasingSystemString', ID = '9023'
Method 'SystemVoidSystemArrayEmptyArray1SystemUInt16cctor', ID = '9026'
Method 'SystemCollectionsGenericIEnumerator1SystemUInt16arraySystemSZArrayHelperGetEnumeratorSystemUInt16array', ID = '9027'
Method 'SystemVoidSystemSZArrayHelperCopyToSystemUInt16arraySystemUInt16arrayarraySystemInt32', ID = '9028'
Method 'SystemInt32SystemSZArrayHelperget_CountSystemUInt16array', ID = '9029'
Method 'SystemUInt16arraySystemSZArrayHelperget_ItemSystemUInt16arraySystemInt32', ID = '9030'
Method 'SystemVoidSystemSZArrayHelperset_ItemSystemUInt16arraySystemInt32SystemUInt16array', ID = '9031'
Method 'SystemVoidSystemSZArrayHelperAddSystemUInt16arraySystemUInt16array', ID = '9032'
Method 'SystemBooleanSystemSZArrayHelperContainsSystemUInt16arraySystemUInt16array', ID = '9033'
Method 'SystemBooleanSystemSZArrayHelperget_IsReadOnlySystemUInt16array', ID = '9034'
Method 'SystemVoidSystemSZArrayHelperClearSystemUInt16array', ID = '9035'
Method 'SystemInt32SystemSZArrayHelperIndexOfSystemUInt16arraySystemUInt16array', ID = '9036'
Method 'SystemVoidSystemSZArrayHelperInsertSystemUInt16arraySystemInt32SystemUInt16array', ID = '9037'
Method 'SystemBooleanSystemSZArrayHelperRemoveSystemUInt16arraySystemUInt16array', ID = '9038'
Method 'SystemVoidSystemSZArrayHelperRemoveAtSystemUInt16arraySystemInt32', ID = '9039'
Method 'SystemBooleanSystemNumericsVector1SystemSByteEqualsSystemNumericsVector1SystemSByte', ID = '9048'
Method 'SystemVoidSystemHashCodeAddSystemSByteSystemSByte', ID = '9049'
Method 'SystemNumericsVector1SystemSByteInternalRuntimeCompilerServicesUnsafeAsRefSystemNumericsVector1SystemSByteSystemNumericsVector1SystemSByte', ID = '9050'
Method 'SystemSByteInternalRuntimeCompilerServicesUnsafeAsSystemNumericsVector1SystemSByteSystemSByteSystemNumericsVector1SystemSByte', ID = '9051'
Method 'SystemSByteInternalRuntimeCompilerServicesUnsafeAddSystemSByteSystemSByteSystemIntPtr', ID = '9052'
Method 'SystemInt32InternalRuntimeCompilerServicesUnsafeSizeOfSystemNumericsVector1SystemSByte', ID = '9053'
Method 'SystemInt32InternalRuntimeCompilerServicesUnsafeSizeOfSystemSByte', ID = '9054'
Method 'SystemVoidSystemTextDecoderFallbackBufferctor', ID = '9057'
Method 'SystemBooleanSystemTextUnicodeUtilityIsValidUnicodeScalarSystemUInt32', ID = '9059'
Method 'SystemCharSystemTextDecoderReplacementFallbackBufferGetNextChar', ID = '9060'
Method 'SystemCharSystemTextDecoderExceptionFallbackBufferGetNextChar', ID = '9061'
Method 'SystemBooleanSystemNumericsVectorGreaterThanOrEqualAllSystemSByteSystemNumericsVector1SystemSByteSystemNumericsVector1SystemSByte', ID = '9062'
Method 'SystemNumericsVector1SystemSByteInternalRuntimeCompilerServicesUnsafeReadSystemNumericsVector1SystemSByteSystemVoidpointer', ID = '9063'
Method 'SystemBooleanSystemTextASCIIUtilityContainsNonAsciiByte_Sse2SystemUInt32', ID = '9064'
Method 'SystemRuntimeIntrinsicsVector1281SystemByteSystemRuntimeIntrinsicsX86Sse2LoadAlignedVector128SystemBytepointer', ID = '9065'
Method 'SystemBooleanSystemTextASCIIUtilityAllBytesInUInt64AreAsciiSystemUInt64', ID = '9066'
Method 'SystemInt32SystemByteCompareToSystemByte', ID = '9069'
Method 'SystemInt32SystemCharCompareToSystemChar', ID = '9070'
Method 'SystemInt32SystemInt32CompareToSystemInt32', ID = '9072'
Method 'SystemVoidCosmosCore_PlugsSystemBufferImpl__ZeroMemorySystemVoidpointerSystemUIntPtr', ID = '9073'
Method 'SystemVoidSystemSZGenericArrayEnumerator1SystemReflectionRuntimeMethodInfoarraycctor', ID = '9074'
Method 'SystemVoidSystemSZGenericArrayEnumerator1SystemReflectionRuntimeMethodInfoarrayDispose', ID = '9075'
Method 'SystemBooleanSystemSZGenericArrayEnumerator1SystemReflectionRuntimeMethodInfoarrayMoveNext', ID = '9076'
Method 'SystemBooleanSystemRuntimeCompilerServicesRuntimeHelpersIsBitwiseEquatableSystemReflectionRuntimeMethodInfoarray', ID = '9077'
Method 'SystemInt32InternalRuntimeCompilerServicesUnsafeSizeOfSystemReflectionRuntimeMethodInfoarray', ID = '9078'
Method 'SystemByteInternalRuntimeCompilerServicesUnsafeAsSystemReflectionRuntimeMethodInfoarraySystemByteSystemReflectionRuntimeMethodInfoarray', ID = '9079'
Method 'SystemCharInternalRuntimeCompilerServicesUnsafeAsSystemReflectionRuntimeMethodInfoarraySystemCharSystemReflectionRuntimeMethodInfoarray', ID = '9080'
Method 'SystemInt32InternalRuntimeCompilerServicesUnsafeAsSystemReflectionRuntimeMethodInfoarraySystemInt32SystemReflectionRuntimeMethodInfoarray', ID = '9081'
Method 'SystemInt64InternalRuntimeCompilerServicesUnsafeAsSystemReflectionRuntimeMethodInfoarraySystemInt64SystemReflectionRuntimeMethodInfoarray', ID = '9082'
Method 'SystemCollectionsGenericEqualityComparer1SystemReflectionRuntimeMethodInfoarraySystemCollectionsGenericEqualityComparer1SystemReflectionRuntimeMethodInfoarrayget_Default', ID = '9083'
Method 'SystemInt32SystemCollectionsGenericEqualityComparer1SystemReflectionRuntimeMethodInfoarrayIndexOfSystemReflectionRuntimeMethodInfoarrayarraySystemReflectionRuntimeMethodInfoarraySystemInt32SystemInt32', ID = '9084'
Method 'SystemVoidCosmosIL2CPUSZArrayImpl1GetEnumeratord__0SystemReflectionRuntimeMethodInfoarrayctorSystemInt32', ID = '9085'
Method 'SystemReflectionParameterInfoarrayInternalRuntimeCompilerServicesUnsafeAsSystemReflectionParameterInfoarraySystemObject', ID = '9088'
Method 'SystemVoidSystemSZGenericArrayEnumerator1SystemReflectionParameterInfoctorSystemReflectionParameterInfoarray', ID = '9089'
Method 'SystemInt32SystemArrayIndexOfSystemReflectionParameterInfoSystemReflectionParameterInfoarraySystemReflectionParameterInfoSystemInt32SystemInt32', ID = '9092'
Method 'SystemCollectionsGenericIEnumerator1SystemReflectionParameterInfoCosmosIL2CPUSZArrayImpl1SystemReflectionParameterInfoGetEnumerator', ID = '9093'
Method 'SystemVoidCosmosIL2CPUSZArrayImpl1SystemReflectionParameterInfoCopyToSystemReflectionParameterInfoarraySystemInt32', ID = '9094'
Method 'SystemInt32CosmosIL2CPUSZArrayImpl1SystemReflectionParameterInfoget_Count', ID = '9095'
Method 'SystemReflectionParameterInfoCosmosIL2CPUSZArrayImpl1SystemReflectionParameterInfoget_ItemSystemInt32', ID = '9096'
Method 'SystemVoidCosmosIL2CPUSZArrayImpl1SystemReflectionParameterInfoset_ItemSystemInt32SystemReflectionParameterInfo', ID = '9097'
Method 'SystemVoidCosmosIL2CPUSZArrayImpl1SystemReflectionParameterInfoAddSystemReflectionParameterInfo', ID = '9098'
Method 'SystemBooleanCosmosIL2CPUSZArrayImpl1SystemReflectionParameterInfoContainsSystemReflectionParameterInfo', ID = '9099'
Method 'SystemBooleanCosmosIL2CPUSZArrayImpl1SystemReflectionParameterInfoget_IsReadOnly', ID = '9100'
Method 'SystemVoidCosmosIL2CPUSZArrayImpl1SystemReflectionParameterInfoClear', ID = '9101'
Method 'SystemInt32CosmosIL2CPUSZArrayImpl1SystemReflectionParameterInfoIndexOfSystemReflectionParameterInfo', ID = '9102'
Method 'SystemVoidCosmosIL2CPUSZArrayImpl1SystemReflectionParameterInfoInsertSystemInt32SystemReflectionParameterInfo', ID = '9103'
Method 'SystemVoidCosmosIL2CPUSZArrayImpl1SystemReflectionParameterInfoRemoveAtSystemInt32', ID = '9104'
Method 'SystemBooleanCosmosIL2CPUSZArrayImpl1SystemReflectionParameterInfoget_IsFixedSize', ID = '9105'
Method 'SystemVoidCosmosIL2CPUSZArrayImpl1SystemReflectionParameterInfoRemoveSystemReflectionParameterInfo', ID = '9106'
Method 'SystemObjectCosmosIL2CPUSZArrayImpl1SystemReflectionParameterInfoget_SyncRoot', ID = '9107'
Method 'SystemBooleanCosmosIL2CPUSZArrayImpl1SystemReflectionParameterInfoget_IsSynchronized', ID = '9108'
Method 'SystemStringSystemReflectionParameterInfoget_Name', ID = '9109'
Method 'SystemBooleanSystemReflectionRuntimeMethodInfoget_IsGenericMethod', ID = '9110'
Method 'SystemStringCosmosCore_PlugsSystemRuntimeMethodHandleImplGetNameSystemObject', ID = '9112'
Method 'SystemVoidSystemCollectionsGenericEqualityComparer1SystemReflectionRuntimeMethodInfocctor', ID = '9113'
Method 'SystemVoidSystemSZGenericArrayEnumerator1SystemReflectionRuntimeConstructorInfoarraycctor', ID = '9115'
Method 'SystemVoidSystemSZGenericArrayEnumerator1SystemReflectionRuntimeConstructorInfoarrayDispose', ID = '9116'
Method 'SystemBooleanSystemSZGenericArrayEnumerator1SystemReflectionRuntimeConstructorInfoarrayMoveNext', ID = '9117'
Method 'SystemBooleanSystemRuntimeCompilerServicesRuntimeHelpersIsBitwiseEquatableSystemReflectionRuntimeConstructorInfoarray', ID = '9118'
Method 'SystemInt32InternalRuntimeCompilerServicesUnsafeSizeOfSystemReflectionRuntimeConstructorInfoarray', ID = '9119'
Method 'SystemByteInternalRuntimeCompilerServicesUnsafeAsSystemReflectionRuntimeConstructorInfoarraySystemByteSystemReflectionRuntimeConstructorInfoarray', ID = '9120'
Method 'SystemCharInternalRuntimeCompilerServicesUnsafeAsSystemReflectionRuntimeConstructorInfoarraySystemCharSystemReflectionRuntimeConstructorInfoarray', ID = '9121'
Method 'SystemInt32InternalRuntimeCompilerServicesUnsafeAsSystemReflectionRuntimeConstructorInfoarraySystemInt32SystemReflectionRuntimeConstructorInfoarray', ID = '9122'
Method 'SystemInt64InternalRuntimeCompilerServicesUnsafeAsSystemReflectionRuntimeConstructorInfoarraySystemInt64SystemReflectionRuntimeConstructorInfoarray', ID = '9123'
Method 'SystemCollectionsGenericEqualityComparer1SystemReflectionRuntimeConstructorInfoarraySystemCollectionsGenericEqualityComparer1SystemReflectionRuntimeConstructorInfoarrayget_Default', ID = '9124'
Method 'SystemInt32SystemCollectionsGenericEqualityComparer1SystemReflectionRuntimeConstructorInfoarrayIndexOfSystemReflectionRuntimeConstructorInfoarrayarraySystemReflectionRu216ED1390C821CAD4196A81D917F212B', ID = '9125'
Method 'SystemVoidCosmosIL2CPUSZArrayImpl1GetEnumeratord__0SystemReflectionRuntimeConstructorInfoarrayctorSystemInt32', ID = '9126'
Method 'SystemBooleanSystemTypeget_IsByRef', ID = '9133'
Method 'SystemReadOnlySpan1SystemCharSystemMemoryExtensionsTrimEndSystemReadOnlySpan1SystemCharSystemChar', ID = '9134'
Method 'SystemVoidSystemCollectionsGenericEqualityComparer1SystemReflectionRuntimeConstructorInfocctor', ID = '9135'
Method 'SystemVoidSystemSZGenericArrayEnumerator1SystemReflectionRuntimeFieldInfoarraycctor', ID = '9137'
Method 'SystemVoidSystemSZGenericArrayEnumerator1SystemReflectionRuntimeFieldInfoarrayDispose', ID = '9138'
Method 'SystemBooleanSystemSZGenericArrayEnumerator1SystemReflectionRuntimeFieldInfoarrayMoveNext', ID = '9139'
Method 'SystemBooleanSystemRuntimeCompilerServicesRuntimeHelpersIsBitwiseEquatableSystemReflectionRuntimeFieldInfoarray', ID = '9140'
Method 'SystemInt32InternalRuntimeCompilerServicesUnsafeSizeOfSystemReflectionRuntimeFieldInfoarray', ID = '9141'
Method 'SystemByteInternalRuntimeCompilerServicesUnsafeAsSystemReflectionRuntimeFieldInfoarraySystemByteSystemReflectionRuntimeFieldInfoarray', ID = '9142'
Method 'SystemCharInternalRuntimeCompilerServicesUnsafeAsSystemReflectionRuntimeFieldInfoarraySystemCharSystemReflectionRuntimeFieldInfoarray', ID = '9143'
Method 'SystemInt32InternalRuntimeCompilerServicesUnsafeAsSystemReflectionRuntimeFieldInfoarraySystemInt32SystemReflectionRuntimeFieldInfoarray', ID = '9144'
Method 'SystemInt64InternalRuntimeCompilerServicesUnsafeAsSystemReflectionRuntimeFieldInfoarraySystemInt64SystemReflectionRuntimeFieldInfoarray', ID = '9145'
Method 'SystemCollectionsGenericEqualityComparer1SystemReflectionRuntimeFieldInfoarraySystemCollectionsGenericEqualityComparer1SystemReflectionRuntimeFieldInfoarrayget_Default', ID = '9146'
Method 'SystemInt32SystemCollectionsGenericEqualityComparer1SystemReflectionRuntimeFieldInfoarrayIndexOfSystemReflectionRuntimeFieldInfoarrayarraySystemReflectionRuntimeFieldInfoarraySystemInt32SystemInt32', ID = '9147'
Method 'SystemVoidCosmosIL2CPUSZArrayImpl1GetEnumeratord__0SystemReflectionRuntimeFieldInfoarrayctorSystemInt32', ID = '9148'
Method 'SystemBooleanSystemTypeget_IsPrimitive', ID = '9150'
Method 'SystemBooleanSystemTypeget_IsNested', ID = '9151'
Method 'SystemVoidSystemCollectionsGenericEqualityComparer1SystemReflectionRuntimeFieldInfocctor', ID = '9153'
Method 'SystemVoidSystemSZGenericArrayEnumerator1SystemRuntimeTypearraycctor', ID = '9155'
Method 'SystemVoidSystemSZGenericArrayEnumerator1SystemRuntimeTypearrayDispose', ID = '9156'
Method 'SystemBooleanSystemSZGenericArrayEnumerator1SystemRuntimeTypearrayMoveNext', ID = '9157'
Method 'SystemBooleanSystemRuntimeCompilerServicesRuntimeHelpersIsBitwiseEquatableSystemRuntimeTypearray', ID = '9158'
Method 'SystemInt32InternalRuntimeCompilerServicesUnsafeSizeOfSystemRuntimeTypearray', ID = '9159'
Method 'SystemByteInternalRuntimeCompilerServicesUnsafeAsSystemRuntimeTypearraySystemByteSystemRuntimeTypearray', ID = '9160'
Method 'SystemCharInternalRuntimeCompilerServicesUnsafeAsSystemRuntimeTypearraySystemCharSystemRuntimeTypearray', ID = '9161'
Method 'SystemInt32InternalRuntimeCompilerServicesUnsafeAsSystemRuntimeTypearraySystemInt32SystemRuntimeTypearray', ID = '9162'
Method 'SystemInt64InternalRuntimeCompilerServicesUnsafeAsSystemRuntimeTypearraySystemInt64SystemRuntimeTypearray', ID = '9163'
Method 'SystemCollectionsGenericEqualityComparer1SystemRuntimeTypearraySystemCollectionsGenericEqualityComparer1SystemRuntimeTypearrayget_Default', ID = '9164'
Method 'SystemInt32SystemCollectionsGenericEqualityComparer1SystemRuntimeTypearrayIndexOfSystemRuntimeTypearrayarraySystemRuntimeTypearraySystemInt32SystemInt32', ID = '9165'
Method 'SystemVoidCosmosIL2CPUSZArrayImpl1GetEnumeratord__0SystemRuntimeTypearrayctorSystemInt32', ID = '9166'
Method 'SystemVoidSystemCollectionsGenericEqualityComparer1SystemRuntimeTypecctor', ID = '9168'
Method 'SystemVoidSystemSZGenericArrayEnumerator1SystemReflectionRuntimePropertyInfoarraycctor', ID = '9170'
Method 'SystemVoidSystemSZGenericArrayEnumerator1SystemReflectionRuntimePropertyInfoarrayDispose', ID = '9171'
Method 'SystemBooleanSystemSZGenericArrayEnumerator1SystemReflectionRuntimePropertyInfoarrayMoveNext', ID = '9172'
Method 'SystemBooleanSystemRuntimeCompilerServicesRuntimeHelpersIsBitwiseEquatableSystemReflectionRuntimePropertyInfoarray', ID = '9173'
Method 'SystemInt32InternalRuntimeCompilerServicesUnsafeSizeOfSystemReflectionRuntimePropertyInfoarray', ID = '9174'
Method 'SystemByteInternalRuntimeCompilerServicesUnsafeAsSystemReflectionRuntimePropertyInfoarraySystemByteSystemReflectionRuntimePropertyInfoarray', ID = '9175'
Method 'SystemCharInternalRuntimeCompilerServicesUnsafeAsSystemReflectionRuntimePropertyInfoarraySystemCharSystemReflectionRuntimePropertyInfoarray', ID = '9176'
Method 'SystemInt32InternalRuntimeCompilerServicesUnsafeAsSystemReflectionRuntimePropertyInfoarraySystemInt32SystemReflectionRuntimePropertyInfoarray', ID = '9177'
Method 'SystemInt64InternalRuntimeCompilerServicesUnsafeAsSystemReflectionRuntimePropertyInfoarraySystemInt64SystemReflectionRuntimePropertyInfoarray', ID = '9178'
Method 'SystemCollectionsGenericEqualityComparer1SystemReflectionRuntimePropertyInfoarraySystemCollectionsGenericEqualityComparer1SystemReflectionRuntimePropertyInfoarrayget_Default', ID = '9179'
Method 'SystemInt32SystemCollectionsGenericEqualityComparer1SystemReflectionRuntimePropertyInfoarrayIndexOfSystemReflectionRuntimePropertyInfoarrayarraySystemReflectionRuntimePD39D1006767B1ACE0329F9AD4BAFF6FE', ID = '9180'
Method 'SystemVoidCosmosIL2CPUSZArrayImpl1GetEnumeratord__0SystemReflectionRuntimePropertyInfoarrayctorSystemInt32', ID = '9181'
Method 'SystemReflectionMethodInfoarrayInternalRuntimeCompilerServicesUnsafeAsSystemReflectionMethodInfoarraySystemObject', ID = '9184'
Method 'SystemVoidSystemSZGenericArrayEnumerator1SystemReflectionMethodInfoctorSystemReflectionMethodInfoarray', ID = '9185'
Method 'SystemInt32SystemArrayIndexOfSystemReflectionMethodInfoSystemReflectionMethodInfoarraySystemReflectionMethodInfoSystemInt32SystemInt32', ID = '9188'
Method 'SystemCollectionsGenericIEnumerator1SystemReflectionMethodInfoCosmosIL2CPUSZArrayImpl1SystemReflectionMethodInfoGetEnumerator', ID = '9189'
Method 'SystemVoidCosmosIL2CPUSZArrayImpl1SystemReflectionMethodInfoCopyToSystemReflectionMethodInfoarraySystemInt32', ID = '9190'
Method 'SystemInt32CosmosIL2CPUSZArrayImpl1SystemReflectionMethodInfoget_Count', ID = '9191'
Method 'SystemReflectionMethodInfoCosmosIL2CPUSZArrayImpl1SystemReflectionMethodInfoget_ItemSystemInt32', ID = '9192'
Method 'SystemVoidCosmosIL2CPUSZArrayImpl1SystemReflectionMethodInfoset_ItemSystemInt32SystemReflectionMethodInfo', ID = '9193'
Method 'SystemVoidCosmosIL2CPUSZArrayImpl1SystemReflectionMethodInfoAddSystemReflectionMethodInfo', ID = '9194'
Method 'SystemBooleanCosmosIL2CPUSZArrayImpl1SystemReflectionMethodInfoContainsSystemReflectionMethodInfo', ID = '9195'
Method 'SystemBooleanCosmosIL2CPUSZArrayImpl1SystemReflectionMethodInfoget_IsReadOnly', ID = '9196'
Method 'SystemVoidCosmosIL2CPUSZArrayImpl1SystemReflectionMethodInfoClear', ID = '9197'
Method 'SystemInt32CosmosIL2CPUSZArrayImpl1SystemReflectionMethodInfoIndexOfSystemReflectionMethodInfo', ID = '9198'
Method 'SystemVoidCosmosIL2CPUSZArrayImpl1SystemReflectionMethodInfoInsertSystemInt32SystemReflectionMethodInfo', ID = '9199'
Method 'SystemVoidCosmosIL2CPUSZArrayImpl1SystemReflectionMethodInfoRemoveAtSystemInt32', ID = '9200'
Method 'SystemBooleanCosmosIL2CPUSZArrayImpl1SystemReflectionMethodInfoget_IsFixedSize', ID = '9201'
Method 'SystemVoidCosmosIL2CPUSZArrayImpl1SystemReflectionMethodInfoRemoveSystemReflectionMethodInfo', ID = '9202'
Method 'SystemObjectCosmosIL2CPUSZArrayImpl1SystemReflectionMethodInfoget_SyncRoot', ID = '9203'
Method 'SystemBooleanCosmosIL2CPUSZArrayImpl1SystemReflectionMethodInfoget_IsSynchronized', ID = '9204'
Method 'SystemInt32SystemStringstrlenSystemBytepointer', ID = '9206'
Method 'SystemStringSystemMdUtf8StringToString', ID = '9207'
Method 'SystemVoidSystemCollectionsGenericEqualityComparer1SystemReflectionRuntimePropertyInfocctor', ID = '9208'
Method 'SystemVoidSystemSZGenericArrayEnumerator1SystemReflectionRuntimeEventInfoarraycctor', ID = '9210'
Method 'SystemVoidSystemSZGenericArrayEnumerator1SystemReflectionRuntimeEventInfoarrayDispose', ID = '9211'
Method 'SystemBooleanSystemSZGenericArrayEnumerator1SystemReflectionRuntimeEventInfoarrayMoveNext', ID = '9212'
Method 'SystemBooleanSystemRuntimeCompilerServicesRuntimeHelpersIsBitwiseEquatableSystemReflectionRuntimeEventInfoarray', ID = '9213'
Method 'SystemInt32InternalRuntimeCompilerServicesUnsafeSizeOfSystemReflectionRuntimeEventInfoarray', ID = '9214'
Method 'SystemByteInternalRuntimeCompilerServicesUnsafeAsSystemReflectionRuntimeEventInfoarraySystemByteSystemReflectionRuntimeEventInfoarray', ID = '9215'
Method 'SystemCharInternalRuntimeCompilerServicesUnsafeAsSystemReflectionRuntimeEventInfoarraySystemCharSystemReflectionRuntimeEventInfoarray', ID = '9216'
Method 'SystemInt32InternalRuntimeCompilerServicesUnsafeAsSystemReflectionRuntimeEventInfoarraySystemInt32SystemReflectionRuntimeEventInfoarray', ID = '9217'
Method 'SystemInt64InternalRuntimeCompilerServicesUnsafeAsSystemReflectionRuntimeEventInfoarraySystemInt64SystemReflectionRuntimeEventInfoarray', ID = '9218'
Method 'SystemCollectionsGenericEqualityComparer1SystemReflectionRuntimeEventInfoarraySystemCollectionsGenericEqualityComparer1SystemReflectionRuntimeEventInfoarrayget_Default', ID = '9219'
Method 'SystemInt32SystemCollectionsGenericEqualityComparer1SystemReflectionRuntimeEventInfoarrayIndexOfSystemReflectionRuntimeEventInfoarrayarraySystemReflectionRuntimeEventInfoarraySystemInt32SystemInt32', ID = '9220'
Method 'SystemVoidCosmosIL2CPUSZArrayImpl1GetEnumeratord__0SystemReflectionRuntimeEventInfoarrayctorSystemInt32', ID = '9221'
Method 'SystemVoidSystemCollectionsGenericEqualityComparer1SystemReflectionRuntimeEventInfocctor', ID = '9226'
Method 'SystemVoidSystemCollectionsGenericEqualityComparer1SystemTypecctor', ID = '9228'
Method 'SystemCollectionsGenericIEnumerator1CosmosSystemFileSystemFATFatFileSystemFatSystemSZArrayHelperGetEnumeratorCosmosSystemFileSystemFATFatFileSystemFat', ID = '9230'
Method 'SystemVoidSystemSZArrayHelperCopyToCosmosSystemFileSystemFATFatFileSystemFatCosmosSystemFileSystemFATFatFileSystemFatarraySystemInt32', ID = '9231'
Method 'SystemInt32SystemSZArrayHelperget_CountCosmosSystemFileSystemFATFatFileSystemFat', ID = '9232'
Method 'CosmosSystemFileSystemFATFatFileSystemFatSystemSZArrayHelperget_ItemCosmosSystemFileSystemFATFatFileSystemFatSystemInt32', ID = '9233'
Method 'SystemVoidSystemSZArrayHelperset_ItemCosmosSystemFileSystemFATFatFileSystemFatSystemInt32CosmosSystemFileSystemFATFatFileSystemFat', ID = '9234'
Method 'SystemVoidSystemSZArrayHelperAddCosmosSystemFileSystemFATFatFileSystemFatCosmosSystemFileSystemFATFatFileSystemFat', ID = '9235'
Method 'SystemBooleanSystemSZArrayHelperContainsCosmosSystemFileSystemFATFatFileSystemFatCosmosSystemFileSystemFATFatFileSystemFat', ID = '9236'
Method 'SystemBooleanSystemSZArrayHelperget_IsReadOnlyCosmosSystemFileSystemFATFatFileSystemFat', ID = '9237'
Method 'SystemVoidSystemSZArrayHelperClearCosmosSystemFileSystemFATFatFileSystemFat', ID = '9238'
Method 'SystemInt32SystemSZArrayHelperIndexOfCosmosSystemFileSystemFATFatFileSystemFatCosmosSystemFileSystemFATFatFileSystemFat', ID = '9239'
Method 'SystemVoidSystemSZArrayHelperInsertCosmosSystemFileSystemFATFatFileSystemFatSystemInt32CosmosSystemFileSystemFATFatFileSystemFat', ID = '9240'
Method 'SystemBooleanSystemSZArrayHelperRemoveCosmosSystemFileSystemFATFatFileSystemFatCosmosSystemFileSystemFATFatFileSystemFat', ID = '9241'
Method 'SystemVoidSystemSZArrayHelperRemoveAtCosmosSystemFileSystemFATFatFileSystemFatSystemInt32', ID = '9242'
Method 'SystemVoidSystemCollectionsGenericList1CosmosSystemFileSystemListingDirectoryEntryctor', ID = '9249'
Method 'SystemCollectionsGenericList1CosmosSystemFileSystemFATListingFatDirectoryEntryCosmosSystemFileSystemFATListingFatDirectoryEntryReadDirectoryContentsSystemBoolean', ID = '9251'
Method 'CosmosSystemFileSystemFATListingFatDirectoryEntrySystemCollectionsGenericList1CosmosSystemFileSystemFATListingFatDirectoryEntryget_ItemSystemInt32', ID = '9252'
Method 'SystemVoidSystemCollectionsGenericList1CosmosSystemFileSystemListingDirectoryEntryAddCosmosSystemFileSystemListingDirectoryEntry', ID = '9253'
Method 'SystemInt32SystemCollectionsGenericList1CosmosSystemFileSystemFATListingFatDirectoryEntryget_Count', ID = '9254'
Method 'SystemUInt32arrayCosmosSystemFileSystemFATListingFatDirectoryEntryGetFatTable', ID = '9255'
Method 'CosmosSystemFileSystemFATFatFileSystemFatCosmosSystemFileSystemFATFatFileSystemGetFatSystemInt32', ID = '9256'
Method 'SystemVoidCosmosSystemFileSystemFATFatFileSystemFatClearFatEntrySystemUInt64', ID = '9257'
Method 'SystemVoidCosmosSystemFileSystemFATListingFatDirectoryEntryDeleteDirectoryEntry', ID = '9258'
Method 'SystemInt64CosmosSystemFileSystemFileSystemget_Size', ID = '9259'
Method 'SystemUInt32CosmosSystemFileSystemFATFatFileSystemget_RootCluster', ID = '9260'
Method 'SystemVoidCosmosSystemFileSystemFATListingFatDirectoryEntryctorCosmosSystemFileSystemFATFatFileSystemCosmosSystemFileSystemFATListingFatDirectoryEntrySystemStringSystemD6FC29AB87514F74CCC60F113FAE4D8E', ID = '9261'
Method 'SystemCollectionsGenericList1CosmosSystemFileSystemISO9660ISO9660DirectoryCosmosSystemFileSystemISO9660ISO9660FileSystemReadDirectorySystemUInt32', ID = '9263'
Method 'SystemVoidCosmosSystemFileSystemISO9660ISO9660DirectoryEntryctorCosmosSystemFileSystemISO9660ISO9660DirectoryCosmosSystemFileSystemISO9660ISO9660FileSystemCosmosSystemF3A56959980AA9BB1A1BFA63584F494F8', ID = '9264'
Method 'SystemCollectionsGenericList1EnumeratorCosmosSystemFileSystemISO9660ISO9660DirectorySystemCollectionsGenericList1CosmosSystemFileSystemISO9660ISO9660DirectoryGetEnumerator', ID = '9265'
Method 'CosmosSystemFileSystemISO9660ISO9660DirectorySystemCollectionsGenericList1EnumeratorCosmosSystemFileSystemISO9660ISO9660Directoryget_Current', ID = '9266'
Method 'SystemBooleanSystemCollectionsGenericList1EnumeratorCosmosSystemFileSystemISO9660ISO9660DirectoryMoveNext', ID = '9268'
Method 'SystemVoidSystemIOMemoryStreamWriteSystemBytearraySystemInt32SystemInt32', ID = '9270'
Method 'SystemVoidSystemIOMemoryStreamDisposeSystemBoolean', ID = '9271'
Method 'SystemStringSystemPrivateCoreLibSystemSRget_ArgumentNull_Buffer', ID = '9272'
Method 'SystemVoidSystemIOBinaryReaderDispose', ID = '9273'
Method 'SystemStringSystemPrivateCoreLibSystemSRget_Argument_StreamNotReadable', ID = '9275'
Method 'SystemTextDecoderSystemTextEncodingGetDecoder', ID = '9276'
Method 'SystemInt32SystemIOStreamReadByte', ID = '9280'
Method 'SystemVoidSystemThrowHelperThrowEndOfFileException', ID = '9281'
Method 'SystemVoidSystemThrowHelperThrowObjectDisposedException_FileClosed', ID = '9282'
Method 'SystemInt32SystemIOStreamNullStreamReadSystemBytearraySystemInt32SystemInt32', ID = '9283'
Method 'SystemInt32SystemIOMemoryStreamReadSystemBytearraySystemInt32SystemInt32', ID = '9284'
Method 'SystemVoidCosmosCore_AsmBufferImplBlockCopySystemArraySystemInt32SystemArraySystemInt32SystemInt32', ID = '9285'
Method 'SystemVoidSystemIOMemoryStreamEnsureNotClosed', ID = '9286'
Method 'SystemStringSystemPrivateCoreLibSystemSRget_ArgumentOutOfRange_StreamLength', ID = '9287'
Method 'SystemInt64SystemIOStreamNullStreamget_Position', ID = '9288'
Method 'SystemInt64SystemIOMemoryStreamget_Position', ID = '9289'
Method 'SystemVoidSystemCollectionsGenericList1SystemBytector', ID = '9290'
Method 'SystemVoidSystemCollectionsGenericList1SystemByteAddSystemByte', ID = '9291'
Method 'SystemBytearraySystemCollectionsGenericList1SystemByteToArray', ID = '9292'
Method 'SystemVoidSystemCollectionsGenericEqualityComparer1SystemThreadingTasksTask1SystemInt32cctor', ID = '9293'
Method 'SystemBooleanCosmosCore_PlugsSystemWindowsVersionImplGetIsWindows8OrAbove', ID = '9295'
Method 'SystemStringSystemPrivateCoreLibSystemSRget_ArgumentOutOfRange_DateTimeBadTicks', ID = '9296'
Method 'SystemStringSystemPrivateCoreLibSystemSRget_Argument_InvalidDateTimeKind', ID = '9297'
Method 'SystemStringCosmosSystem_PlugsSystemDateTimeImplToShortDateString', ID = '9298'
Method 'SystemStringCosmosSystem_PlugsSystemDateTimeImplToLongTimeString', ID = '9299'
Method 'SystemVoidSystemThrowHelperThrowArgumentOutOfRange_BadYearMonthDay', ID = '9300'
Method 'SystemBooleanSystemDateTimeIsLeapYearSystemInt32', ID = '9301'
Method 'SystemUInt32SystemDateTimeDaysToYearSystemUInt32', ID = '9302'
Method 'SystemVoidSystemThrowHelperThrowArgumentOutOfRange_BadHourMinuteSecond', ID = '9303'
Method 'SystemVoidCosmosSystem_PlugsSystemDateTimeImplValidateLeapSecond', ID = '9304'
Method 'SystemVoidCosmosIL2CPUSZArrayImpl1GetEnumeratord__0SystemThreadingTimerQueueSystemIDisposableDispose', ID = '9311'
Method 'SystemBooleanCosmosIL2CPUSZArrayImpl1GetEnumeratord__0SystemThreadingTimerQueueMoveNext', ID = '9312'
Method 'SystemInt32SystemMemoryExtensionsIndexOfSystemCharSystemReadOnlySpan1SystemCharSystemChar', ID = '9314'
Method 'SystemStringSystemGlobalizationGlobalizationModeCreateLibraryNameSystemReadOnlySpan1SystemCharSystemReadOnlySpan1SystemCharSystemReadOnlySpan1SystemCharSystemReadOnlySpan1SystemCharSystemBoolean', ID = '9315'
Method 'SystemIntPtrSystemGlobalizationGlobalizationModeLoadLibrarySystemStringSystemBoolean', ID = '9316'
Method 'SystemVoidInteropGlobalizationInitICUFunctionsSystemIntPtrSystemIntPtrSystemReadOnlySpan1SystemCharSystemReadOnlySpan1SystemChar', ID = '9317'
Method 'SystemBooleanCosmosCore_PlugsSystemRuntimeCompilerServicesRuntimeHelpersImplIsReferenceOrContainsReferencesSystemBoolean', ID = '9318'
Method 'SystemStringSystemPrivateCoreLibSystemSRget_ArgumentOutOfRange_MustBePositive', ID = '9319'
Method 'SystemStringSystemPrivateCoreLibSystemSRget_ArgumentOutOfRange_MustBeNonNegNum', ID = '9320'
Method 'SystemVoidSystemRandomImplBasector', ID = '9321'
Method 'SystemVoidInteropGetRandomBytesSystemBytepointerSystemInt32', ID = '9322'
Method 'SystemVoidSystemSpan1SystemBytectorSystemBytearray', ID = '9323'
Method 'SystemVoidSystemRandomXoshiroImplNextBytesSystemSpan1SystemByte', ID = '9324'
Method 'SystemInt32SystemGlobalizationCompareInfoCompareSystemReadOnlySpan1SystemCharSystemReadOnlySpan1SystemCharSystemGlobalizationCompareOptions', ID = '9325'
Method 'SystemVoidSystemGlobalizationCompareInfoCheckCompareOptionsForCompareSystemGlobalizationCompareOptions', ID = '9326'
Method 'SystemVoidCosmosCore_PlugsInteropGlobalizationImplChangeCaseInvariantSystemCharpointerSystemInt32SystemCharpointerSystemInt32SystemBoolean', ID = '9327'
Method 'SystemVoidCosmosCore_PlugsInteropGlobalizationImplChangeCaseTurkishSystemCharpointerSystemInt32SystemCharpointerSystemInt32SystemBoolean', ID = '9328'
Method 'SystemVoidCosmosCore_PlugsInteropGlobalizationImplChangeCaseSystemCharpointerSystemInt32SystemCharpointerSystemInt32SystemBoolean', ID = '9329'
Method 'SystemUInt16arrayarrayInternalRuntimeCompilerServicesUnsafeAsSystemUInt16arrayarraySystemObject', ID = '9331'
Method 'SystemVoidSystemSZGenericArrayEnumerator1SystemUInt16arrayctorSystemUInt16arrayarray', ID = '9332'
Method 'SystemInt32SystemArrayIndexOfSystemUInt16arraySystemUInt16arrayarraySystemUInt16arraySystemInt32SystemInt32', ID = '9335'
Method 'SystemCollectionsGenericIEnumerator1SystemUInt16arrayCosmosIL2CPUSZArrayImpl1SystemUInt16arrayGetEnumerator', ID = '9336'
Method 'SystemVoidCosmosIL2CPUSZArrayImpl1SystemUInt16arrayCopyToSystemUInt16arrayarraySystemInt32', ID = '9337'
Method 'SystemInt32CosmosIL2CPUSZArrayImpl1SystemUInt16arrayget_Count', ID = '9338'
Method 'SystemUInt16arrayCosmosIL2CPUSZArrayImpl1SystemUInt16arrayget_ItemSystemInt32', ID = '9339'
Method 'SystemVoidCosmosIL2CPUSZArrayImpl1SystemUInt16arrayset_ItemSystemInt32SystemUInt16array', ID = '9340'
Method 'SystemVoidCosmosIL2CPUSZArrayImpl1SystemUInt16arrayAddSystemUInt16array', ID = '9341'
Method 'SystemBooleanCosmosIL2CPUSZArrayImpl1SystemUInt16arrayContainsSystemUInt16array', ID = '9342'
Method 'SystemBooleanCosmosIL2CPUSZArrayImpl1SystemUInt16arrayget_IsReadOnly', ID = '9343'
Method 'SystemVoidCosmosIL2CPUSZArrayImpl1SystemUInt16arrayClear', ID = '9344'
Method 'SystemInt32CosmosIL2CPUSZArrayImpl1SystemUInt16arrayIndexOfSystemUInt16array', ID = '9345'
Method 'SystemVoidCosmosIL2CPUSZArrayImpl1SystemUInt16arrayInsertSystemInt32SystemUInt16array', ID = '9346'
Method 'SystemVoidCosmosIL2CPUSZArrayImpl1SystemUInt16arrayRemoveAtSystemInt32', ID = '9347'
Method 'SystemBooleanCosmosIL2CPUSZArrayImpl1SystemUInt16arrayget_IsFixedSize', ID = '9348'
Method 'SystemVoidCosmosIL2CPUSZArrayImpl1SystemUInt16arrayRemoveSystemUInt16array', ID = '9349'
Method 'SystemObjectCosmosIL2CPUSZArrayImpl1SystemUInt16arrayget_SyncRoot', ID = '9350'
Method 'SystemBooleanCosmosIL2CPUSZArrayImpl1SystemUInt16arrayget_IsSynchronized', ID = '9351'
Method 'SystemBooleanSystemNumericsVector1SystemSByteop_EqualitySystemNumericsVector1SystemSByteSystemNumericsVector1SystemSByte', ID = '9352'
Method 'SystemVoidSystemTextDecoderReplacementFallbackBufferReset', ID = '9354'
Method 'SystemBooleanSystemTextDecoderExceptionFallbackBufferFallbackSystemBytearraySystemInt32', ID = '9355'
Method 'SystemNumericsVector1SystemSByteSystemNumericsVector1SystemSByteGreaterThanOrEqualSystemNumericsVector1SystemSByteSystemNumericsVector1SystemSByte', ID = '9356'
Method 'SystemVoidpointerSystemUIntPtrToPointer', ID = '9357'
Method 'SystemVoidCosmosIL2CPUSZArrayImpl1GetEnumeratord__0SystemReflectionRuntimeMethodInfoarraySystemIDisposableDispose', ID = '9362'
Method 'SystemBooleanCosmosIL2CPUSZArrayImpl1GetEnumeratord__0SystemReflectionRuntimeMethodInfoarrayMoveNext', ID = '9363'
Method 'SystemVoidSystemSZGenericArrayEnumerator1SystemReflectionParameterInfocctor', ID = '9364'
Method 'SystemVoidSystemSZGenericArrayEnumerator1SystemReflectionParameterInfoDispose', ID = '9365'
Method 'SystemBooleanSystemSZGenericArrayEnumerator1SystemReflectionParameterInfoMoveNext', ID = '9366'
Method 'SystemBooleanSystemRuntimeCompilerServicesRuntimeHelpersIsBitwiseEquatableSystemReflectionParameterInfo', ID = '9367'
Method 'SystemInt32InternalRuntimeCompilerServicesUnsafeSizeOfSystemReflectionParameterInfo', ID = '9368'
Method 'SystemByteInternalRuntimeCompilerServicesUnsafeAsSystemReflectionParameterInfoSystemByteSystemReflectionParameterInfo', ID = '9369'
Method 'SystemCharInternalRuntimeCompilerServicesUnsafeAsSystemReflectionParameterInfoSystemCharSystemReflectionParameterInfo', ID = '9370'
Method 'SystemInt32InternalRuntimeCompilerServicesUnsafeAsSystemReflectionParameterInfoSystemInt32SystemReflectionParameterInfo', ID = '9371'
Method 'SystemInt64InternalRuntimeCompilerServicesUnsafeAsSystemReflectionParameterInfoSystemInt64SystemReflectionParameterInfo', ID = '9372'
Method 'SystemCollectionsGenericEqualityComparer1SystemReflectionParameterInfoSystemCollectionsGenericEqualityComparer1SystemReflectionParameterInfoget_Default', ID = '9373'
Method 'SystemInt32SystemCollectionsGenericEqualityComparer1SystemReflectionParameterInfoIndexOfSystemReflectionParameterInfoarraySystemReflectionParameterInfoSystemInt32SystemInt32', ID = '9374'
Method 'SystemVoidCosmosIL2CPUSZArrayImpl1GetEnumeratord__0SystemReflectionParameterInfoctorSystemInt32', ID = '9375'
Method 'SystemBooleanSystemRuntimeMethodHandleEqualsSystemObject', ID = '9378'
Method 'SystemInt32SystemRuntimeMethodHandleGetHashCode', ID = '9379'
Method 'SystemVoidCosmosIL2CPUSZArrayImpl1GetEnumeratord__0SystemReflectionRuntimeConstructorInfoarraySystemIDisposableDispose', ID = '9385'
Method 'SystemBooleanCosmosIL2CPUSZArrayImpl1GetEnumeratord__0SystemReflectionRuntimeConstructorInfoarrayMoveNext', ID = '9386'
Method 'SystemReflectionCallingConventionsCosmosSystem_PlugsSystemReflectionRuntimeMethodInfoImplget_CallingConvention', ID = '9387'
Method 'SystemReflectionCallingConventionsCosmosSystem_PlugsSystemReflectionRuntimeConstructorInfoImplget_CallingConvention', ID = '9388'
Method 'SystemVoidCosmosIL2CPUSZArrayImpl1GetEnumeratord__0SystemReflectionRuntimeFieldInfoarraySystemIDisposableDispose', ID = '9394'
Method 'SystemBooleanCosmosIL2CPUSZArrayImpl1GetEnumeratord__0SystemReflectionRuntimeFieldInfoarrayMoveNext', ID = '9395'
Method 'SystemBooleanSystemTypedReferenceEqualsSystemObject', ID = '9398'
Method 'SystemInt32SystemTypedReferenceGetHashCode', ID = '9399'
Method 'SystemVoidCosmosIL2CPUSZArrayImpl1GetEnumeratord__0SystemRuntimeTypearraySystemIDisposableDispose', ID = '9404'
Method 'SystemBooleanCosmosIL2CPUSZArrayImpl1GetEnumeratord__0SystemRuntimeTypearrayMoveNext', ID = '9405'
Method 'SystemVoidCosmosIL2CPUSZArrayImpl1GetEnumeratord__0SystemReflectionRuntimePropertyInfoarraySystemIDisposableDispose', ID = '9410'
Method 'SystemBooleanCosmosIL2CPUSZArrayImpl1GetEnumeratord__0SystemReflectionRuntimePropertyInfoarrayMoveNext', ID = '9411'
Method 'SystemVoidSystemSZGenericArrayEnumerator1SystemReflectionMethodInfocctor', ID = '9412'
Method 'SystemVoidSystemSZGenericArrayEnumerator1SystemReflectionMethodInfoDispose', ID = '9413'
Method 'SystemBooleanSystemSZGenericArrayEnumerator1SystemReflectionMethodInfoMoveNext', ID = '9414'
Method 'SystemBooleanSystemRuntimeCompilerServicesRuntimeHelpersIsBitwiseEquatableSystemReflectionMethodInfo', ID = '9415'
Method 'SystemInt32InternalRuntimeCompilerServicesUnsafeSizeOfSystemReflectionMethodInfo', ID = '9416'
Method 'SystemByteInternalRuntimeCompilerServicesUnsafeAsSystemReflectionMethodInfoSystemByteSystemReflectionMethodInfo', ID = '9417'
Method 'SystemCharInternalRuntimeCompilerServicesUnsafeAsSystemReflectionMethodInfoSystemCharSystemReflectionMethodInfo', ID = '9418'
Method 'SystemInt32InternalRuntimeCompilerServicesUnsafeAsSystemReflectionMethodInfoSystemInt32SystemReflectionMethodInfo', ID = '9419'
Method 'SystemInt64InternalRuntimeCompilerServicesUnsafeAsSystemReflectionMethodInfoSystemInt64SystemReflectionMethodInfo', ID = '9420'
Method 'SystemCollectionsGenericEqualityComparer1SystemReflectionMethodInfoSystemCollectionsGenericEqualityComparer1SystemReflectionMethodInfoget_Default', ID = '9421'
Method 'SystemInt32SystemCollectionsGenericEqualityComparer1SystemReflectionMethodInfoIndexOfSystemReflectionMethodInfoarraySystemReflectionMethodInfoSystemInt32SystemInt32', ID = '9422'
Method 'SystemVoidCosmosIL2CPUSZArrayImpl1GetEnumeratord__0SystemReflectionMethodInfoctorSystemInt32', ID = '9423'
Method 'SystemVoidSystemStringThrowMustBeNullTerminatedString', ID = '9425'
Method 'SystemStringSystemTextEncodingGetStringSystemReadOnlySpan1SystemByte', ID = '9426'
Method 'SystemVoidCosmosIL2CPUSZArrayImpl1GetEnumeratord__0SystemReflectionRuntimeEventInfoarraySystemIDisposableDispose', ID = '9431'
Method 'SystemBooleanCosmosIL2CPUSZArrayImpl1GetEnumeratord__0SystemReflectionRuntimeEventInfoarrayMoveNext', ID = '9432'
Method 'SystemReflectionParameterInfoarrayCosmosSystem_PlugsSystemReflectionRuntimeMethodInfoImplGetParametersNoCopy', ID = '9433'
Method 'SystemReflectionParameterInfoarrayCosmosSystem_PlugsSystemReflectionRuntimeConstructorInfoImplGetParametersNoCopy', ID = '9434'
Method 'SystemReflectionParameterInfoarraySystemReflectionRuntimeConstructorInfoGetParameters', ID = '9436'
Method 'CosmosSystemFileSystemFATFatFileSystemFatarrayInternalRuntimeCompilerServicesUnsafeAsCosmosSystemFileSystemFATFatFileSystemFatarraySystemObject', ID = '9438'
Method 'SystemVoidSystemSZGenericArrayEnumerator1CosmosSystemFileSystemFATFatFileSystemFatctorCosmosSystemFileSystemFATFatFileSystemFatarray', ID = '9439'
Method 'SystemInt32SystemArrayIndexOfCosmosSystemFileSystemFATFatFileSystemFatCosmosSystemFileSystemFATFatFileSystemFatarrayCosmosSystemFileSystemFATFatFileSystemFatSystemInt32SystemInt32', ID = '9442'
Method 'SystemCollectionsGenericIEnumerator1CosmosSystemFileSystemFATFatFileSystemFatCosmosIL2CPUSZArrayImpl1CosmosSystemFileSystemFATFatFileSystemFatGetEnumerator', ID = '9443'
Method 'SystemVoidCosmosIL2CPUSZArrayImpl1CosmosSystemFileSystemFATFatFileSystemFatCopyToCosmosSystemFileSystemFATFatFileSystemFatarraySystemInt32', ID = '9444'
Method 'SystemInt32CosmosIL2CPUSZArrayImpl1CosmosSystemFileSystemFATFatFileSystemFatget_Count', ID = '9445'
Method 'CosmosSystemFileSystemFATFatFileSystemFatCosmosIL2CPUSZArrayImpl1CosmosSystemFileSystemFATFatFileSystemFatget_ItemSystemInt32', ID = '9446'
Method 'SystemVoidCosmosIL2CPUSZArrayImpl1CosmosSystemFileSystemFATFatFileSystemFatset_ItemSystemInt32CosmosSystemFileSystemFATFatFileSystemFat', ID = '9447'
Method 'SystemVoidCosmosIL2CPUSZArrayImpl1CosmosSystemFileSystemFATFatFileSystemFatAddCosmosSystemFileSystemFATFatFileSystemFat', ID = '9448'
Method 'SystemBooleanCosmosIL2CPUSZArrayImpl1CosmosSystemFileSystemFATFatFileSystemFatContainsCosmosSystemFileSystemFATFatFileSystemFat', ID = '9449'
Method 'SystemBooleanCosmosIL2CPUSZArrayImpl1CosmosSystemFileSystemFATFatFileSystemFatget_IsReadOnly', ID = '9450'
Method 'SystemVoidCosmosIL2CPUSZArrayImpl1CosmosSystemFileSystemFATFatFileSystemFatClear', ID = '9451'
Method 'SystemInt32CosmosIL2CPUSZArrayImpl1CosmosSystemFileSystemFATFatFileSystemFatIndexOfCosmosSystemFileSystemFATFatFileSystemFat', ID = '9452'
Method 'SystemVoidCosmosIL2CPUSZArrayImpl1CosmosSystemFileSystemFATFatFileSystemFatInsertSystemInt32CosmosSystemFileSystemFATFatFileSystemFat', ID = '9453'
Method 'SystemVoidCosmosIL2CPUSZArrayImpl1CosmosSystemFileSystemFATFatFileSystemFatRemoveAtSystemInt32', ID = '9454'
Method 'SystemBooleanCosmosIL2CPUSZArrayImpl1CosmosSystemFileSystemFATFatFileSystemFatget_IsFixedSize', ID = '9455'
Method 'SystemVoidCosmosIL2CPUSZArrayImpl1CosmosSystemFileSystemFATFatFileSystemFatRemoveCosmosSystemFileSystemFATFatFileSystemFat', ID = '9456'
Method 'SystemObjectCosmosIL2CPUSZArrayImpl1CosmosSystemFileSystemFATFatFileSystemFatget_SyncRoot', ID = '9457'
Method 'SystemBooleanCosmosIL2CPUSZArrayImpl1CosmosSystemFileSystemFATFatFileSystemFatget_IsSynchronized', ID = '9458'
Method 'SystemIOStreamCosmosSystemFileSystemFATListingFatDirectoryEntryGetFileStream', ID = '9459'
Method 'SystemBytearrayCosmosSystemFileSystemFATListingFatDirectoryEntryGetDirectoryEntryData', ID = '9461'
Method 'SystemVoidSystemCollectionsGenericList1CosmosSystemFileSystemFATListingFatDirectoryEntryctor', ID = '9462'
Method 'SystemTextEncodingSystemTextEncodingget_Unicode', ID = '9463'
Method 'SystemStringSystemStringTrimSystemChararray', ID = '9464'
Method 'SystemStringSystemStringTrimEnd', ID = '9465'
Method 'SystemVoidCosmosSystemFileSystemFATListingFatDirectoryEntryctorCosmosSystemFileSystemFATFatFileSystemCosmosSystemFileSystemFATListingFatDirectoryEntrySystemStringSystem36721171D8D76E09080D2CE3E0170459', ID = '9466'
Method 'SystemVoidSystemCollectionsGenericList1CosmosSystemFileSystemFATListingFatDirectoryEntryAddCosmosSystemFileSystemFATListingFatDirectoryEntry', ID = '9467'
Method 'SystemVoidSystemCollectionsGenericList1CosmosSystemFileSystemListingDirectoryEntryAddWithResizeCosmosSystemFileSystemListingDirectoryEntry', ID = '9468'
Method 'SystemUInt32arrayCosmosSystemFileSystemFATFatFileSystemFatGetFatChainSystemUInt32SystemInt64', ID = '9469'
Method 'SystemVoidCosmosSystemFileSystemFATFatFileSystemFatSetFatEntrySystemUInt64SystemUInt64', ID = '9470'
Method 'SystemBooleanCosmosSystemFileSystemFATListingFatDirectoryEntryIsRootDirectory', ID = '9471'
Method 'SystemVoidCosmosSystemFileSystemFATListingFatDirectoryEntrySetDirectoryEntryDataSystemBytearray', ID = '9472'
Method 'SystemVoidCosmosSystemFileSystemFATListingFatDirectoryEntrySetDirectoryEntryMetadataValueCosmosSystemFileSystemFATListingFatDirectoryEntryMetadataSystemByte', ID = '9475'
Method 'SystemVoidCosmosSystemFileSystemListingDirectoryEntryctorCosmosSystemFileSystemFileSystemCosmosSystemFileSystemListingDirectoryEntrySystemStringSystemStringSystemInt64CF93FD9EBFA1014BD1A29AA4B98F76139', ID = '9476'
Method 'SystemVoidCosmosSystemFileSystemFATListingFatDirectoryEntryInitialiseNewDirectoryCosmosSystemFileSystemFATFatFileSystem', ID = '9477'
Method 'SystemIOStreamCosmosSystemFileSystemISO9660ISO9660DirectoryEntryGetFileStream', ID = '9478'
Method 'SystemVoidSystemCollectionsGenericList1CosmosSystemFileSystemISO9660ISO9660Directoryctor', ID = '9480'
Method 'SystemVoidSystemCollectionsGenericList1CosmosSystemFileSystemISO9660ISO9660DirectoryAddCosmosSystemFileSystemISO9660ISO9660Directory', ID = '9481'
Method 'SystemVoidSystemCollectionsGenericList1EnumeratorCosmosSystemFileSystemISO9660ISO9660DirectoryctorSystemCollectionsGenericList1CosmosSystemFileSystemISO9660ISO9660Directory', ID = '9482'
Method 'SystemStringCosmosSystem_PlugsSystemIOPathImplCombineSystemStringSystemString', ID = '9483'
Method 'SystemBooleanSystemCollectionsGenericList1EnumeratorCosmosSystemFileSystemISO9660ISO9660DirectoryMoveNextRare', ID = '9484'
Method 'SystemVoidSystemCollectionsGenericList1EnumeratorCosmosSystemFileSystemISO9660ISO9660DirectoryDispose', ID = '9485'
Method 'SystemVoidSystemIOStreamValidateBufferArgumentsSystemBytearraySystemInt32SystemInt32', ID = '9487'
Method 'SystemVoidSystemIOMemoryStreamEnsureWriteable', ID = '9488'
Method 'SystemStringSystemPrivateCoreLibSystemSRget_IO_StreamTooLong', ID = '9489'
Method 'SystemBooleanSystemIOMemoryStreamEnsureCapacitySystemInt32', ID = '9490'
Method 'SystemVoidSystemIOBinaryReaderDisposeSystemBoolean', ID = '9492'
Method 'SystemBooleanSystemIOStreamNullStreamget_CanRead', ID = '9493'
Method 'SystemBooleanSystemIOMemoryStreamget_CanRead', ID = '9494'
Method 'SystemTextDecoderSystemTextASCIIEncodingGetDecoder', ID = '9495'
Method 'SystemTextDecoderSystemTextUTF8EncodingGetDecoder', ID = '9496'
Method 'SystemTextDecoderSystemTextUnicodeEncodingGetDecoder', ID = '9497'
Method 'SystemVoidSystemTextEncodingDefaultDecoderctorSystemTextEncoding', ID = '9498'
Method 'SystemInt32SystemTextASCIIEncodingGetMaxCharCountSystemInt32', ID = '9499'
Method 'SystemInt32SystemTextUTF8EncodingGetMaxCharCountSystemInt32', ID = '9500'
Method 'SystemInt32SystemTextUnicodeEncodingGetMaxCharCountSystemInt32', ID = '9501'
Method 'SystemInt32SystemTextASCIIEncodingGetMaxByteCountSystemInt32', ID = '9502'
Method 'SystemInt32SystemTextUTF8EncodingGetMaxByteCountSystemInt32', ID = '9503'
Method 'SystemInt32SystemTextUnicodeEncodingGetMaxByteCountSystemInt32', ID = '9504'
Method 'SystemVoidSystemTextUnicodeEncodingcctor', ID = '9505'
Method 'SystemBooleanSystemTextUnicodeEncodingEqualsSystemObject', ID = '9506'
Method 'SystemInt32SystemTextUnicodeEncodingGetHashCode', ID = '9507'
Method 'SystemInt32SystemTextUnicodeEncodingGetByteCountSystemString', ID = '9508'
Method 'SystemInt32SystemTextUnicodeEncodingGetBytesSystemStringSystemInt32SystemInt32SystemBytearraySystemInt32', ID = '9509'
Method 'SystemInt32SystemTextUnicodeEncodingGetByteCountSystemChararraySystemInt32SystemInt32', ID = '9510'
Method 'SystemInt32SystemTextUnicodeEncodingGetBytesSystemChararraySystemInt32SystemInt32SystemBytearraySystemInt32', ID = '9511'
Method 'SystemStringSystemTextUnicodeEncodingGetStringSystemBytearraySystemInt32SystemInt32', ID = '9512'
Method 'SystemVoidSystemTextUnicodeEncodingSetDefaultFallbacks', ID = '9513'
Method 'SystemInt32SystemTextUnicodeEncodingGetCharCountSystemBytearraySystemInt32SystemInt32', ID = '9514'
Method 'SystemInt32SystemTextUnicodeEncodingGetCharsSystemBytearraySystemInt32SystemInt32SystemChararraySystemInt32', ID = '9515'
Method 'SystemInt32SystemTextUnicodeEncodingGetCharCountSystemBytepointerSystemInt32', ID = '9516'
Method 'SystemInt32SystemTextUnicodeEncodingGetCharsSystemBytepointerSystemInt32SystemCharpointerSystemInt32', ID = '9517'
Method 'SystemInt32SystemIOStreamNullStreamReadByte', ID = '9518'
Method 'SystemInt32SystemIOMemoryStreamReadByte', ID = '9519'
Method 'SystemExceptionSystemThrowHelperCreateEndOfFileException', ID = '9520'
Method 'SystemStringSystemPrivateCoreLibSystemSRget_ObjectDisposed_FileClosed', ID = '9521'
Method 'SystemVoidSystemObjectDisposedExceptionctorSystemStringSystemString', ID = '9522'
Method 'SystemVoidSystemThrowHelperThrowObjectDisposedException_StreamClosedSystemString', ID = '9524'
Method 'SystemVoidSystemCollectionsGenericList1SystemByteAddWithResizeSystemByte', ID = '9527'
Method 'SystemInt32SystemDateTimeget_Month', ID = '9529'
Method 'SystemInt32SystemDateTimeget_Day', ID = '9530'
Method 'SystemInt32SystemDateTimeget_Year', ID = '9531'
Method 'SystemInt32SystemDateTimeget_Hour', ID = '9532'
Method 'SystemInt32SystemDateTimeget_Minute', ID = '9533'
Method 'SystemInt32SystemDateTimeget_Second', ID = '9534'
Method 'SystemStringSystemPrivateCoreLibSystemSRget_ArgumentOutOfRange_BadYearMonthDay', ID = '9535'
Method 'SystemVoidSystemThrowHelperThrowArgumentOutOfRange_Year', ID = '9536'
Method 'SystemStringSystemPrivateCoreLibSystemSRget_ArgumentOutOfRange_BadHourMinuteSecond', ID = '9537'
Method 'SystemVoidSystemCollectionsGenericEqualityComparer1SystemDateTimecctor', ID = '9538'
Method 'SystemVoidSystemCollectionsGenericEqualityComparer1SystemThreadingTimerQueuecctor', ID = '9540'
Method 'SystemInt32SystemSpanHelpersIndexOfSystemCharSystemCharSystemCharSystemInt32', ID = '9542'
Method 'SystemStringSystemStringConcatSystemReadOnlySpan1SystemCharSystemReadOnlySpan1SystemCharSystemReadOnlySpan1SystemCharSystemReadOnlySpan1SystemChar', ID = '9543'
Method 'SystemVoidSystemNullable1SystemRuntimeInteropServicesDllImportSearchPathctorSystemRuntimeInteropServicesDllImportSearchPath', ID = '9544'
Method 'SystemBooleanSystemRuntimeInteropServicesNativeLibraryTryLoadSystemStringSystemReflectionAssemblySystemNullable1SystemRuntimeInteropServicesDllImportSearchPathSystemIntPtr', ID = '9545'
Method 'SystemUInt64SystemNumericsBitOperationsRotateLeftSystemUInt64SystemInt32', ID = '9550'
Method 'SystemBooleanSystemReadOnlySpan1SystemCharop_EqualitySystemReadOnlySpan1SystemCharSystemReadOnlySpan1SystemChar', ID = '9551'
Method 'SystemInt32SystemGlobalizationCompareInfoCompareStringCoreSystemReadOnlySpan1SystemCharSystemReadOnlySpan1SystemCharSystemGlobalizationCompareOptions', ID = '9552'
Method 'SystemInt32SystemMemoryExtensionsSequenceCompareToSystemCharSystemReadOnlySpan1SystemCharSystemReadOnlySpan1SystemChar', ID = '9553'
Method 'SystemVoidSystemSZGenericArrayEnumerator1SystemUInt16arraycctor', ID = '9554'
Method 'SystemVoidSystemSZGenericArrayEnumerator1SystemUInt16arrayDispose', ID = '9555'
Method 'SystemBooleanSystemSZGenericArrayEnumerator1SystemUInt16arrayMoveNext', ID = '9556'
Method 'SystemBooleanSystemRuntimeCompilerServicesRuntimeHelpersIsBitwiseEquatableSystemUInt16array', ID = '9557'
Method 'SystemInt32InternalRuntimeCompilerServicesUnsafeSizeOfSystemUInt16array', ID = '9558'
Method 'SystemByteInternalRuntimeCompilerServicesUnsafeAsSystemUInt16arraySystemByteSystemUInt16array', ID = '9559'
Method 'SystemCharInternalRuntimeCompilerServicesUnsafeAsSystemUInt16arraySystemCharSystemUInt16array', ID = '9560'
Method 'SystemInt32InternalRuntimeCompilerServicesUnsafeAsSystemUInt16arraySystemInt32SystemUInt16array', ID = '9561'
Method 'SystemInt64InternalRuntimeCompilerServicesUnsafeAsSystemUInt16arraySystemInt64SystemUInt16array', ID = '9562'
Method 'SystemCollectionsGenericEqualityComparer1SystemUInt16arraySystemCollectionsGenericEqualityComparer1SystemUInt16arrayget_Default', ID = '9563'
Method 'SystemInt32SystemCollectionsGenericEqualityComparer1SystemUInt16arrayIndexOfSystemUInt16arrayarraySystemUInt16arraySystemInt32SystemInt32', ID = '9564'
Method 'SystemVoidCosmosIL2CPUSZArrayImpl1GetEnumeratord__0SystemUInt16arrayctorSystemInt32', ID = '9565'
Method 'SystemBooleanSystemNumericsVector1SystemSByteScalarEqualsSystemSByteSystemSByte', ID = '9567'
Method 'SystemBooleanCosmosSystem_PlugsSystemTextDecoderReplacementFallbackBufferImplFallbackSystemBytearraySystemInt32', ID = '9568'
Method 'SystemVoidSystemTextDecoderExceptionFallbackBufferThrowSystemBytearraySystemInt32', ID = '9569'
Method 'SystemBooleanSystemNumericsVector1SystemSByteScalarGreaterThanOrEqualSystemSByteSystemSByte', ID = '9570'
Method 'SystemVoidSystemCollectionsGenericEqualityComparer1SystemReflectionRuntimeMethodInfoarraycctor', ID = '9571'
Method 'SystemVoidCosmosIL2CPUSZArrayImpl1GetEnumeratord__0SystemReflectionParameterInfoSystemIDisposableDispose', ID = '9577'
Method 'SystemBooleanCosmosIL2CPUSZArrayImpl1GetEnumeratord__0SystemReflectionParameterInfoMoveNext', ID = '9578'
Method 'SystemBooleanCosmosCore_PlugsSystemRuntimeMethodHandleImplHasMethodInstantiationSystemObject', ID = '9579'
Method 'SystemIntPtrSystemRuntimeMethodHandleget_Value', ID = '9580'
Method 'SystemVoidSystemCollectionsGenericEqualityComparer1SystemReflectionRuntimeConstructorInfoarraycctor', ID = '9581'
Method 'SystemBooleanCosmosCoreCosmosRuntimeTypeIsByRefImpl', ID = '9583'
Method 'SystemBooleanSystemRuntimeTypeIsByRefImpl', ID = '9584'
Method 'SystemVoidSystemCollectionsGenericEqualityComparer1SystemReflectionRuntimeFieldInfoarraycctor', ID = '9585'
Method 'SystemBooleanCosmosCoreCosmosRuntimeTypeIsPrimitiveImpl', ID = '9587'
Method 'SystemBooleanSystemRuntimeTypeIsPrimitiveImpl', ID = '9588'
Method 'SystemTypeSystemTypeget_DeclaringType', ID = '9589'
Method 'SystemTypeSystemRuntimeTypeget_DeclaringType', ID = '9590'
Method 'SystemTypeSystemReflectionRuntimeMethodInfoget_DeclaringType', ID = '9591'
Method 'SystemTypeSystemReflectionRuntimeConstructorInfoget_DeclaringType', ID = '9592'
Method 'SystemTypeSystemReflectionRuntimeFieldInfoget_DeclaringType', ID = '9593'
Method 'SystemTypeSystemReflectionRuntimePropertyInfoget_DeclaringType', ID = '9594'
Method 'SystemTypeSystemReflectionRuntimeEventInfoget_DeclaringType', ID = '9595'
Method 'SystemStringSystemPrivateCoreLibSystemSRget_NotSupported_NYI', ID = '9596'
Method 'SystemVoidSystemCollectionsGenericEqualityComparer1SystemRuntimeTypearraycctor', ID = '9597'
Method 'SystemVoidSystemCollectionsGenericEqualityComparer1SystemReflectionRuntimePropertyInfoarraycctor', ID = '9599'
Method 'SystemVoidCosmosIL2CPUSZArrayImpl1GetEnumeratord__0SystemReflectionMethodInfoSystemIDisposableDispose', ID = '9605'
Method 'SystemBooleanCosmosIL2CPUSZArrayImpl1GetEnumeratord__0SystemReflectionMethodInfoMoveNext', ID = '9606'
Method 'SystemStringSystemPrivateCoreLibSystemSRget_Arg_MustBeNullTerminatedString', ID = '9607'
Method 'SystemByteSystemRuntimeInteropServicesMemoryMarshalGetNonNullPinnableReferenceSystemByteSystemReadOnlySpan1SystemByte', ID = '9608'
Method 'SystemVoidSystemCollectionsGenericEqualityComparer1SystemReflectionRuntimeEventInfoarraycctor', ID = '9609'
Method 'SystemReflectionParameterInfoarrayCosmosSystem_PlugsSystemReflectionRuntimeMethodInfoImplGetParameters', ID = '9611'
Method 'SystemVoidSystemSZGenericArrayEnumerator1CosmosSystemFileSystemFATFatFileSystemFatcctor', ID = '9612'
Method 'SystemVoidSystemSZGenericArrayEnumerator1CosmosSystemFileSystemFATFatFileSystemFatDispose', ID = '9613'
Method 'SystemBooleanSystemSZGenericArrayEnumerator1CosmosSystemFileSystemFATFatFileSystemFatMoveNext', ID = '9614'
Method 'SystemBooleanSystemRuntimeCompilerServicesRuntimeHelpersIsBitwiseEquatableCosmosSystemFileSystemFATFatFileSystemFat', ID = '9615'
Method 'SystemInt32InternalRuntimeCompilerServicesUnsafeSizeOfCosmosSystemFileSystemFATFatFileSystemFat', ID = '9616'
Method 'SystemByteInternalRuntimeCompilerServicesUnsafeAsCosmosSystemFileSystemFATFatFileSystemFatSystemByteCosmosSystemFileSystemFATFatFileSystemFat', ID = '9617'
Method 'SystemCharInternalRuntimeCompilerServicesUnsafeAsCosmosSystemFileSystemFATFatFileSystemFatSystemCharCosmosSystemFileSystemFATFatFileSystemFat', ID = '9618'
Method 'SystemInt32InternalRuntimeCompilerServicesUnsafeAsCosmosSystemFileSystemFATFatFileSystemFatSystemInt32CosmosSystemFileSystemFATFatFileSystemFat', ID = '9619'
Method 'SystemInt64InternalRuntimeCompilerServicesUnsafeAsCosmosSystemFileSystemFATFatFileSystemFatSystemInt64CosmosSystemFileSystemFATFatFileSystemFat', ID = '9620'
Method 'SystemCollectionsGenericEqualityComparer1CosmosSystemFileSystemFATFatFileSystemFatSystemCollectionsGenericEqualityComparer1CosmosSystemFileSystemFATFatFileSystemFatget_Default', ID = '9621'
Method 'SystemInt32SystemCollectionsGenericEqualityComparer1CosmosSystemFileSystemFATFatFileSystemFatIndexOfCosmosSystemFileSystemFATFatFileSystemFatarrayCosmosSystemFileSystem76911A01C4A9B62BCEAFCDDABB51B4F6', ID = '9622'
Method 'SystemVoidCosmosIL2CPUSZArrayImpl1GetEnumeratord__0CosmosSystemFileSystemFATFatFileSystemFatctorSystemInt32', ID = '9623'
Method 'SystemVoidCosmosSystemFileSystemFATFatStreamctorCosmosSystemFileSystemFATListingFatDirectoryEntry', ID = '9625'
Method 'SystemVoidSystemCollectionsGenericList1CosmosSystemFileSystemFATListingFatDirectoryEntrycctor', ID = '9626'
Method 'SystemVoidCosmosSystemFileSystemFATFatFileSystemReadSystemInt64SystemBytearray', ID = '9633'
Method 'SystemStringSystemStringTrimHelperSystemCharpointerSystemInt32SystemTextTrimType', ID = '9636'
Method 'SystemVoidSystemCollectionsGenericList1CosmosSystemFileSystemFATListingFatDirectoryEntryAddWithResizeCosmosSystemFileSystemFATListingFatDirectoryEntry', ID = '9637'
Method 'SystemVoidSystemCollectionsGenericList1CosmosSystemFileSystemListingDirectoryEntryGrowSystemInt32', ID = '9638'
Method 'SystemUInt32CosmosSystemFileSystemFATFatFileSystemget_BytesPerCluster', ID = '9639'
Method 'SystemVoidCosmosSystemFileSystemFATFatFileSystemFatGetFatEntrySystemUInt32SystemUInt32', ID = '9640'
Method 'SystemVoidSystemArrayResizeSystemUInt32SystemUInt32arraySystemInt32', ID = '9641'
Method 'SystemBooleanCosmosSystemFileSystemFATFatFileSystemFatFatEntryIsEofSystemUInt32', ID = '9642'
Method 'SystemUInt32CosmosSystemFileSystemFATFatFileSystemFatGetNextUnallocatedFatEntry', ID = '9643'
Method 'SystemVoidCosmosSystemFileSystemFATFatFileSystemWriteSystemInt64SystemBytearraySystemInt64SystemInt64', ID = '9644'
Method 'SystemUInt64CosmosSystemFileSystemFATFatFileSystemFatFatEntryEofValue', ID = '9645'
Method 'SystemUInt32CosmosSystemFileSystemFATFatFileSystemFatGetFatEntrySizeInBytes', ID = '9646'
Method 'SystemVoidCosmosSystemFileSystemFATFatFileSystemFatReadFatSectorSystemUInt64SystemBytearray', ID = '9647'
Method 'SystemVoidCosmosCommonExtensionsByteConverterSetUInt16SystemBytearraySystemUInt64SystemUInt16', ID = '9648'
Method 'SystemVoidCosmosCommonExtensionsByteConverterSetUInt32SystemBytearraySystemUInt64SystemUInt32', ID = '9649'
Method 'SystemVoidCosmosSystemFileSystemFATFatFileSystemFatWriteFatSectorSystemUInt64SystemBytearray', ID = '9650'
Method 'SystemVoidCosmosSystemFileSystemFATListingFatDirectoryEntryMetadatacctor', ID = '9651'
Method 'SystemVoidCosmosSystemFileSystemFATListingFatDirectoryEntryAllocateDirectoryEntrySystemStringSystemBoolean', ID = '9652'
Method 'SystemBytearrayCosmosSystemFileSystemISO9660ISO9660FileSystemReadFileCosmosSystemFileSystemISO9660ISO9660Directory', ID = '9653'
Method 'SystemVoidSystemCollectionsGenericList1CosmosSystemFileSystemISO9660ISO9660Directorycctor', ID = '9654'
Method 'SystemVoidSystemCollectionsGenericList1CosmosSystemFileSystemISO9660ISO9660DirectoryAddWithResizeCosmosSystemFileSystemISO9660ISO9660Directory', ID = '9662'
Method 'SystemStringCosmosSystem_PlugsSystemIOPathImplCombineNoChecksSystemStringSystemString', ID = '9663'
Method 'SystemVoidSystemThrowHelperThrowNotSupportedException_UnwritableStream', ID = '9665'
Method 'SystemVoidSystemIOMemoryStreamset_CapacitySystemInt32', ID = '9666'
Method 'SystemVoidCosmosCore_PlugsSystemArrayImplClearSystemUInt32pointerSystemUInt32SystemUInt32', ID = '9667'
Method 'SystemVoidSystemTextDecoderNLSctorSystemTextEncoding', ID = '9668'
Method 'SystemVoidSystemTextUnicodeEncodingDecoderctorSystemTextUnicodeEncoding', ID = '9669'
Method 'SystemVoidSystemTextDecoderctor', ID = '9671'
Method 'SystemStringSystemPrivateCoreLibSystemSRget_ArgumentOutOfRange_GetByteCountOverflow', ID = '9672'
Method 'SystemVoidSystemTextUnicodeEncodingctorSystemBooleanSystemBoolean', ID = '9673'
Method 'SystemInt32SystemTextEncodingget_CodePage', ID = '9675'
Method 'SystemInt32SystemTextEncodingGetByteCountSystemCharpointerSystemInt32SystemTextEncoderNLS', ID = '9676'
Method 'SystemInt32SystemTextEncodingGetBytesSystemCharpointerSystemInt32SystemBytepointerSystemInt32SystemTextEncoderNLS', ID = '9677'
Method 'SystemInt32SystemTextEncodingGetCharCountSystemBytepointerSystemInt32SystemTextDecoderNLS', ID = '9678'
Method 'SystemInt32SystemTextEncodingGetCharsSystemBytepointerSystemInt32SystemCharpointerSystemInt32SystemTextDecoderNLS', ID = '9679'
Method 'SystemStringSystemPrivateCoreLibSystemSRget_IO_EOF_ReadBeyondEOF', ID = '9680'
Method 'SystemVoidSystemIOEndOfStreamExceptionctorSystemString', ID = '9681'
Method 'SystemStringSystemPrivateCoreLibSystemSRget_ObjectDisposed_StreamClosed', ID = '9683'
Method 'SystemVoidSystemCollectionsGenericList1SystemBytecctor', ID = '9684'
Method 'SystemVoidSystemCollectionsGenericList1SystemByteGrowSystemInt32', ID = '9685'
Method 'SystemInt32SystemDateTimeGetDatePartSystemInt32', ID = '9686'
Method 'SystemUInt64SystemDateTimeget_UTicks', ID = '9687'
Method 'SystemBooleanSystemReflectionAssemblyop_EqualitySystemReflectionAssemblySystemReflectionAssembly', ID = '9691'
Method 'SystemBooleanSystemReflectionAssemblyIsRuntimeImplemented', ID = '9692'
Method 'SystemStringSystemPrivateCoreLibSystemSRget_Argument_MustBeRuntimeAssembly', ID = '9693'
Method 'SystemIntPtrSystemRuntimeInteropServicesNativeLibraryLoadLibraryByNameSystemStringSystemReflectionAssemblySystemNullable1SystemRuntimeInteropServicesDllImportSearchPathSystemBoolean', ID = '9694'
Method 'SystemVoidCosmosCore_PlugsSystemInternalEnvironmentImplFailFastSystemString', ID = '9695'
Method 'SystemVoidCosmosCore_PlugsInteropGlobalizationImplInitICUFunctionsSystemIntPtrSystemIntPtrSystemStringSystemString', ID = '9696'
Method 'SystemInt32CosmosCore_PlugsInteropBCryptImplBCryptGenRandomSystemIntPtrSystemBytepointerSystemInt32SystemInt32', ID = '9699'
Method 'SystemInt32SystemGlobalizationCompareInfoIcuCompareStringSystemReadOnlySpan1SystemCharSystemReadOnlySpan1SystemCharSystemGlobalizationCompareOptions', ID = '9700'
Method 'SystemInt32SystemGlobalizationCompareInfoNlsCompareStringSystemReadOnlySpan1SystemCharSystemReadOnlySpan1SystemCharSystemGlobalizationCompareOptions', ID = '9701'
Method 'SystemInt32SystemSpanHelpersSequenceCompareToSystemCharSystemCharSystemInt32SystemCharSystemInt32', ID = '9702'
Method 'SystemVoidCosmosIL2CPUSZArrayImpl1GetEnumeratord__0SystemUInt16arraySystemIDisposableDispose', ID = '9706'
Method 'SystemBooleanCosmosIL2CPUSZArrayImpl1GetEnumeratord__0SystemUInt16arrayMoveNext', ID = '9707'
Method 'SystemVoidSystemTextStringBuilderctorSystemInt32', ID = '9709'
Method 'SystemVoidSystemTextStringBuilderAppendInterpolatedStringHandlerctorSystemInt32SystemInt32SystemTextStringBuilder', ID = '9710'
Method 'SystemVoidSystemTextStringBuilderAppendInterpolatedStringHandlerAppendLiteralSystemString', ID = '9711'
Method 'SystemVoidSystemTextStringBuilderAppendInterpolatedStringHandlerAppendFormattedSystemByteSystemByteSystemString', ID = '9712'
Method 'SystemTextStringBuilderSystemTextStringBuilderAppendSystemTextStringBuilderAppendInterpolatedStringHandler', ID = '9713'
Method 'SystemStringSystemPrivateCoreLibSystemSRget_Argument_InvalidCodePageBytesIndex', ID = '9714'
Method 'SystemVoidSystemTextDecoderFallbackExceptionctorSystemStringSystemBytearraySystemInt32', ID = '9715'
Method 'SystemVoidSystemCollectionsGenericEqualityComparer1SystemReflectionParameterInfocctor', ID = '9716'
Method 'SystemIntPtrSystemRuntimeMethodHandleInternalget_Value', ID = '9719'
Method 'SystemBooleanSystemRuntimeTypeHandleIsByRefSystemRuntimeType', ID = '9720'
Method 'SystemBooleanSystemRuntimeTypeHandleIsPrimitiveSystemRuntimeType', ID = '9721'
Method 'SystemRuntimeTypeSystemRuntimeTypeRuntimeTypeCacheGetEnclosingType', ID = '9722'
Method 'SystemBooleanSystemRuntimeTypeRuntimeTypeCacheget_IsGlobal', ID = '9723'
Method 'SystemVoidSystemCollectionsGenericEqualityComparer1SystemReflectionMethodInfocctor', ID = '9724'
Method 'SystemByteInternalRuntimeCompilerServicesUnsafeAsRefSystemByteSystemVoidpointer', ID = '9726'
Method 'SystemVoidCosmosIL2CPUSZArrayImpl1GetEnumeratord__0CosmosSystemFileSystemFATFatFileSystemFatSystemIDisposableDispose', ID = '9731'
Method 'SystemBooleanCosmosIL2CPUSZArrayImpl1GetEnumeratord__0CosmosSystemFileSystemFATFatFileSystemFatMoveNext', ID = '9732'
Method 'CosmosSystemFileSystemFATFatFileSystemCosmosSystemFileSystemFATListingFatDirectoryEntryGetFileSystem', ID = '9734'
Method 'SystemCollectionsGenericIEnumerator1CosmosSystemFileSystemFATListingFatDirectoryEntrySystemSZArrayHelperGetEnumeratorCosmosSystemFileSystemFATListingFatDirectoryEntry', ID = '9735'
Method 'SystemVoidSystemSZArrayHelperCopyToCosmosSystemFileSystemFATListingFatDirectoryEntryCosmosSystemFileSystemFATListingFatDirectoryEntryarraySystemInt32', ID = '9736'
Method 'SystemInt32SystemSZArrayHelperget_CountCosmosSystemFileSystemFATListingFatDirectoryEntry', ID = '9737'
Method 'CosmosSystemFileSystemFATListingFatDirectoryEntrySystemSZArrayHelperget_ItemCosmosSystemFileSystemFATListingFatDirectoryEntrySystemInt32', ID = '9738'
Method 'SystemVoidSystemSZArrayHelperset_ItemCosmosSystemFileSystemFATListingFatDirectoryEntrySystemInt32CosmosSystemFileSystemFATListingFatDirectoryEntry', ID = '9739'
Method 'SystemVoidSystemSZArrayHelperAddCosmosSystemFileSystemFATListingFatDirectoryEntryCosmosSystemFileSystemFATListingFatDirectoryEntry', ID = '9740'
Method 'SystemBooleanSystemSZArrayHelperContainsCosmosSystemFileSystemFATListingFatDirectoryEntryCosmosSystemFileSystemFATListingFatDirectoryEntry', ID = '9741'
Method 'SystemBooleanSystemSZArrayHelperget_IsReadOnlyCosmosSystemFileSystemFATListingFatDirectoryEntry', ID = '9742'
Method 'SystemVoidSystemSZArrayHelperClearCosmosSystemFileSystemFATListingFatDirectoryEntry', ID = '9743'
Method 'SystemInt32SystemSZArrayHelperIndexOfCosmosSystemFileSystemFATListingFatDirectoryEntryCosmosSystemFileSystemFATListingFatDirectoryEntry', ID = '9744'
Method 'SystemVoidSystemSZArrayHelperInsertCosmosSystemFileSystemFATListingFatDirectoryEntrySystemInt32CosmosSystemFileSystemFATListingFatDirectoryEntry', ID = '9745'
Method 'SystemBooleanSystemSZArrayHelperRemoveCosmosSystemFileSystemFATListingFatDirectoryEntryCosmosSystemFileSystemFATListingFatDirectoryEntry', ID = '9746'
Method 'SystemVoidSystemSZArrayHelperRemoveAtCosmosSystemFileSystemFATListingFatDirectoryEntrySystemInt32', ID = '9747'
Method 'SystemBytearrayCosmosSystemFileSystemFATFatFileSystemNewBlockArray', ID = '9749'
Method 'SystemUInt32CosmosSystemFileSystemFATFatFileSystemget_DataSector', ID = '9750'
Method 'SystemVoidSystemCollectionsGenericList1CosmosSystemFileSystemFATListingFatDirectoryEntryGrowSystemInt32', ID = '9751'
Method 'SystemVoidSystemCollectionsGenericList1CosmosSystemFileSystemListingDirectoryEntryset_CapacitySystemInt32', ID = '9752'
Method 'SystemUInt32SystemRuntimeInteropServicesMemoryMarshalGetArrayDataReferenceSystemUInt32SystemUInt32array', ID = '9754'
Method 'SystemVoidCosmosSystemFileSystemFATListingFatDirectoryEntryMetadatactorSystemUInt32SystemUInt32', ID = '9757'
Method 'SystemStringCosmosSystemFileSystemFATListingFatDirectoryEntryGetShortNameSystemString', ID = '9770'
Method 'SystemVoidCosmosSystemFileSystemFATListingFatDirectoryEntrySetDirectoryEntryMetadataValueCosmosSystemFileSystemFATListingFatDirectoryEntryMetadataSystemString', ID = '9771'
Method 'SystemVoidCosmosSystemFileSystemFATListingFatDirectoryEntrySetDirectoryEntryMetadataValueCosmosSystemFileSystemFATListingFatDirectoryEntryMetadataSystemUInt16', ID = '9772'
Method 'SystemCollectionsGenericIEnumerator1CosmosSystemFileSystemISO9660ISO9660DirectorySystemSZArrayHelperGetEnumeratorCosmosSystemFileSystemISO9660ISO9660Directory', ID = '9773'
Method 'SystemVoidSystemSZArrayHelperCopyToCosmosSystemFileSystemISO9660ISO9660DirectoryCosmosSystemFileSystemISO9660ISO9660DirectoryarraySystemInt32', ID = '9774'
Method 'SystemInt32SystemSZArrayHelperget_CountCosmosSystemFileSystemISO9660ISO9660Directory', ID = '9775'
Method 'CosmosSystemFileSystemISO9660ISO9660DirectorySystemSZArrayHelperget_ItemCosmosSystemFileSystemISO9660ISO9660DirectorySystemInt32', ID = '9776'
Method 'SystemVoidSystemSZArrayHelperset_ItemCosmosSystemFileSystemISO9660ISO9660DirectorySystemInt32CosmosSystemFileSystemISO9660ISO9660Directory', ID = '9777'
Method 'SystemVoidSystemSZArrayHelperAddCosmosSystemFileSystemISO9660ISO9660DirectoryCosmosSystemFileSystemISO9660ISO9660Directory', ID = '9778'
Method 'SystemBooleanSystemSZArrayHelperContainsCosmosSystemFileSystemISO9660ISO9660DirectoryCosmosSystemFileSystemISO9660ISO9660Directory', ID = '9779'
Method 'SystemBooleanSystemSZArrayHelperget_IsReadOnlyCosmosSystemFileSystemISO9660ISO9660Directory', ID = '9780'
Method 'SystemVoidSystemSZArrayHelperClearCosmosSystemFileSystemISO9660ISO9660Directory', ID = '9781'
Method 'SystemInt32SystemSZArrayHelperIndexOfCosmosSystemFileSystemISO9660ISO9660DirectoryCosmosSystemFileSystemISO9660ISO9660Directory', ID = '9782'
Method 'SystemVoidSystemSZArrayHelperInsertCosmosSystemFileSystemISO9660ISO9660DirectorySystemInt32CosmosSystemFileSystemISO9660ISO9660Directory', ID = '9783'
Method 'SystemBooleanSystemSZArrayHelperRemoveCosmosSystemFileSystemISO9660ISO9660DirectoryCosmosSystemFileSystemISO9660ISO9660Directory', ID = '9784'
Method 'SystemVoidSystemSZArrayHelperRemoveAtCosmosSystemFileSystemISO9660ISO9660DirectorySystemInt32', ID = '9785'
Method 'SystemVoidSystemCollectionsGenericList1CosmosSystemFileSystemISO9660ISO9660DirectoryGrowSystemInt32', ID = '9787'
Method 'SystemBooleanCosmosSystem_PlugsSystemIOPathImplIsPathRootedSystemString', ID = '9788'
Method 'SystemBooleanSystemIOStreamNullStreamget_CanWrite', ID = '9789'
Method 'SystemBooleanSystemIOMemoryStreamget_CanWrite', ID = '9790'
Method 'SystemBooleanCosmosSystemFileSystemFATFatStreamget_CanWrite', ID = '9791'
Method 'SystemStringSystemPrivateCoreLibSystemSRget_NotSupported_UnwritableStream', ID = '9792'
Method 'SystemInt32SystemIOMemoryStreamget_Capacity', ID = '9794'
Method 'SystemStringSystemPrivateCoreLibSystemSRget_NotSupported_MemStreamNotExpandable', ID = '9795'
Method 'SystemVoidSystemTextDecoderReset', ID = '9796'
Method 'SystemInt32SystemTextUnicodeEncodingGetByteCountSystemCharpointerSystemInt32SystemTextEncoderNLS', ID = '9798'
Method 'SystemBooleanSystemTextEncoderNLSget_HasLeftoverData', ID = '9799'
Method 'SystemInt32SystemTextEncodingGetByteCountWithFallbackSystemCharpointerSystemInt32SystemInt32SystemTextEncoderNLS', ID = '9800'
Method 'SystemInt32SystemTextUnicodeEncodingGetBytesSystemCharpointerSystemInt32SystemBytepointerSystemInt32SystemTextEncoderNLS', ID = '9801'
Method 'SystemInt32SystemTextEncodingGetBytesWithFallbackSystemCharpointerSystemInt32SystemBytepointerSystemInt32SystemInt32SystemInt32SystemTextEncoderNLS', ID = '9802'
Method 'SystemInt32SystemTextUnicodeEncodingGetCharCountSystemBytepointerSystemInt32SystemTextDecoderNLS', ID = '9803'
Method 'SystemBooleanSystemTextDecoderNLSget_HasLeftoverData', ID = '9804'
Method 'SystemInt32SystemTextEncodingGetCharCountWithFallbackSystemBytepointerSystemInt32SystemInt32SystemTextDecoderNLS', ID = '9805'
Method 'SystemInt32SystemTextUnicodeEncodingGetCharsSystemBytepointerSystemInt32SystemCharpointerSystemInt32SystemTextDecoderNLS', ID = '9806'
Method 'SystemInt32SystemTextEncodingGetCharsWithFallbackSystemBytepointerSystemInt32SystemCharpointerSystemInt32SystemInt32SystemInt32SystemTextDecoderNLS', ID = '9807'
Method 'SystemStringSystemObjectDisposedExceptionget_Message', ID = '9809'
Method 'SystemVoidSystemCollectionsGenericList1SystemByteset_CapacitySystemInt32', ID = '9810'
Method 'SystemStringSystemNullable1SystemRuntimeInteropServicesDllImportSearchPathToString', ID = '9811'
Method 'SystemBooleanSystemNullable1SystemRuntimeInteropServicesDllImportSearchPathEqualsSystemObject', ID = '9812'
Method 'SystemInt32SystemNullable1SystemRuntimeInteropServicesDllImportSearchPathGetHashCode', ID = '9813'
Method 'SystemBooleanSystemNullable1SystemRuntimeInteropServicesDllImportSearchPathget_HasValue', ID = '9814'
Method 'SystemRuntimeInteropServicesDllImportSearchPathSystemNullable1SystemRuntimeInteropServicesDllImportSearchPathGetValueOrDefault', ID = '9815'
Method 'SystemVoidSystemCollectionsGenericEqualityComparer1SystemUInt16arraycctor', ID = '9821'
Method 'SystemVoidSystemTextStringBuilderctorSystemInt32SystemInt32', ID = '9823'
Method 'SystemVoidSystemTextStringBuilderAppendInterpolatedStringHandlerAppendCustomFormatterSystemByteSystemByteSystemString', ID = '9825'
Method 'SystemVoidSystemTextStringBuilderFormatError', ID = '9826'
Method 'SystemVoidSystemTextStringBuilderAppendInterpolatedStringHandlerAppendFormattedWithTempSpaceSystemByteSystemByteSystemInt32SystemString', ID = '9827'
Method 'SystemRuntimeMethodHandleInternalSystemReflectionRuntimeMethodInfoSystemIRuntimeMethodInfoget_Value', ID = '9830'
Method 'SystemRuntimeMethodHandleInternalSystemReflectionRuntimeConstructorInfoSystemIRuntimeMethodInfoget_Value', ID = '9831'
Method 'SystemBooleanSystemRuntimeCompilerServicesRuntimeHelpersIsPrimitiveTypeSystemReflectionCorElementType', ID = '9832'
Method 'SystemRuntimeTypeSystemRuntimeTypeRuntimeTypeCacheGetRuntimeType', ID = '9833'
Method 'SystemVoidSystemCollectionsGenericEqualityComparer1CosmosSystemFileSystemFATFatFileSystemFatcctor', ID = '9835'
Method 'SystemVoidCosmosSystemFileSystemFATFatStreamWriteSystemBytearraySystemInt32SystemInt32', ID = '9838'
Method 'SystemVoidCosmosSystemFileSystemFATFatStreamset_PositionSystemInt64', ID = '9839'
Method 'SystemInt32CosmosSystemFileSystemFATFatStreamReadSystemBytearraySystemInt32SystemInt32', ID = '9840'
Method 'SystemInt64CosmosSystemFileSystemFATFatStreamget_Position', ID = '9841'
Method 'SystemBooleanCosmosSystemFileSystemFATFatStreamget_CanRead', ID = '9842'
Method 'CosmosSystemFileSystemFATListingFatDirectoryEntryarrayInternalRuntimeCompilerServicesUnsafeAsCosmosSystemFileSystemFATListingFatDirectoryEntryarraySystemObject', ID = '9844'
Method 'SystemVoidSystemSZGenericArrayEnumerator1CosmosSystemFileSystemFATListingFatDirectoryEntryctorCosmosSystemFileSystemFATListingFatDirectoryEntryarray', ID = '9845'
Method 'SystemInt32SystemArrayIndexOfCosmosSystemFileSystemFATListingFatDirectoryEntryCosmosSystemFileSystemFATListingFatDirectoryEntryarrayCosmosSystemFileSystemFATListingFatDA8150451A05DDD63F6A5B1125AA94ECD', ID = '9848'
Method 'SystemCollectionsGenericIEnumerator1CosmosSystemFileSystemFATListingFatDirectoryEntryCosmosIL2CPUSZArrayImpl1CosmosSystemFileSystemFATListingFatDirectoryEntryGetEnumerator', ID = '9849'
Method 'SystemVoidCosmosIL2CPUSZArrayImpl1CosmosSystemFileSystemFATListingFatDirectoryEntryCopyToCosmosSystemFileSystemFATListingFatDirectoryEntryarraySystemInt32', ID = '9850'
Method 'SystemInt32CosmosIL2CPUSZArrayImpl1CosmosSystemFileSystemFATListingFatDirectoryEntryget_Count', ID = '9851'
Method 'CosmosSystemFileSystemFATListingFatDirectoryEntryCosmosIL2CPUSZArrayImpl1CosmosSystemFileSystemFATListingFatDirectoryEntryget_ItemSystemInt32', ID = '9852'
Method 'SystemVoidCosmosIL2CPUSZArrayImpl1CosmosSystemFileSystemFATListingFatDirectoryEntryset_ItemSystemInt32CosmosSystemFileSystemFATListingFatDirectoryEntry', ID = '9853'
Method 'SystemVoidCosmosIL2CPUSZArrayImpl1CosmosSystemFileSystemFATListingFatDirectoryEntryAddCosmosSystemFileSystemFATListingFatDirectoryEntry', ID = '9854'
Method 'SystemBooleanCosmosIL2CPUSZArrayImpl1CosmosSystemFileSystemFATListingFatDirectoryEntryContainsCosmosSystemFileSystemFATListingFatDirectoryEntry', ID = '9855'
Method 'SystemBooleanCosmosIL2CPUSZArrayImpl1CosmosSystemFileSystemFATListingFatDirectoryEntryget_IsReadOnly', ID = '9856'
Method 'SystemVoidCosmosIL2CPUSZArrayImpl1CosmosSystemFileSystemFATListingFatDirectoryEntryClear', ID = '9857'
Method 'SystemInt32CosmosIL2CPUSZArrayImpl1CosmosSystemFileSystemFATListingFatDirectoryEntryIndexOfCosmosSystemFileSystemFATListingFatDirectoryEntry', ID = '9858'
Method 'SystemVoidCosmosIL2CPUSZArrayImpl1CosmosSystemFileSystemFATListingFatDirectoryEntryInsertSystemInt32CosmosSystemFileSystemFATListingFatDirectoryEntry', ID = '9859'
Method 'SystemVoidCosmosIL2CPUSZArrayImpl1CosmosSystemFileSystemFATListingFatDirectoryEntryRemoveAtSystemInt32', ID = '9860'
Method 'SystemBooleanCosmosIL2CPUSZArrayImpl1CosmosSystemFileSystemFATListingFatDirectoryEntryget_IsFixedSize', ID = '9861'
Method 'SystemVoidCosmosIL2CPUSZArrayImpl1CosmosSystemFileSystemFATListingFatDirectoryEntryRemoveCosmosSystemFileSystemFATListingFatDirectoryEntry', ID = '9862'
Method 'SystemObjectCosmosIL2CPUSZArrayImpl1CosmosSystemFileSystemFATListingFatDirectoryEntryget_SyncRoot', ID = '9863'
Method 'SystemBooleanCosmosIL2CPUSZArrayImpl1CosmosSystemFileSystemFATListingFatDirectoryEntryget_IsSynchronized', ID = '9864'
Method 'SystemVoidSystemCollectionsGenericList1CosmosSystemFileSystemFATListingFatDirectoryEntryset_CapacitySystemInt32', ID = '9865'
Method 'SystemVoidCosmosHALBlockDevicePartitionWriteBlockSystemUInt64SystemUInt64SystemBytearray', ID = '9866'
Method 'SystemVoidCosmosHALBlockDeviceATA_PIOWriteBlockSystemUInt64SystemUInt64SystemBytearray', ID = '9867'
Method 'SystemVoidCosmosHALBlockDeviceATAPIWriteBlockSystemUInt64SystemUInt64SystemBytearray', ID = '9868'
Method 'SystemVoidCosmosHALBlockDevicePortsSATAWriteBlockSystemUInt64SystemUInt64SystemBytearray', ID = '9869'
Method 'CosmosSystemFileSystemISO9660ISO9660DirectoryarrayInternalRuntimeCompilerServicesUnsafeAsCosmosSystemFileSystemISO9660ISO9660DirectoryarraySystemObject', ID = '9870'
Method 'SystemVoidSystemSZGenericArrayEnumerator1CosmosSystemFileSystemISO9660ISO9660DirectoryctorCosmosSystemFileSystemISO9660ISO9660Directoryarray', ID = '9871'
Method 'SystemInt32SystemArrayIndexOfCosmosSystemFileSystemISO9660ISO9660DirectoryCosmosSystemFileSystemISO9660ISO9660DirectoryarrayCosmosSystemFileSystemISO9660ISO9660DirectorySystemInt32SystemInt32', ID = '9874'
Method 'SystemCollectionsGenericIEnumerator1CosmosSystemFileSystemISO9660ISO9660DirectoryCosmosIL2CPUSZArrayImpl1CosmosSystemFileSystemISO9660ISO9660DirectoryGetEnumerator', ID = '9875'
Method 'SystemVoidCosmosIL2CPUSZArrayImpl1CosmosSystemFileSystemISO9660ISO9660DirectoryCopyToCosmosSystemFileSystemISO9660ISO9660DirectoryarraySystemInt32', ID = '9876'
Method 'SystemInt32CosmosIL2CPUSZArrayImpl1CosmosSystemFileSystemISO9660ISO9660Directoryget_Count', ID = '9877'
Method 'CosmosSystemFileSystemISO9660ISO9660DirectoryCosmosIL2CPUSZArrayImpl1CosmosSystemFileSystemISO9660ISO9660Directoryget_ItemSystemInt32', ID = '9878'
Method 'SystemVoidCosmosIL2CPUSZArrayImpl1CosmosSystemFileSystemISO9660ISO9660Directoryset_ItemSystemInt32CosmosSystemFileSystemISO9660ISO9660Directory', ID = '9879'
Method 'SystemVoidCosmosIL2CPUSZArrayImpl1CosmosSystemFileSystemISO9660ISO9660DirectoryAddCosmosSystemFileSystemISO9660ISO9660Directory', ID = '9880'
Method 'SystemBooleanCosmosIL2CPUSZArrayImpl1CosmosSystemFileSystemISO9660ISO9660DirectoryContainsCosmosSystemFileSystemISO9660ISO9660Directory', ID = '9881'
Method 'SystemBooleanCosmosIL2CPUSZArrayImpl1CosmosSystemFileSystemISO9660ISO9660Directoryget_IsReadOnly', ID = '9882'
Method 'SystemVoidCosmosIL2CPUSZArrayImpl1CosmosSystemFileSystemISO9660ISO9660DirectoryClear', ID = '9883'
Method 'SystemInt32CosmosIL2CPUSZArrayImpl1CosmosSystemFileSystemISO9660ISO9660DirectoryIndexOfCosmosSystemFileSystemISO9660ISO9660Directory', ID = '9884'
Method 'SystemVoidCosmosIL2CPUSZArrayImpl1CosmosSystemFileSystemISO9660ISO9660DirectoryInsertSystemInt32CosmosSystemFileSystemISO9660ISO9660Directory', ID = '9885'
Method 'SystemVoidCosmosIL2CPUSZArrayImpl1CosmosSystemFileSystemISO9660ISO9660DirectoryRemoveAtSystemInt32', ID = '9886'
Method 'SystemBooleanCosmosIL2CPUSZArrayImpl1CosmosSystemFileSystemISO9660ISO9660Directoryget_IsFixedSize', ID = '9887'
Method 'SystemVoidCosmosIL2CPUSZArrayImpl1CosmosSystemFileSystemISO9660ISO9660DirectoryRemoveCosmosSystemFileSystemISO9660ISO9660Directory', ID = '9888'
Method 'SystemObjectCosmosIL2CPUSZArrayImpl1CosmosSystemFileSystemISO9660ISO9660Directoryget_SyncRoot', ID = '9889'
Method 'SystemBooleanCosmosIL2CPUSZArrayImpl1CosmosSystemFileSystemISO9660ISO9660Directoryget_IsSynchronized', ID = '9890'
Method 'SystemVoidSystemCollectionsGenericList1CosmosSystemFileSystemISO9660ISO9660Directoryset_CapacitySystemInt32', ID = '9891'
Method 'SystemInt64SystemIOStreamNullStreamget_Length', ID = '9892'
Method 'SystemInt64SystemIOMemoryStreamget_Length', ID = '9893'
Method 'SystemInt64CosmosSystemFileSystemFATFatStreamget_Length', ID = '9894'
Method 'SystemVoidSystemTextDecoderNLSReset', ID = '9895'
Method 'SystemVoidSystemTextUnicodeEncodingDecoderReset', ID = '9896'
Method 'SystemInt32SystemTextDecoderGetCharCountSystemBytearraySystemInt32SystemInt32SystemBoolean', ID = '9897'
Method 'SystemInt32SystemTextDecoderGetCharsSystemBytearraySystemInt32SystemInt32SystemChararraySystemInt32SystemBoolean', ID = '9898'
Method 'SystemStringSystemPrivateCoreLibSystemSRget_Argument_EncoderFallbackNotEmpty', ID = '9899'
Method 'SystemVoidSystemTextEncoderFallbackBufferInternalInitializeSystemCharpointerSystemCharpointerSystemTextEncoderNLSSystemBoolean', ID = '9900'
Method 'SystemBooleanSystemTextEncoderFallbackBufferInternalFallbackSystemCharSystemCharpointer', ID = '9901'
Method 'SystemCharSystemTextEncoderFallbackBufferInternalGetNextChar', ID = '9902'
Method 'SystemInt32SystemTextEncoderNLSDrainLeftoverDataForGetByteCountSystemReadOnlySpan1SystemCharSystemInt32', ID = '9903'
Method 'SystemVoidInternalRuntimeCompilerServicesUnsafeWriteUnalignedSystemUInt64SystemVoidpointerSystemUInt64', ID = '9904'
Method 'SystemBooleanSystemTextEncoderNLSTryDrainLeftoverDataForGetBytesSystemReadOnlySpan1SystemCharSystemSpan1SystemByteSystemInt32SystemInt32', ID = '9905'
Method 'SystemVoidSystemTextDecoderFallbackBufferInternalInitializeSystemBytepointerSystemCharpointer', ID = '9906'
Method 'SystemInt32SystemTextDecoderFallbackBufferInternalFallbackSystemBytearraySystemBytepointer', ID = '9907'
Method 'SystemInt32SystemTextDecoderNLSDrainLeftoverDataForGetCharCountSystemReadOnlySpan1SystemByteSystemInt32', ID = '9908'
Method 'SystemBooleanSystemTextDecoderFallbackBufferInternalFallbackSystemBytearraySystemBytepointerSystemCharpointer', ID = '9909'
Method 'SystemInt32SystemTextDecoderNLSDrainLeftoverDataForGetCharsSystemReadOnlySpan1SystemByteSystemSpan1SystemCharSystemInt32', ID = '9910'
Method 'SystemStringSystemObjectDisposedExceptionget_ObjectName', ID = '9911'
Method 'SystemStringSystemPrivateCoreLibSystemSRget_ObjectDisposed_ObjectName_Name', ID = '9912'
Method 'SystemIntPtrCosmosCore_PlugsSystemRuntimeInteropServicesNativeLibraryImplLoadByNameSystemStringSystemObjectSystemBooleanSystemUInt32SystemBoolean', ID = '9913'
Method 'SystemInt32CosmosCore_PlugsInteropGlobalizationImplCompareStringSystemIntPtrSystemCharpointerSystemInt32SystemCharpointerSystemInt32SystemObject', ID = '9914'
Method 'SystemInt32CosmosCore_PlugsInteropKernel32ImplCompareStringExSystemCharpointerSystemUInt32SystemCharpointerSystemInt32SystemCharpointerSystemInt32SystemObjectSystemObjectSystemIntPtr', ID = '9915'
Method 'SystemStringSystemPrivateCoreLibSystemSRget_ArgumentOutOfRange_Capacity', ID = '9916'
Method 'SystemStringSystemPrivateCoreLibSystemSRget_ArgumentOutOfRange_SmallMaxCapacity', ID = '9917'
Method 'SystemStringSystemPrivateCoreLibSystemSRget_Format_InvalidString', ID = '9918'
Method 'SystemVoidSystemRuntimeCompilerServicesDefaultInterpolatedStringHandlerAppendFormattedSystemByteSystemByteSystemString', ID = '9919'
Method 'SystemVoidSystemTextStringBuilderAppendInterpolatedStringHandlerAppendFormattedSystemReadOnlySpan1SystemCharSystemInt32SystemString', ID = '9920'
Method 'SystemVoidSystemRuntimeMethodHandleInternalctorSystemIntPtr', ID = '9921'
Method 'SystemObjectCosmosCore_PlugsSystemRuntimeTypeHandleImplGetDeclaringTypeSystemObject', ID = '9922'
Method 'SystemStringSystemNullable1SystemInt64ToString', ID = '9923'
Method 'SystemBooleanSystemNullable1SystemInt64EqualsSystemObject', ID = '9924'
Method 'SystemInt32SystemNullable1SystemInt64GetHashCode', ID = '9925'
Method 'SystemVoidSystemNullable1SystemInt32ctorSystemInt32', ID = '9928'
Method 'SystemInt32SystemNullable1SystemInt32GetValueOrDefault', ID = '9929'
Method 'SystemBooleanSystemNullable1SystemInt32get_HasValue', ID = '9930'
Method 'SystemVoidSystemSZGenericArrayEnumerator1CosmosSystemFileSystemFATListingFatDirectoryEntrycctor', ID = '9931'
Method 'SystemVoidSystemSZGenericArrayEnumerator1CosmosSystemFileSystemFATListingFatDirectoryEntryDispose', ID = '9932'
Method 'SystemBooleanSystemSZGenericArrayEnumerator1CosmosSystemFileSystemFATListingFatDirectoryEntryMoveNext', ID = '9933'
Method 'SystemBooleanSystemRuntimeCompilerServicesRuntimeHelpersIsBitwiseEquatableCosmosSystemFileSystemFATListingFatDirectoryEntry', ID = '9934'
Method 'SystemInt32InternalRuntimeCompilerServicesUnsafeSizeOfCosmosSystemFileSystemFATListingFatDirectoryEntry', ID = '9935'
Method 'SystemByteInternalRuntimeCompilerServicesUnsafeAsCosmosSystemFileSystemFATListingFatDirectoryEntrySystemByteCosmosSystemFileSystemFATListingFatDirectoryEntry', ID = '9936'
Method 'SystemCharInternalRuntimeCompilerServicesUnsafeAsCosmosSystemFileSystemFATListingFatDirectoryEntrySystemCharCosmosSystemFileSystemFATListingFatDirectoryEntry', ID = '9937'
Method 'SystemInt32InternalRuntimeCompilerServicesUnsafeAsCosmosSystemFileSystemFATListingFatDirectoryEntrySystemInt32CosmosSystemFileSystemFATListingFatDirectoryEntry', ID = '9938'
Method 'SystemInt64InternalRuntimeCompilerServicesUnsafeAsCosmosSystemFileSystemFATListingFatDirectoryEntrySystemInt64CosmosSystemFileSystemFATListingFatDirectoryEntry', ID = '9939'
Method 'SystemCollectionsGenericEqualityComparer1CosmosSystemFileSystemFATListingFatDirectoryEntrySystemCollectionsGenericEqualityComparer1CosmosSystemFileSystemFATListingFatDirectoryEntryget_Default', ID = '9940'
Method 'SystemInt32SystemCollectionsGenericEqualityComparer1CosmosSystemFileSystemFATListingFatDirectoryEntryIndexOfCosmosSystemFileSystemFATListingFatDirectoryEntryarrayCosmosE1AFAE64A854B02B50E4559B1FB511DF', ID = '9941'
Method 'SystemVoidCosmosIL2CPUSZArrayImpl1GetEnumeratord__0CosmosSystemFileSystemFATListingFatDirectoryEntryctorSystemInt32', ID = '9942'
Method 'SystemVoidCosmosCoreMemoryBlockWrite8SystemBytearray', ID = '9944'
Method 'SystemVoidCosmosHALBlockDevicePortsSATASendSATACommandCosmosHALBlockDeviceRegistersATACommands', ID = '9945'
Method 'SystemVoidSystemSZGenericArrayEnumerator1CosmosSystemFileSystemISO9660ISO9660Directorycctor', ID = '9946'
Method 'SystemVoidSystemSZGenericArrayEnumerator1CosmosSystemFileSystemISO9660ISO9660DirectoryDispose', ID = '9947'
Method 'SystemBooleanSystemSZGenericArrayEnumerator1CosmosSystemFileSystemISO9660ISO9660DirectoryMoveNext', ID = '9948'
Method 'SystemBooleanSystemRuntimeCompilerServicesRuntimeHelpersIsBitwiseEquatableCosmosSystemFileSystemISO9660ISO9660Directory', ID = '9949'
Method 'SystemInt32InternalRuntimeCompilerServicesUnsafeSizeOfCosmosSystemFileSystemISO9660ISO9660Directory', ID = '9950'
Method 'SystemByteInternalRuntimeCompilerServicesUnsafeAsCosmosSystemFileSystemISO9660ISO9660DirectorySystemByteCosmosSystemFileSystemISO9660ISO9660Directory', ID = '9951'
Method 'SystemCharInternalRuntimeCompilerServicesUnsafeAsCosmosSystemFileSystemISO9660ISO9660DirectorySystemCharCosmosSystemFileSystemISO9660ISO9660Directory', ID = '9952'
Method 'SystemInt32InternalRuntimeCompilerServicesUnsafeAsCosmosSystemFileSystemISO9660ISO9660DirectorySystemInt32CosmosSystemFileSystemISO9660ISO9660Directory', ID = '9953'
Method 'SystemInt64InternalRuntimeCompilerServicesUnsafeAsCosmosSystemFileSystemISO9660ISO9660DirectorySystemInt64CosmosSystemFileSystemISO9660ISO9660Directory', ID = '9954'
Method 'SystemCollectionsGenericEqualityComparer1CosmosSystemFileSystemISO9660ISO9660DirectorySystemCollectionsGenericEqualityComparer1CosmosSystemFileSystemISO9660ISO9660Directoryget_Default', ID = '9955'
Method 'SystemInt32SystemCollectionsGenericEqualityComparer1CosmosSystemFileSystemISO9660ISO9660DirectoryIndexOfCosmosSystemFileSystemISO9660ISO9660DirectoryarrayCosmosSystemFi83DBE349EE90F3BCF7DC31906E4D7E63', ID = '9956'
Method 'SystemVoidCosmosIL2CPUSZArrayImpl1GetEnumeratord__0CosmosSystemFileSystemISO9660ISO9660DirectoryctorSystemInt32', ID = '9957'
Method 'SystemVoidSystemTextDecoderNLSClearLeftoverData', ID = '9959'
Method 'SystemInt32SystemTextDecoderNLSGetCharCountSystemBytearraySystemInt32SystemInt32SystemBoolean', ID = '9960'
Method 'SystemInt32SystemTextEncodingDefaultDecoderGetCharCountSystemBytearraySystemInt32SystemInt32SystemBoolean', ID = '9961'
Method 'SystemInt32SystemTextDecoderNLSGetCharsSystemBytearraySystemInt32SystemInt32SystemChararraySystemInt32SystemBoolean', ID = '9963'
Method 'SystemInt32SystemTextEncodingDefaultDecoderGetCharsSystemBytearraySystemInt32SystemInt32SystemChararraySystemInt32SystemBoolean', ID = '9964'
Method 'SystemTextEncodingSystemTextEncoderNLSget_Encoding', ID = '9966'
Method 'SystemInt32SystemTextDecoderReplacementFallbackBufferInternalFallbackSystemBytearraySystemBytepointer', ID = '9967'
Method 'SystemReadOnlySpan1SystemByteSystemTextDecoderNLSGetLeftoverData', ID = '9968'
Method 'SystemInt32SystemTextDecoderNLSConcatIntoSystemReadOnlySpan1SystemByteSystemReadOnlySpan1SystemByteSystemSpan1SystemByte', ID = '9969'
Method 'SystemSpan1SystemByteSystemSpan1SystemByteSliceSystemInt32SystemInt32', ID = '9970'
Method 'SystemVoidSystemRuntimeCompilerServicesDefaultInterpolatedStringHandlerAppendCustomFormatterSystemByteSystemByteSystemString', ID = '9972'
Method 'SystemTextStringBuilderSystemTextStringBuilderAppendSystemReadOnlySpan1SystemChar', ID = '9973'
Method 'SystemVoidSystemIOStreamNullStreamSetLengthSystemInt64', ID = '9974'
Method 'SystemVoidSystemIOMemoryStreamSetLengthSystemInt64', ID = '9975'
Method 'SystemVoidCosmosSystemFileSystemFATFatStreamSetLengthSystemInt64', ID = '9976'
Method 'SystemStringSystemNullable1SystemInt32ToString', ID = '9977'
Method 'SystemBooleanSystemNullable1SystemInt32EqualsSystemObject', ID = '9978'
Method 'SystemInt32SystemNullable1SystemInt32GetHashCode', ID = '9979'
Method 'SystemVoidCosmosIL2CPUSZArrayImpl1GetEnumeratord__0CosmosSystemFileSystemFATListingFatDirectoryEntrySystemIDisposableDispose', ID = '9984'
Method 'SystemBooleanCosmosIL2CPUSZArrayImpl1GetEnumeratord__0CosmosSystemFileSystemFATListingFatDirectoryEntryMoveNext', ID = '9985'
Method 'SystemVoidCosmosIL2CPUSZArrayImpl1GetEnumeratord__0CosmosSystemFileSystemISO9660ISO9660DirectorySystemIDisposableDispose', ID = '9990'
Method 'SystemBooleanCosmosIL2CPUSZArrayImpl1GetEnumeratord__0CosmosSystemFileSystemISO9660ISO9660DirectoryMoveNext', ID = '9991'
Method 'SystemInt32SystemTextDecoderGetCharCountSystemBytepointerSystemInt32SystemBoolean', ID = '9992'
Method 'SystemInt32SystemTextDecoderNLSGetCharCountSystemBytearraySystemInt32SystemInt32', ID = '9993'
Method 'SystemInt32SystemTextEncodingDefaultDecoderGetCharCountSystemBytearraySystemInt32SystemInt32', ID = '9994'
Method 'SystemInt32SystemTextDecoderGetCharsSystemBytepointerSystemInt32SystemCharpointerSystemInt32SystemBoolean', ID = '9995'
Method 'SystemInt32SystemTextDecoderNLSGetCharsSystemBytearraySystemInt32SystemInt32SystemChararraySystemInt32', ID = '9996'
Method 'SystemInt32SystemTextEncodingDefaultDecoderGetCharsSystemBytearraySystemInt32SystemInt32SystemChararraySystemInt32', ID = '9997'
Method 'SystemReadOnlySpan1SystemByteSystemRuntimeInteropServicesMemoryMarshalAsBytesSystemInt32SystemReadOnlySpan1SystemInt32', ID = '9998'
Method 'SystemVoidSystemCollectionsGenericEqualityComparer1CosmosSystemFileSystemFATListingFatDirectoryEntrycctor', ID = '10000'
Method 'SystemVoidSystemCollectionsGenericEqualityComparer1CosmosSystemFileSystemISO9660ISO9660Directorycctor', ID = '10002'
Method 'SystemInt32SystemTextDecoderNLSGetCharCountSystemBytepointerSystemInt32SystemBoolean', ID = '10004'
Method 'SystemInt32SystemTextEncodingDefaultDecoderGetCharCountSystemBytepointerSystemInt32SystemBoolean', ID = '10005'
Method 'SystemInt32SystemTextDecoderNLSGetCharsSystemBytepointerSystemInt32SystemCharpointerSystemInt32SystemBoolean', ID = '10006'
Method 'SystemInt32SystemTextEncodingDefaultDecoderGetCharsSystemBytepointerSystemInt32SystemCharpointerSystemInt32SystemBoolean', ID = '10007'
Method 'SystemInt32SystemRuntimeInteropServicesMemoryMarshalGetReferenceSystemInt32SystemReadOnlySpan1SystemInt32', ID = '10008'
Method 'SystemVoidCosmosSystemFileSystemFATListingFatDirectoryEntrySetSizeSystemInt64', ID = '10009'
Method 'SystemVoidCosmosSystemFileSystemISO9660ISO9660DirectoryEntrySetSizeSystemInt64', ID = '10010'
Method 'SystemVoidCosmosSystemFileSystemFATListingFatDirectoryEntrySetDirectoryEntryMetadataValueCosmosSystemFileSystemFATListingFatDirectoryEntryMetadataSystemInt64', ID = '10011'
nalRuntimeCompilerServicesUnsafeAsCosmosSystemFileSystemISO9660ISO9660DirectorySystemByteCosmosSystemFileSystemISO9660ISO9660Directory', ID = '10045'
Method 'SystemCharInternalRuntimeCompilerServicesUnsafeAsCosmosSystemFileSystemISO9660ISO9660DirectorySystemCharCosmosSystemFileSystemISO9660ISO9660Directory', ID = '10046'
Method 'SystemInt32InternalRuntimeCompilerServicesUnsafeAsCosmosSystemFileSystemISO9660ISO9660DirectorySystemInt32CosmosSystemFileSystemISO9660ISO9660Directory', ID = '10047'
Method 'SystemInt64InternalRuntimeCompilerServicesUnsafeAsCosmosSystemFileSystemISO9660ISO9660DirectorySystemInt64CosmosSystemFileSystemISO9660ISO9660Directory', ID = '10048'
Method 'SystemCollectionsGenericEqualityComparer1CosmosSystemFileSystemISO9660ISO9660DirectorySystemCollectionsGenericEqualityComparer1CosmosSystemFileSystemISO9660ISO9660Directoryget_Default', ID = '10049'
Method 'SystemInt32SystemCollectionsGenericEqualityComparer1CosmosSystemFileSystemISO9660ISO9660DirectoryIndexOfCosmosSystemFileSystemISO9660ISO9660DirectoryarrayCosmosSystemFi83DBE349EE90F3BCF7DC31906E4D7E63', ID = '10050'
Method 'SystemVoidCosmosIL2CPUSZArrayImpl1GetEnumeratord__0CosmosSystemFileSystemISO9660ISO9660DirectoryctorSystemInt32', ID = '10051'
Method 'SystemVoidSystemTextDecoderNLSClearLeftoverData', ID = '10053'
Method 'SystemInt32SystemTextDecoderNLSGetCharCountSystemBytearraySystemInt32SystemInt32SystemBoolean', ID = '10054'
Method 'SystemInt32SystemTextEncodingDefaultDecoderGetCharCountSystemBytearraySystemInt32SystemInt32SystemBoolean', ID = '10055'
Method 'SystemInt32SystemTextDecoderNLSGetCharsSystemBytearraySystemInt32SystemInt32SystemChararraySystemInt32SystemBoolean', ID = '10057'
Method 'SystemInt32SystemTextEncodingDefaultDecoderGetCharsSystemBytearraySystemInt32SystemInt32SystemChararraySystemInt32SystemBoolean', ID = '10058'
Method 'SystemTextEncodingSystemTextEncoderNLSget_Encoding', ID = '10060'
Method 'SystemInt32SystemTextDecoderReplacementFallbackBufferInternalFallbackSystemBytearraySystemBytepointer', ID = '10061'
Method 'SystemReadOnlySpan1SystemByteSystemTextDecoderNLSGetLeftoverData', ID = '10062'
Method 'SystemInt32SystemTextDecoderNLSConcatIntoSystemReadOnlySpan1SystemByteSystemReadOnlySpan1SystemByteSystemSpan1SystemByte', ID = '10063'
Method 'SystemVoidCosmosCore_PlugsSystemBuffersArrayPoolImpl1CosmosArrayPoolSystemInt32ReturnSystemInt32arraySystemBoolean', ID = '10064'
Method 'SystemInt32arrayCosmosCore_PlugsSystemBuffersArrayPoolImpl1CosmosArrayPoolSystemInt32RentSystemInt32', ID = '10065'
Method 'SystemStringSystemNullable1SystemInt32ToString', ID = '10067'
Method 'SystemBooleanSystemNullable1SystemInt32EqualsSystemObject', ID = '10068'
Method 'SystemInt32SystemNullable1SystemInt32GetHashCode', ID = '10069'
Method 'SystemVoidCosmosSystemFileSystemFATListingFatDirectoryEntrySetSizeSystemInt64', ID = '10070'
Method 'SystemVoidCosmosSystemFileSystemISO9660ISO9660DirectoryEntrySetSizeSystemInt64', ID = '10071'
Method 'SystemVoidCosmosIL2CPUSZArrayImpl1GetEnumeratord__0CosmosSystemFileSystemFATListingFatDirectoryEntrySystemIDisposableDispose', ID = '10076'
Method 'SystemBooleanCosmosIL2CPUSZArrayImpl1GetEnumeratord__0CosmosSystemFileSystemFATListingFatDirectoryEntryMoveNext', ID = '10077'
Method 'SystemVoidCosmosIL2CPUSZArrayImpl1GetEnumeratord__0CosmosSystemFileSystemISO9660ISO9660DirectorySystemIDisposableDispose', ID = '10082'
Method 'SystemBooleanCosmosIL2CPUSZArrayImpl1GetEnumeratord__0CosmosSystemFileSystemISO9660ISO9660DirectoryMoveNext', ID = '10083'
Method 'SystemInt32SystemTextDecoderGetCharCountSystemBytepointerSystemInt32SystemBoolean', ID = '10084'
Method 'SystemInt32SystemTextDecoderNLSGetCharCountSystemBytearraySystemInt32SystemInt32', ID = '10085'
Method 'SystemInt32SystemTextEncodingDefaultDecoderGetCharCountSystemBytearraySystemInt32SystemInt32', ID = '10086'
Method 'SystemInt32SystemTextDecoderGetCharsSystemBytepointerSystemInt32SystemCharpointerSystemInt32SystemBoolean', ID = '10087'
Method 'SystemInt32SystemTextDecoderNLSGetCharsSystemBytearraySystemInt32SystemInt32SystemChararraySystemInt32', ID = '10088'
Method 'SystemInt32SystemTextEncodingDefaultDecoderGetCharsSystemBytearraySystemInt32SystemInt32SystemChararraySystemInt32', ID = '10089'
Method 'SystemReadOnlySpan1SystemByteSystemRuntimeInteropServicesMemoryMarshalAsBytesSystemInt32SystemReadOnlySpan1SystemInt32', ID = '10090'
Method 'SystemVoidCosmosSystemFileSystemFATListingFatDirectoryEntrySetDirectoryEntryMetadataValueCosmosSystemFileSystemFATListingFatDirectoryEntryMetadataSystemInt64', ID = '10091'
Method 'SystemVoidSystemCollectionsGenericEqualityComparer1CosmosSystemFileSystemFATListingFatDirectoryEntrycctor', ID = '10092'
Method 'SystemVoidSystemCollectionsGenericEqualityComparer1CosmosSystemFileSystemISO9660ISO9660Directorycctor', ID = '10094'
Method 'SystemInt32SystemTextDecoderNLSGetCharCountSystemBytepointerSystemInt32SystemBoolean', ID = '10096'
Method 'SystemInt32SystemTextEncodingDefaultDecoderGetCharCountSystemBytepointerSystemInt32SystemBoolean', ID = '10097'
Method 'SystemInt32SystemTextDecoderNLSGetCharsSystemBytepointerSystemInt32SystemCharpointerSystemInt32SystemBoolean', ID = '10098'
Method 'SystemInt32SystemTextEncodingDefaultDecoderGetCharsSystemBytepointerSystemInt32SystemCharpointerSystemInt32SystemBoolean', ID = '10099'
Method 'SystemInt32SystemRuntimeInteropServicesMemoryMarshalGetReferenceSystemInt32SystemReadOnlySpan1SystemInt32', ID = '10100'
